HTML,CSS,JavaScript,Node.js,React.js,Angular,Vue.js,Python,SQL,MongoDB,Java,C++,C#,PHP,Ruby,Swift,Kotlin,Go,TypeScript,Express.js,Django,Flask,Spring,.NET,Docker,Kubernetes,AWS,Azure,GCP,GraphQL,RESTful APIs,Machine Learning,Data Analysis,UI/UX Design,Testing,Agile,DevOps,Security,Database Admin,Mobile Dev (Android),Mobile Dev (iOS),Game Dev,Embedded Systems,Blockchain,PowerBI,Tableau,Git,Selenium,Communication,Leadership,Teamwork,ProblemSolving,TimeManagement,CriticalThinking,Adaptability,Creativity,AttentionToDetail,Presentation,Negotiation,ConflictResolution,Empathy,DecisionMaking,StressManagement,Experience,YearsOfCoding,NumberOfProjects,GitHubContributions,StackOverflowReputation,Education,Certification,PreferredRole,SalaryExpectation
2,5,4,1,5,5,4,3,5,5,0,2,0,2,2,3,4,0,5,2,0,5,1,0,2,2,2,5,1,4,0,2,3,3,3,0,2,4,5,3,2,4,1,3,0,5,0,1,3,3,4,3,5,5,3,3,4,4,5,4,3,3,5,12.2,14,37,700,2054,Bachelor's,1,Frontend Developer,149376
5,0,4,5,2,5,5,3,4,4,3,3,5,5,1,1,3,4,1,5,0,0,2,5,1,5,1,0,3,4,3,5,0,0,3,4,4,1,5,1,3,1,3,0,0,0,3,3,5,3,3,4,4,4,3,5,5,3,5,5,5,5,3,5.2,4,33,609,1069,Master's,0,Security Engineer,83143
1,3,4,1,5,0,1,0,5,3,1,2,4,3,0,5,5,0,3,4,3,0,3,3,3,5,2,0,1,0,5,2,1,5,1,4,5,1,2,2,3,1,0,0,1,1,4,1,5,5,3,3,4,3,3,5,3,3,4,3,3,3,5,4.5,2,32,372,861,Master's,0,Software Engineer,73940
2,5,3,4,3,5,4,4,1,4,0,4,4,5,2,0,3,0,3,3,2,1,2,1,4,2,0,5,5,5,3,0,0,1,5,0,0,5,5,4,3,2,5,1,5,4,3,4,3,4,4,4,3,3,4,3,3,3,5,5,3,4,3,4.3,2,20,398,1053,PhD,0,Backend Developer,95144
5,2,3,3,5,2,3,5,3,2,5,0,5,2,5,3,5,3,3,3,5,0,3,4,2,4,2,1,3,5,4,1,2,5,5,5,3,3,1,2,4,3,0,1,2,2,1,1,4,4,4,4,3,4,3,3,3,5,4,4,5,3,4,2.1,5,21,560,634,Bachelor's,0,Software Engineer,70601
2,1,0,3,1,0,4,5,4,0,2,3,3,4,2,5,3,3,2,3,5,2,0,2,5,3,2,4,4,5,5,4,0,1,0,0,5,4,4,5,1,1,4,5,5,3,3,2,4,5,5,4,3,4,5,3,3,4,3,3,5,4,5,8.9,7,30,626,1373,High School,0,Data Analyst,93374
5,3,1,4,5,4,4,3,1,2,5,4,2,2,4,2,1,2,0,5,3,0,1,0,1,1,4,5,4,0,5,2,3,5,5,5,5,0,0,4,4,1,0,4,5,5,1,5,4,3,4,3,5,3,5,3,3,5,4,5,5,5,5,6.4,8,26,721,1708,Master's,0,Mobile Developer,116545
1,1,1,1,0,1,1,1,2,1,1,5,3,3,3,2,0,5,2,1,4,5,4,0,2,0,4,3,1,4,5,3,3,4,0,3,4,2,5,2,0,0,1,5,4,3,1,3,4,5,3,5,4,4,4,4,4,4,5,5,4,5,3,4.1,4,29,637,868,PhD,0,Data Scientist,94729
3,1,5,4,1,0,5,1,3,3,3,3,0,1,5,0,3,5,1,1,0,2,4,4,5,0,3,1,0,1,2,1,2,4,5,2,5,0,5,4,1,4,1,2,0,0,5,0,5,4,3,3,3,5,4,3,5,3,5,4,4,4,3,5.7,4,26,601,569,High School,1,Security Engineer,73719
0,2,2,0,2,0,0,5,1,4,0,2,5,3,3,4,4,1,3,1,5,4,0,1,2,4,4,0,2,5,2,2,1,1,1,0,1,4,2,5,5,5,5,0,5,5,4,3,5,3,4,5,5,3,5,3,4,4,3,3,3,3,3,5.0,4,25,277,1106,Master's,0,Mobile Developer,74490
4,1,1,0,2,2,4,0,5,5,0,3,2,2,0,4,3,1,5,1,5,0,0,3,4,2,2,5,2,3,4,3,5,5,4,0,3,2,2,3,4,2,1,2,3,3,0,3,5,5,4,5,3,4,3,4,3,4,4,4,4,5,5,5.8,0,28,3,576,PhD,0,Backend Developer,96447
3,1,5,0,0,3,1,1,4,2,4,1,1,1,2,5,2,0,2,1,1,0,3,0,2,3,1,4,1,3,3,5,2,3,1,5,0,0,0,3,2,1,4,2,3,5,4,2,5,5,3,3,3,4,3,5,5,5,5,4,5,5,4,5.0,5,17,551,1284,Associate's,1,Data Scientist,91223
4,0,0,5,4,4,0,3,5,5,5,0,4,3,0,5,2,4,3,1,5,0,4,4,2,4,5,1,2,1,3,1,5,1,2,0,1,4,5,1,5,1,0,5,5,2,2,1,4,3,5,4,3,4,5,4,5,3,4,4,3,4,4,7.3,9,25,871,1298,Master's,0,DevOps Engineer,116279
4,1,2,0,0,2,0,4,1,4,3,4,1,4,1,1,0,3,1,1,4,2,0,3,2,1,0,3,4,2,1,0,0,4,2,2,4,3,5,5,3,2,5,1,4,5,4,3,4,4,3,4,5,4,4,3,4,3,3,5,3,3,4,6.8,8,36,564,888,Bachelor's,1,DevOps Engineer,125262
5,2,0,4,4,2,1,0,4,4,4,1,1,4,4,2,2,1,1,3,3,0,0,3,3,3,4,5,4,1,0,3,2,5,2,2,2,4,4,0,4,3,3,2,2,4,0,1,4,5,3,3,4,5,5,3,4,4,3,5,4,4,5,4.4,5,19,678,1309,Bachelor's,0,Mobile Developer,96682
4,4,2,4,3,5,3,4,3,5,0,2,3,3,5,0,3,3,0,0,4,4,4,4,5,4,0,5,4,2,0,3,2,0,2,5,5,4,2,1,4,0,0,5,0,1,1,4,5,3,5,3,5,5,3,5,5,5,3,4,4,4,5,4.0,5,22,687,548,High School,0,Full-Stack Developer,104625
2,0,1,4,1,2,3,5,0,1,5,4,5,1,3,2,1,5,2,3,5,4,0,1,4,1,4,1,4,3,0,0,4,4,4,5,1,5,2,2,1,3,1,4,5,3,3,5,4,5,4,4,5,4,5,5,4,3,3,3,5,5,4,6.6,6,26,380,1261,Master's,0,Security Engineer,86173
5,2,4,5,0,4,3,0,4,1,3,2,4,2,3,1,2,3,0,4,2,0,1,5,5,5,1,5,5,4,1,0,5,2,0,0,1,5,3,2,4,2,3,5,2,2,2,0,4,4,3,3,4,3,5,5,4,3,3,4,5,3,3,-0.9,3,13,527,509,PhD,1,Full-Stack Developer,56838
3,3,3,1,5,4,5,1,0,5,5,1,0,0,1,4,1,0,1,5,4,3,3,2,4,4,4,1,0,5,5,3,4,3,5,3,3,0,2,4,1,5,0,0,1,1,0,2,4,3,5,5,4,3,4,5,4,3,3,5,5,5,5,1.5,0,13,226,873,Associate's,0,Software Engineer,50000
5,5,3,2,4,5,0,5,3,1,5,5,4,4,4,3,4,2,4,3,2,1,2,3,1,4,3,3,3,4,2,5,1,2,1,5,5,1,3,5,2,2,4,0,4,2,2,2,4,5,4,3,4,3,4,3,5,5,4,3,3,4,4,2.8,2,14,488,1068,Associate's,0,Software Engineer,50000
5,4,1,2,0,0,0,0,2,2,4,4,4,4,0,1,4,0,4,3,0,5,5,0,1,0,1,5,5,2,5,5,5,0,1,3,3,1,5,1,1,3,4,2,5,1,5,1,4,3,3,5,4,5,5,4,4,3,4,3,4,4,4,8.6,11,39,951,1246,Bachelor's,0,DevOps Engineer,127131
1,1,4,0,5,4,0,2,4,2,3,5,5,5,2,3,0,2,4,0,5,1,0,4,2,3,5,2,1,1,3,4,4,5,1,2,3,4,2,1,3,1,0,2,1,5,0,3,5,3,5,4,3,3,3,5,4,4,5,3,3,5,3,6.0,8,24,784,1560,High School,0,Full-Stack Developer,109094
0,3,1,4,0,2,1,2,4,1,3,1,5,3,2,5,2,5,4,4,1,0,5,3,1,3,1,4,4,5,5,5,3,1,3,2,0,3,5,1,1,2,2,5,5,0,2,1,4,3,5,3,4,5,3,3,3,4,5,3,3,3,3,6.0,6,29,646,743,High School,1,Full-Stack Developer,84429
4,1,1,4,0,2,2,0,4,0,4,2,4,1,1,4,5,1,1,4,2,4,2,2,4,2,5,1,5,2,3,3,0,3,2,5,5,0,3,5,3,2,4,1,3,2,2,0,4,5,3,5,5,5,3,5,4,4,4,5,5,4,4,7.2,10,21,936,1209,High School,0,Backend Developer,100422
1,3,2,3,1,1,3,4,1,0,4,3,5,0,0,1,2,0,2,0,1,3,5,3,2,3,1,3,0,4,4,1,3,3,4,2,4,1,0,1,5,5,5,1,2,4,0,4,4,5,5,5,5,5,4,4,3,4,3,4,4,3,5,6.9,4,33,327,1379,High School,0,Backend Developer,120094
5,2,2,4,1,5,5,5,2,4,0,4,0,3,2,1,4,1,1,4,0,2,4,5,5,3,0,5,0,1,5,3,1,4,5,0,2,1,3,4,1,1,4,3,1,5,0,4,3,4,4,4,4,4,3,5,4,4,4,4,3,3,4,6.6,5,21,552,1258,Master's,0,Machine Learning Engineer,135746
3,1,4,5,4,0,4,3,0,4,1,1,3,2,4,2,2,5,1,1,2,5,0,4,5,1,5,0,1,4,3,0,2,0,3,5,2,3,5,1,2,4,2,1,3,0,4,0,5,5,5,4,4,3,3,4,3,5,4,3,5,3,3,7.7,11,23,1037,1614,PhD,0,Mobile Developer,84619
1,5,4,2,4,4,0,4,2,1,4,4,2,4,3,5,0,2,1,2,5,2,4,0,0,5,4,3,2,1,1,5,5,3,5,5,4,2,2,1,1,3,0,0,4,1,1,4,4,3,3,3,3,3,5,5,3,4,3,5,5,3,3,1.0,2,7,123,593,PhD,1,Security Engineer,50000
4,5,2,5,3,1,0,2,1,2,5,0,5,3,3,0,0,0,4,2,1,2,1,1,1,4,3,4,3,4,1,2,1,1,4,5,1,2,4,5,5,0,3,1,2,5,1,1,3,3,4,5,3,5,3,3,4,5,4,4,3,4,4,0.4,1,10,52,392,Associate's,1,Software Engineer,78354
4,1,4,2,0,3,0,2,4,5,4,1,2,2,5,4,5,3,2,5,4,3,3,4,3,5,2,5,0,5,4,2,2,1,4,0,5,1,2,3,5,0,5,4,2,0,1,4,4,4,3,5,3,5,4,3,4,5,3,4,5,4,3,1.8,1,12,242,633,PhD,0,Data Scientist,94034
5,2,2,2,3,5,1,1,5,1,3,0,4,0,3,5,4,4,5,4,5,1,2,4,5,0,5,3,5,0,2,4,2,5,0,2,2,3,1,1,1,3,1,4,4,0,3,4,5,3,3,3,5,5,4,5,5,3,4,4,3,5,4,3.6,2,13,282,230,Master's,1,Data Analyst,81276
0,2,5,3,0,4,1,3,2,0,1,2,5,4,1,4,5,0,1,1,2,3,1,1,1,0,3,5,2,1,3,3,0,0,0,1,3,4,1,5,0,3,1,4,3,2,5,5,5,4,4,4,3,4,4,4,3,4,5,4,3,5,5,3.2,0,13,379,406,PhD,1,Data Analyst,57820
3,2,5,2,2,3,5,0,2,2,0,3,2,0,3,4,0,0,0,1,1,5,5,5,5,5,5,5,5,0,0,2,5,0,2,2,0,5,3,5,1,4,0,4,4,0,5,3,5,5,3,3,4,3,5,3,5,5,5,5,5,3,5,3.4,1,27,547,487,PhD,0,Software Engineer,72692
5,5,1,4,4,1,0,4,2,0,2,5,3,4,0,4,4,3,3,0,2,4,2,5,1,5,4,4,4,2,2,1,4,5,1,0,1,0,2,1,3,3,2,3,4,1,1,3,5,3,5,5,4,4,4,3,3,3,3,3,5,3,4,4.1,5,15,425,1442,Bachelor's,0,DevOps Engineer,83163
0,3,1,2,2,1,3,3,2,0,5,0,4,1,0,3,0,5,0,1,1,2,2,5,0,4,3,5,4,3,5,5,1,0,2,1,1,2,0,4,2,0,0,4,1,1,5,0,3,3,3,4,4,3,4,3,4,3,5,5,3,3,4,8.6,7,31,831,870,Bachelor's,0,Data Scientist,93272
3,3,0,0,4,4,2,1,4,1,5,4,1,3,1,0,3,0,4,2,5,3,2,5,0,4,4,0,5,1,4,1,0,5,5,5,4,3,5,2,5,2,5,5,3,5,0,5,4,4,3,4,3,5,3,5,4,5,3,4,5,4,3,3.4,3,22,611,899,PhD,0,Security Engineer,88926
1,1,4,4,4,4,4,0,2,1,3,2,1,3,1,4,0,2,3,3,4,5,0,5,1,2,5,0,2,3,5,1,5,4,4,5,0,1,2,0,1,4,1,2,4,3,0,5,3,5,4,4,5,4,3,3,5,4,4,4,4,5,5,8.7,9,30,468,1738,High School,0,Software Engineer,129058
5,0,0,3,4,1,4,1,2,4,3,1,5,2,3,5,3,0,5,3,1,3,5,0,4,5,3,3,4,3,5,1,1,1,4,2,0,3,2,5,0,2,0,0,0,1,3,2,3,5,3,3,3,5,3,3,3,4,5,3,4,5,3,6.4,5,22,744,1298,Bachelor's,0,Security Engineer,94991
0,5,4,1,1,4,5,3,1,5,3,3,2,4,3,4,4,3,3,4,1,4,1,0,1,3,5,0,1,2,5,1,5,3,1,5,1,0,5,3,4,5,3,4,3,4,2,1,5,3,4,5,4,3,4,5,5,4,5,3,5,5,5,4.7,4,28,532,749,Associate's,1,Data Analyst,93576
4,4,3,3,5,1,3,5,3,5,1,3,0,5,3,0,0,1,1,4,5,5,5,4,2,3,5,4,4,3,1,3,3,1,4,0,3,3,0,4,2,4,0,5,1,0,4,1,5,3,5,3,5,3,4,4,3,4,3,4,5,3,3,8.7,12,27,995,1428,High School,0,Backend Developer,114211
5,0,3,0,5,3,1,0,4,5,1,3,4,3,5,0,0,2,3,4,2,5,0,2,0,0,3,3,2,5,1,5,1,0,5,4,0,5,1,1,0,5,3,3,2,4,3,2,3,3,3,5,5,3,4,3,5,3,3,4,3,3,5,5.3,5,25,746,1241,PhD,1,Backend Developer,102943
3,4,1,0,2,3,3,4,2,5,1,0,5,1,5,0,0,4,0,0,1,3,1,0,2,1,0,2,1,3,2,3,3,0,5,5,0,2,3,1,0,4,3,3,4,1,2,4,4,4,4,3,3,4,5,3,3,3,5,5,4,3,5,7.1,6,21,553,936,Master's,1,Backend Developer,109020
3,2,5,0,5,4,3,5,4,4,1,2,5,2,3,4,3,2,0,4,3,4,5,1,4,3,3,1,5,3,5,5,4,0,4,1,5,1,0,2,0,4,1,1,4,3,0,2,4,5,3,5,5,5,5,4,4,3,3,3,3,3,4,-2.9,0,-1,484,854,Bachelor's,0,Full-Stack Developer,50000
1,2,3,2,1,5,0,4,4,2,2,1,2,4,0,2,3,0,1,5,4,2,3,4,1,4,2,1,0,1,3,1,1,5,1,3,5,0,0,3,3,1,4,4,4,3,4,1,5,5,4,4,5,3,4,3,4,3,5,3,5,3,5,12.0,10,41,930,1428,Associate's,0,Data Scientist,141989
1,4,5,4,1,0,3,2,2,2,5,5,1,4,3,4,5,2,4,2,3,2,2,3,3,0,0,0,4,0,2,3,4,3,0,5,4,5,1,0,2,3,5,1,3,3,1,3,5,5,5,4,5,3,4,3,3,3,4,4,5,4,4,0.6,0,12,359,836,Bachelor's,0,Backend Developer,91145
3,2,5,3,5,5,5,3,4,4,5,2,0,1,3,4,3,3,5,4,2,3,3,1,0,5,0,1,3,5,5,5,1,5,5,1,2,0,5,1,3,5,0,5,0,3,2,0,3,3,3,4,4,5,3,3,4,4,4,3,5,4,5,7.7,9,24,483,1757,Bachelor's,1,Backend Developer,98704
0,5,0,1,1,4,1,0,4,1,5,5,4,5,0,5,4,5,1,4,5,4,0,5,5,3,4,2,2,1,4,1,2,2,5,5,3,1,2,3,4,4,2,3,2,3,4,3,3,5,3,5,5,4,5,4,5,5,4,3,3,4,4,6.1,5,18,453,944,PhD,0,Frontend Developer,118453
0,1,5,4,3,2,1,5,1,1,4,4,1,3,2,0,3,1,4,5,4,2,1,0,5,2,3,4,3,0,4,5,0,1,2,3,4,5,4,0,4,2,3,1,4,5,0,4,5,4,3,5,4,4,4,4,3,3,5,3,4,5,5,2.1,0,25,383,946,Master's,0,Security Engineer,50000
5,5,2,4,4,2,0,3,1,5,2,5,1,5,3,3,2,2,5,3,5,4,5,3,2,3,5,4,0,5,0,2,1,3,4,0,1,1,1,0,4,3,3,3,4,5,4,2,5,3,3,4,5,3,5,3,5,5,4,3,3,5,4,1.7,0,13,452,522,PhD,1,Data Scientist,86626
1,2,0,1,4,5,0,0,4,4,5,0,4,3,5,3,1,1,0,3,1,1,2,0,5,2,5,0,3,4,0,2,5,4,1,5,4,5,4,5,4,4,2,4,2,4,3,2,3,4,4,3,4,3,4,3,5,5,4,5,5,4,5,6.6,6,33,400,1195,PhD,1,Frontend Developer,117242
4,2,1,2,5,5,2,1,3,5,1,4,5,3,1,2,5,3,0,2,0,1,2,5,5,5,3,2,1,0,3,4,1,1,0,4,0,1,0,5,5,0,3,3,4,0,3,3,3,3,3,4,5,4,5,4,3,5,4,5,4,4,5,6.5,8,26,402,1644,Bachelor's,1,Software Engineer,70273
2,0,2,5,5,1,2,2,3,4,0,4,2,3,2,4,1,0,3,5,5,5,5,4,0,3,1,1,2,4,0,5,3,5,4,4,4,2,4,1,0,1,0,3,5,3,4,1,5,5,5,5,5,5,5,3,4,4,4,5,3,3,3,5.8,2,31,411,1052,Associate's,0,Frontend Developer,98527
4,2,3,5,4,2,0,0,1,3,0,2,2,3,5,4,1,4,0,2,0,1,1,2,2,5,3,5,4,5,4,2,3,1,5,3,4,4,3,3,3,5,1,1,1,0,0,4,4,5,3,3,5,4,5,3,3,3,3,3,3,4,3,5.7,2,33,226,229,Bachelor's,0,Machine Learning Engineer,150322
3,5,4,4,3,5,2,1,3,5,3,0,5,2,5,2,0,4,2,2,1,4,4,5,2,5,0,2,1,1,2,0,5,2,2,0,4,4,4,0,4,1,5,1,0,2,3,0,5,4,5,3,5,5,4,5,4,3,5,3,5,5,4,2.2,0,17,90,475,PhD,0,Software Engineer,71630
4,3,1,1,0,5,5,1,4,2,2,2,5,1,1,2,2,1,2,0,1,1,3,1,1,2,1,4,2,0,3,3,2,0,2,2,1,4,4,2,4,1,2,5,3,1,1,0,3,5,4,3,5,3,5,4,3,3,5,3,5,3,3,-1.1,0,1,10,638,Bachelor's,0,Security Engineer,55582
5,2,1,1,0,4,3,4,5,2,5,5,4,2,1,0,2,5,4,3,5,0,2,0,2,3,3,3,3,4,5,4,1,5,3,0,2,0,1,0,5,1,0,0,1,5,2,0,4,4,5,5,4,4,3,3,4,5,4,3,3,4,4,10.7,10,49,794,1505,PhD,0,Software Engineer,97483
3,4,0,4,1,3,0,4,1,4,4,4,4,1,0,2,3,0,3,1,0,4,4,0,2,2,3,1,3,0,1,0,5,3,0,2,3,0,0,1,5,1,1,5,4,4,1,1,4,4,3,5,4,5,3,4,3,5,3,5,5,5,3,5.3,5,18,315,656,Master's,0,Data Scientist,124641
2,3,1,3,3,3,2,0,3,1,4,2,4,1,4,2,3,4,4,5,4,2,1,5,2,3,2,0,0,2,2,3,4,3,2,1,5,0,3,0,3,1,0,4,0,4,1,3,5,3,3,5,4,3,5,4,5,4,3,5,3,4,4,4.1,0,22,91,708,Bachelor's,0,Data Scientist,104198
5,0,0,2,1,4,3,1,5,2,3,4,2,0,0,0,1,0,3,0,3,0,2,3,0,5,2,3,0,5,5,3,0,4,0,3,4,5,5,2,1,1,0,1,3,0,5,2,4,3,5,3,4,5,5,5,4,5,3,4,5,4,3,7.9,7,25,717,1042,Master's,0,Security Engineer,82597
0,0,3,4,3,1,1,3,4,1,2,5,1,4,4,5,2,0,5,5,0,5,4,3,4,1,2,4,5,2,2,1,1,2,1,5,3,3,3,4,5,5,5,2,0,4,1,4,3,5,5,3,3,5,3,3,4,5,4,5,4,4,4,4.9,5,31,377,581,Master's,1,Software Engineer,89422
2,1,3,2,3,0,1,3,0,1,5,2,4,3,5,1,2,5,0,4,4,2,1,4,4,3,1,5,3,4,2,2,3,3,5,3,2,5,5,3,1,1,0,1,1,3,5,5,4,4,3,3,5,3,3,5,4,3,4,3,4,4,3,1.7,1,19,383,607,High School,0,Machine Learning Engineer,74049
3,0,5,1,5,5,4,5,3,1,3,3,2,0,4,1,5,5,1,1,2,3,0,2,1,1,0,2,1,5,5,0,4,0,1,3,5,1,0,3,4,3,5,1,0,0,3,2,3,4,4,4,5,3,4,4,5,5,4,5,5,5,5,0.1,0,6,86,897,Master's,1,DevOps Engineer,60877
4,4,1,5,5,2,3,0,3,2,1,1,1,3,0,0,3,4,2,5,3,2,1,2,0,2,1,5,1,3,2,1,5,0,3,1,3,2,5,4,4,1,3,2,2,0,1,1,5,3,3,4,4,3,5,4,4,5,4,4,3,4,4,8.1,11,32,915,1785,Bachelor's,0,Data Scientist,126274
1,0,4,5,2,5,5,0,1,4,4,2,5,0,0,1,4,3,4,1,0,3,0,2,3,0,0,2,3,1,1,2,1,3,2,4,5,2,4,3,0,4,0,4,1,2,0,4,4,5,3,4,4,5,5,5,3,5,4,4,3,3,4,6.6,5,31,642,1147,Bachelor's,0,Frontend Developer,87475
1,1,5,5,1,0,0,2,4,1,4,4,3,5,1,0,3,3,2,2,1,4,2,2,0,0,5,2,4,0,4,3,1,0,1,3,1,0,0,1,4,0,1,2,0,1,0,5,5,5,3,5,5,3,4,5,4,5,4,4,4,4,4,4.4,4,20,250,1331,Bachelor's,0,DevOps Engineer,92687
1,3,2,0,2,1,4,3,0,3,3,0,5,4,5,0,1,2,0,3,2,4,5,3,0,2,5,1,4,5,4,1,5,2,5,3,2,4,0,3,3,2,5,0,0,4,5,3,4,3,3,4,5,3,3,4,3,4,4,4,5,5,3,1.3,1,8,480,290,Master's,0,Software Engineer,95159
2,5,0,5,2,5,2,0,1,2,4,5,4,5,4,2,1,1,4,0,3,3,2,4,5,3,3,4,0,1,0,0,0,0,1,1,2,1,4,1,2,4,4,4,2,2,3,1,4,4,3,4,3,3,3,5,5,3,4,5,4,5,5,6.9,10,37,746,1790,High School,0,Frontend Developer,93422
2,0,1,3,4,4,5,1,0,1,4,4,0,2,3,5,5,0,0,4,0,0,4,3,0,3,4,1,0,4,1,4,0,0,2,3,3,0,5,3,4,3,4,0,0,4,3,1,3,3,5,4,5,3,4,4,4,4,5,4,3,3,4,-0.8,0,-2,0,192,Associate's,0,Frontend Developer,91233
5,4,1,2,3,3,1,4,0,3,0,5,3,1,5,4,4,4,5,2,5,0,3,0,3,3,4,4,4,1,0,2,1,2,4,3,2,1,3,0,2,3,3,0,3,5,2,2,3,4,5,5,4,3,3,4,5,3,5,3,4,5,5,4.2,3,15,238,1058,Associate's,0,Machine Learning Engineer,117059
0,0,3,1,0,4,3,4,0,5,4,5,3,5,0,3,0,4,0,2,4,5,2,1,3,0,5,0,3,0,0,4,1,0,5,0,2,2,4,5,2,3,3,0,4,2,4,0,4,4,4,4,5,3,5,4,5,3,3,5,5,3,4,9.1,6,27,381,978,Master's,0,Frontend Developer,99913
1,5,0,1,5,3,3,5,1,3,4,5,1,5,1,5,3,5,4,3,4,2,0,2,5,3,1,1,3,3,1,2,2,5,1,0,5,4,5,3,5,0,2,3,5,5,4,4,5,4,3,5,5,4,4,5,4,4,5,5,4,3,4,2.3,6,8,512,1189,PhD,0,Data Analyst,88824
4,3,0,2,0,3,2,3,4,3,4,4,5,5,5,3,2,2,0,0,2,5,3,4,5,5,1,3,0,3,4,2,5,4,3,2,1,4,1,2,1,3,1,3,3,5,1,3,5,3,3,5,5,4,4,4,5,4,4,4,3,4,3,5.5,4,33,433,1341,Bachelor's,0,Data Scientist,113767
2,0,0,1,2,0,5,4,1,4,0,1,3,3,4,3,4,4,3,0,5,0,5,4,4,4,1,5,2,3,1,4,2,0,5,1,2,3,2,5,2,4,1,5,4,5,4,4,5,5,5,4,4,5,3,3,3,5,4,4,5,5,3,4.0,7,28,355,928,Bachelor's,0,Data Analyst,66383
4,1,2,3,2,1,4,3,3,5,3,3,1,1,3,4,3,4,2,3,2,3,1,1,2,4,3,0,0,3,5,4,2,2,4,5,0,5,2,5,0,2,0,2,0,5,2,1,3,5,3,3,5,5,5,3,5,4,5,4,5,5,4,6.2,5,24,715,1092,Associate's,0,DevOps Engineer,100068
5,4,5,5,4,2,3,5,4,0,1,4,2,1,1,2,4,1,5,2,2,4,2,4,2,0,3,0,3,3,4,5,2,1,3,0,5,0,5,5,2,1,3,4,1,5,2,4,5,3,4,5,3,5,5,3,3,3,3,3,3,3,4,2.0,3,11,268,688,Master's,0,Software Engineer,76400
4,2,4,3,3,5,3,2,4,2,5,5,3,2,0,5,3,1,2,1,3,3,3,2,4,3,0,4,2,3,3,2,5,5,0,3,1,0,5,5,0,2,2,5,0,5,3,3,3,4,3,5,3,4,5,3,3,5,3,4,4,3,3,1.8,1,7,491,916,Master's,0,Security Engineer,60949
4,2,0,2,1,2,4,4,1,2,4,4,2,1,5,0,3,5,2,0,3,5,4,2,1,3,5,3,1,2,4,5,2,0,5,0,0,4,1,5,0,2,1,3,1,1,5,4,3,3,4,5,4,5,4,3,5,5,3,3,3,5,4,5.0,3,17,204,363,High School,0,Mobile Developer,106608
5,2,3,3,1,4,2,4,0,3,2,5,2,3,3,5,4,4,2,4,2,3,3,4,2,4,1,2,0,3,0,1,2,4,0,1,2,3,2,5,0,0,2,1,5,4,5,4,3,4,3,5,3,5,5,5,5,5,4,5,4,4,4,6.5,7,21,547,847,Associate's,1,DevOps Engineer,95348
4,0,0,3,5,2,4,4,5,5,1,5,0,1,1,1,3,4,3,0,3,0,2,4,5,4,2,1,0,4,3,1,3,1,1,0,2,3,4,2,4,3,0,1,2,2,3,4,4,3,4,3,5,5,3,5,4,4,5,5,4,5,5,4.1,4,28,201,994,Associate's,0,Mobile Developer,90187
5,2,0,0,1,3,1,4,4,2,2,1,5,0,5,2,5,3,2,5,0,1,2,0,5,0,1,5,4,1,3,4,0,2,1,4,5,3,0,3,1,2,2,4,2,1,2,3,3,5,5,5,4,5,4,5,3,5,4,3,3,5,4,9.2,10,29,708,1399,PhD,1,Full-Stack Developer,96388
2,1,2,3,2,0,1,3,3,2,1,5,2,4,1,4,2,3,1,2,0,5,1,3,3,5,4,0,2,5,0,4,3,2,4,1,0,4,5,0,4,4,2,3,1,1,0,4,4,5,4,4,4,5,3,5,5,3,3,4,5,5,5,2.7,2,23,147,910,PhD,0,Backend Developer,77949
3,5,1,0,4,1,1,1,0,4,2,0,2,5,2,1,3,2,1,1,4,0,2,5,3,5,4,2,0,1,4,1,0,1,3,1,5,2,0,2,3,2,0,0,3,3,1,4,4,4,3,5,5,5,5,5,5,5,4,5,3,3,3,-0.3,0,12,326,440,Associate's,0,Frontend Developer,50000
4,3,4,0,4,3,5,4,3,0,1,2,5,4,3,5,0,2,4,2,2,2,3,4,2,3,5,4,1,1,0,3,2,4,1,3,5,1,4,1,5,5,1,5,2,2,3,0,3,5,5,4,3,3,4,3,5,4,5,4,4,5,3,9.8,13,41,1089,1805,High School,0,Full-Stack Developer,105020
3,1,2,3,3,0,3,1,5,0,2,1,0,1,4,2,3,4,1,1,3,4,2,1,4,1,4,3,1,1,4,0,3,4,4,4,2,5,2,3,4,4,4,2,3,3,1,1,5,3,5,4,3,4,4,5,3,5,4,5,5,4,3,8.7,9,33,931,1376,PhD,1,Data Scientist,131473
0,5,1,4,3,5,1,4,3,3,5,3,4,2,3,2,3,4,1,1,3,1,1,4,4,4,5,2,4,0,5,3,1,5,3,2,2,5,4,5,3,1,4,5,1,1,1,0,5,3,4,5,3,5,4,5,3,3,4,3,4,4,3,5.0,6,26,443,970,High School,0,Data Scientist,98691
2,4,2,2,1,2,2,2,2,1,4,4,3,3,2,3,2,2,1,4,5,0,0,1,3,0,4,0,3,4,3,0,2,4,3,5,2,5,0,4,4,5,5,3,4,2,0,0,4,5,3,3,5,4,4,3,5,3,3,4,5,4,5,6.9,5,28,665,592,Master's,1,Data Analyst,105089
0,5,3,1,3,1,0,1,5,0,4,4,3,0,2,5,0,1,1,4,5,1,1,0,3,0,0,5,3,0,4,0,0,1,3,3,5,3,0,4,4,1,4,1,1,1,1,1,5,3,4,3,4,5,5,4,5,4,3,3,5,4,3,4.9,6,19,614,1344,PhD,1,DevOps Engineer,86145
4,3,5,3,3,0,0,0,0,4,1,2,2,4,0,5,1,2,3,0,2,1,2,5,3,1,3,4,1,0,3,4,3,4,0,0,1,3,3,5,1,5,3,0,2,3,5,4,3,4,5,4,3,4,4,3,5,3,5,4,4,4,3,1.6,2,13,279,730,Bachelor's,0,Full-Stack Developer,87035
5,1,5,3,5,3,3,0,0,1,1,1,2,3,1,2,1,0,2,1,2,3,2,4,5,0,5,0,4,5,0,4,1,3,0,0,3,1,4,3,5,3,1,1,0,2,2,3,3,3,3,4,3,3,4,3,4,4,4,3,4,5,4,4.9,4,29,492,1366,Associate's,1,Backend Developer,105965
4,2,2,0,3,3,5,1,2,2,2,4,2,1,2,1,1,3,1,5,3,0,4,4,0,3,5,1,3,1,1,3,2,5,4,4,1,5,4,4,5,0,1,0,4,2,0,3,5,4,4,4,4,3,5,4,4,4,4,3,5,5,5,5.0,2,20,546,507,PhD,1,Data Analyst,94928
2,0,5,5,2,5,1,0,0,1,4,1,1,0,4,2,3,1,5,1,2,2,3,0,0,3,3,0,5,4,2,2,0,2,3,3,0,5,5,2,0,4,4,5,3,2,0,5,4,5,5,3,3,3,3,4,5,4,4,3,5,5,4,4.9,4,29,498,700,Bachelor's,0,Mobile Developer,96041
3,4,5,3,3,4,5,5,4,1,1,3,3,3,1,2,1,2,1,5,0,3,5,3,0,3,3,0,1,1,4,3,5,5,2,3,2,2,3,3,5,0,2,0,5,0,4,0,3,5,3,3,3,5,4,3,3,4,3,3,3,5,4,9.9,11,31,610,1175,High School,0,Frontend Developer,117738
3,2,2,1,3,1,1,3,5,3,4,5,0,4,1,1,0,5,0,0,1,4,0,5,2,2,3,4,2,2,4,0,1,2,2,0,2,5,0,5,4,3,5,2,0,0,5,5,4,3,5,5,5,3,4,5,5,4,3,3,5,4,3,9.0,6,32,766,1418,Master's,0,Security Engineer,70078
0,2,1,1,0,3,1,0,3,2,5,5,5,4,1,1,1,3,1,2,0,4,4,3,3,4,3,1,5,0,3,1,0,1,1,3,5,2,5,4,1,0,2,4,5,3,3,4,4,4,3,3,3,5,3,5,5,3,5,5,5,3,3,5.9,3,32,218,1015,Associate's,1,Security Engineer,67333
2,0,2,0,3,3,2,1,5,0,4,0,5,2,4,5,2,2,3,4,5,0,2,1,3,2,5,3,4,0,3,2,4,2,1,2,3,2,4,5,1,4,3,5,2,4,1,4,3,5,3,5,4,3,5,4,3,3,5,4,5,3,5,3.1,0,22,498,603,PhD,1,Full-Stack Developer,84865
2,0,5,3,1,2,3,5,5,0,1,1,0,2,1,2,2,4,2,4,2,1,5,2,1,2,4,1,3,3,1,2,1,3,5,2,0,4,4,2,0,1,2,3,4,1,0,3,3,4,3,3,5,5,4,3,3,4,3,5,4,5,4,6.5,4,21,246,1381,High School,1,Mobile Developer,77023
5,3,1,4,4,2,1,1,2,5,4,2,5,0,2,1,3,3,1,4,5,3,1,2,2,1,1,3,2,4,5,0,2,5,5,4,3,4,2,2,2,4,0,2,0,0,5,2,5,3,4,5,5,4,5,3,5,4,5,4,4,3,4,-3.2,0,4,489,893,PhD,0,Machine Learning Engineer,50000
3,0,5,5,3,0,5,4,3,5,0,0,3,3,5,2,0,1,3,2,4,1,1,1,0,2,0,0,3,1,2,3,0,5,3,5,5,2,5,1,0,1,4,0,1,1,1,2,5,3,4,3,3,3,5,5,5,4,4,5,5,4,5,6.0,6,19,604,1134,Bachelor's,0,Software Engineer,95051
1,3,5,2,0,2,3,3,5,5,3,0,5,4,3,3,5,1,1,3,2,3,1,4,1,3,1,4,0,5,5,3,0,1,4,4,0,2,2,2,3,1,1,1,4,4,3,5,3,4,5,4,3,3,4,4,5,5,5,5,3,5,3,4.9,5,25,556,903,Associate's,0,Frontend Developer,101005
4,3,4,1,2,3,5,1,0,0,4,3,1,4,2,3,4,0,0,1,5,1,3,2,3,4,4,0,4,3,1,4,1,4,0,1,3,3,0,0,3,2,2,5,0,1,5,2,3,4,3,3,4,5,4,3,5,5,3,3,4,3,4,6.6,5,32,425,1236,PhD,0,Security Engineer,111899
0,0,5,3,5,2,1,1,0,1,5,5,4,1,3,0,4,2,5,4,4,0,0,1,0,3,3,5,3,4,1,2,2,4,0,1,0,0,5,0,4,5,2,0,2,5,2,5,4,5,4,3,4,5,3,3,4,3,4,5,3,4,3,2.0,3,24,270,1284,High School,1,Data Scientist,83431
2,3,4,4,4,0,3,4,4,4,0,5,3,0,3,4,0,0,4,1,3,1,2,0,5,2,3,2,2,3,4,2,0,0,2,2,2,1,5,3,1,2,5,5,1,2,1,3,5,4,4,3,5,3,5,4,3,3,3,3,3,5,3,4.5,2,16,524,395,High School,0,Security Engineer,106281
1,3,5,2,2,1,3,1,3,0,2,5,3,5,2,4,1,4,3,2,5,5,2,3,5,5,0,1,5,5,4,3,0,2,2,5,4,2,1,0,0,1,4,2,1,2,3,3,3,3,4,5,4,5,3,3,4,5,3,4,5,4,4,2.1,1,6,208,824,Bachelor's,0,Security Engineer,82632
1,4,2,1,4,0,0,0,4,3,0,5,2,1,3,3,5,2,0,5,2,5,0,5,2,3,3,5,1,4,4,0,3,0,2,5,2,5,3,0,2,1,3,1,2,4,5,1,4,3,4,5,4,3,4,4,4,3,3,4,3,3,4,2.2,2,17,590,895,Master's,0,Security Engineer,55577
2,2,3,1,4,5,4,2,5,0,0,5,1,3,5,3,0,0,3,0,4,4,4,0,4,1,2,2,4,3,3,3,5,0,1,0,1,5,5,5,4,2,4,3,1,3,2,5,4,3,4,5,4,4,5,3,3,3,3,4,5,5,3,4.5,4,29,636,888,PhD,0,Backend Developer,74341
2,0,5,5,1,3,2,2,5,4,1,2,2,4,1,5,5,5,2,5,5,1,1,2,1,3,3,1,1,4,3,1,3,2,1,5,5,5,3,1,0,4,1,4,4,3,4,5,3,3,3,5,5,3,5,3,3,4,5,5,3,4,3,4.7,5,32,568,646,PhD,1,Full-Stack Developer,80043
3,1,0,2,3,0,3,0,3,4,2,4,4,2,2,2,0,0,5,4,1,4,0,3,4,5,3,0,1,4,5,3,0,3,5,4,0,5,4,0,5,4,4,1,3,0,5,4,5,3,4,4,4,4,3,3,4,5,4,3,4,5,3,7.2,7,25,409,1537,High School,1,Data Scientist,121805
0,1,3,0,1,3,5,0,1,3,5,3,1,2,2,5,0,3,4,0,2,1,3,2,3,3,5,4,2,4,5,4,4,2,5,1,3,1,2,0,4,0,4,5,1,3,3,5,3,5,5,4,4,5,3,3,4,3,3,5,5,5,3,4.4,7,29,398,1584,Associate's,0,Data Analyst,78492
4,3,1,5,0,4,5,3,2,0,5,5,4,3,0,4,0,4,0,0,5,2,1,4,2,1,3,0,2,3,5,5,2,5,1,2,5,3,1,1,4,1,0,5,4,0,2,1,4,4,4,5,5,3,4,3,3,4,5,4,3,5,5,7.4,5,40,720,1313,PhD,0,Frontend Developer,108695
1,1,4,0,3,3,2,1,5,1,5,5,5,4,2,5,2,3,0,2,1,5,2,1,1,2,0,2,2,3,1,2,1,1,2,2,3,3,5,0,0,5,1,3,2,0,5,5,3,5,5,3,4,3,3,4,5,4,3,4,4,3,3,7.9,6,36,482,801,PhD,1,Security Engineer,102191
0,3,3,2,2,0,5,2,0,0,5,5,2,5,1,0,3,2,3,4,3,1,4,0,0,5,1,1,3,1,4,1,2,3,5,4,4,0,0,1,3,5,4,5,5,3,0,0,3,5,4,3,4,3,4,5,4,4,4,5,5,3,5,4.0,2,28,317,202,PhD,0,Software Engineer,88381
1,3,5,0,5,3,2,0,1,2,2,3,0,1,4,5,2,5,1,3,1,5,3,2,0,4,4,2,3,4,0,2,3,2,5,2,1,0,5,2,4,5,3,3,1,1,4,1,4,4,3,3,3,3,4,3,3,4,5,3,3,3,4,4.2,3,15,373,1274,Associate's,0,Data Scientist,93568
1,2,5,4,2,4,0,1,1,0,0,2,5,1,5,1,0,4,3,2,0,0,1,5,0,1,3,2,4,1,4,0,3,4,0,1,1,0,0,1,4,0,1,0,0,5,3,2,3,4,3,4,4,5,3,5,4,3,4,3,3,3,5,3.1,3,21,585,529,Associate's,0,Security Engineer,76224
4,5,1,4,2,0,4,4,0,0,2,2,3,1,1,5,3,0,2,0,1,0,5,5,3,1,1,0,4,4,5,3,0,4,2,2,1,2,2,2,3,2,1,3,5,1,1,0,5,4,4,3,5,4,3,5,3,5,5,5,4,5,3,7.9,9,24,650,1510,High School,0,Machine Learning Engineer,105030
3,1,1,4,1,1,5,2,4,5,2,4,0,3,2,1,1,2,5,5,1,0,5,2,0,0,1,5,4,0,5,2,2,0,0,5,2,2,5,5,3,1,5,0,2,5,2,2,5,4,5,4,5,5,4,3,3,5,3,5,5,3,5,0.9,0,20,68,986,Associate's,0,Data Scientist,85212
4,0,0,1,1,2,0,1,1,3,3,0,3,1,4,1,3,5,1,0,5,5,1,0,0,3,4,0,2,5,0,3,0,0,5,5,3,5,0,0,0,4,2,2,4,4,5,2,4,3,5,4,4,3,4,3,3,3,3,3,4,5,4,7.2,8,34,717,936,High School,1,Mobile Developer,101250
2,3,1,5,3,0,4,1,1,2,4,1,1,0,2,5,0,2,0,1,5,2,4,3,4,2,4,5,3,3,5,5,0,2,5,4,1,5,0,4,3,4,4,5,1,0,0,2,3,5,3,3,5,5,5,4,4,4,4,3,5,3,3,8.3,8,38,773,1131,Bachelor's,0,Security Engineer,63074
5,2,4,5,3,4,4,5,3,5,3,1,0,1,4,4,2,4,4,5,2,1,3,1,4,2,5,4,4,0,1,3,1,5,1,3,4,4,2,4,0,0,3,1,3,1,0,4,3,5,3,4,3,4,5,4,4,3,5,4,4,4,5,11.7,10,45,675,1388,PhD,0,Security Engineer,99641
0,3,2,3,4,1,0,4,0,2,5,2,3,2,5,5,1,4,1,5,3,0,5,2,3,0,1,0,2,4,3,0,0,1,4,4,5,2,1,3,5,0,5,4,0,3,5,1,4,3,4,5,3,5,5,5,3,5,5,4,4,5,3,7.6,6,39,498,1013,PhD,0,Security Engineer,107636
1,4,1,2,3,0,4,3,0,1,5,3,2,2,0,5,3,3,4,4,2,1,4,4,1,5,0,2,2,0,2,5,0,5,5,3,5,5,4,2,0,3,5,1,4,1,2,4,4,4,3,5,4,5,4,4,5,3,3,5,4,5,4,4.8,4,17,695,581,PhD,0,DevOps Engineer,109160
4,2,2,5,4,3,0,1,0,5,2,0,3,5,1,4,3,3,5,1,1,2,1,3,5,5,5,3,3,4,2,0,4,2,5,4,4,1,1,3,1,4,4,4,1,0,5,4,5,4,3,4,5,4,5,4,3,3,5,5,4,4,5,4.7,7,22,823,1424,PhD,1,Mobile Developer,86032
5,3,4,5,4,4,2,4,0,5,5,0,4,4,0,2,3,2,4,2,1,2,5,3,4,3,5,5,4,2,5,1,2,1,5,2,3,1,3,5,5,3,1,0,0,1,2,0,5,3,5,5,5,4,5,3,3,4,4,4,4,4,5,9.2,9,43,939,1108,Associate's,0,Software Engineer,105831
1,2,2,0,3,5,2,2,2,4,2,3,0,5,3,1,4,1,2,1,4,0,0,1,2,5,1,0,5,5,3,5,3,5,3,2,0,0,1,2,3,5,5,3,5,0,3,0,4,4,4,3,3,4,4,3,3,5,3,3,5,4,3,1.2,0,13,210,150,High School,0,Security Engineer,64006
2,3,4,0,3,5,1,1,3,4,4,2,2,3,1,0,2,2,0,4,3,4,2,2,1,0,2,2,4,2,1,5,3,2,3,5,4,4,2,2,0,5,2,3,5,0,0,3,5,4,3,5,5,5,3,3,3,5,4,5,5,3,3,3.9,0,21,132,863,Associate's,1,Software Engineer,71611
1,3,5,2,4,4,3,3,0,1,5,2,0,2,3,3,5,2,1,2,5,0,0,1,2,4,2,3,1,3,5,4,5,5,0,3,0,4,0,3,4,0,2,0,3,1,3,5,5,3,5,5,4,4,5,3,5,4,4,3,3,5,3,8.0,8,30,440,1009,High School,0,Software Engineer,87544
0,1,4,1,3,2,0,5,3,5,1,5,2,2,3,4,4,5,0,0,4,0,4,1,2,3,0,2,5,1,5,0,2,4,1,1,2,5,1,2,5,5,2,3,2,3,3,1,5,4,4,4,4,5,4,4,5,3,5,4,4,4,3,-4.6,0,-5,390,716,Bachelor's,0,Frontend Developer,52192
1,2,3,5,2,0,4,3,3,2,2,3,3,3,2,4,2,4,1,4,1,0,2,1,5,0,4,0,3,5,4,3,0,4,4,2,4,3,3,1,5,4,2,1,2,0,5,2,3,3,5,5,3,3,4,5,5,5,5,3,5,4,4,8.8,9,31,605,1666,Bachelor's,1,Data Analyst,114809
2,5,0,1,5,5,1,5,5,1,1,3,2,1,4,2,5,5,4,3,5,1,5,3,4,3,1,3,5,2,5,2,3,0,0,2,3,4,4,0,1,4,4,4,5,4,4,5,3,3,3,4,5,5,3,4,5,4,5,4,5,5,4,4.3,4,17,536,1388,Associate's,0,DevOps Engineer,86824
3,5,4,1,3,0,2,1,3,0,4,4,2,4,0,2,0,1,3,0,0,0,3,3,3,3,3,3,0,3,4,3,4,4,2,1,4,3,4,1,2,2,0,2,1,0,5,3,4,3,4,3,4,4,3,5,5,5,5,5,5,4,5,-1.2,0,15,29,706,PhD,0,Security Engineer,50000
5,0,4,3,2,4,1,4,2,4,5,3,3,5,3,2,3,1,5,3,4,4,4,3,1,5,4,3,1,1,4,0,5,3,2,0,4,4,1,2,1,5,2,3,3,2,0,1,4,5,3,5,3,4,4,5,4,4,4,5,5,5,4,5.1,7,26,460,1332,High School,1,Machine Learning Engineer,101418
0,1,2,2,0,4,1,5,2,2,4,2,5,2,0,3,0,4,3,5,0,0,5,2,4,0,4,3,4,0,0,0,3,0,2,3,3,4,3,0,2,3,5,2,0,2,4,3,4,5,4,4,3,5,3,4,4,4,4,5,4,5,3,6.8,8,31,896,1785,Master's,0,Full-Stack Developer,100702
4,5,2,1,2,5,5,3,3,1,5,2,3,1,2,5,0,0,2,1,3,0,2,1,2,1,0,2,0,4,1,5,2,1,1,5,1,5,2,5,0,4,5,0,5,2,1,3,4,5,3,3,3,3,4,4,4,4,5,4,4,3,5,6.3,1,25,271,796,Bachelor's,0,Data Analyst,93083
4,4,0,3,5,5,2,2,2,4,4,0,2,5,1,4,4,4,2,1,4,2,1,3,1,0,0,2,5,2,1,2,4,4,5,1,5,3,1,5,2,1,3,2,1,4,4,1,3,5,3,3,4,5,3,3,5,4,5,4,3,3,5,3.2,2,14,544,924,Associate's,0,Software Engineer,104711
3,1,5,4,2,3,3,2,5,4,3,3,3,0,0,5,1,2,1,2,3,1,5,2,5,4,1,4,2,2,5,0,4,3,0,5,1,3,5,1,0,3,5,5,0,0,2,1,4,3,5,3,3,3,4,3,4,4,4,4,3,5,5,7.5,6,36,562,1492,PhD,0,Frontend Developer,97325
4,1,5,0,2,1,1,5,2,4,5,0,3,2,0,2,3,3,1,5,0,4,1,4,1,1,3,5,4,4,5,2,3,1,1,1,0,4,0,0,2,5,4,0,3,3,4,5,3,5,5,4,3,5,3,5,3,3,4,3,3,4,4,7.7,5,41,608,1302,Bachelor's,0,Backend Developer,119070
1,3,2,2,4,2,2,4,5,3,1,4,3,5,1,2,0,3,5,5,2,4,5,5,1,5,5,0,2,2,5,0,1,2,2,2,3,5,0,3,4,1,3,5,4,2,3,5,3,5,5,5,5,5,4,4,3,5,3,3,5,3,3,8.4,8,40,628,871,High School,1,Backend Developer,129472
2,1,4,5,1,3,0,2,1,1,5,4,3,5,3,3,1,4,3,1,1,2,0,4,0,1,4,2,4,4,4,5,0,3,5,5,5,3,5,2,5,2,4,0,4,3,3,4,5,4,3,3,3,4,4,5,5,3,5,5,4,5,5,8.5,6,30,474,1426,Master's,1,Data Scientist,109440
4,0,3,4,1,0,5,2,1,5,1,4,5,3,0,2,3,2,0,1,2,5,4,0,2,0,0,5,1,5,4,0,2,4,3,2,4,3,3,2,2,1,0,2,5,0,3,5,5,4,3,4,5,3,3,5,3,3,5,5,4,5,4,4.6,3,23,562,948,PhD,0,Frontend Developer,86523
0,4,2,1,2,2,0,4,5,5,1,1,1,4,4,4,1,0,3,4,3,4,4,5,2,5,5,2,3,2,5,4,1,2,5,0,1,1,5,5,0,2,2,1,1,4,0,1,4,3,3,5,4,5,4,5,5,4,5,4,4,5,3,6.9,7,34,428,960,Associate's,1,Data Scientist,109456
0,0,2,1,2,4,5,2,2,2,3,4,1,3,2,4,2,5,2,2,2,3,0,3,5,5,2,1,5,4,5,1,1,2,2,1,2,5,3,1,0,4,2,0,1,2,2,2,4,5,3,4,4,3,3,5,5,3,5,4,3,4,3,4.5,5,32,433,532,Master's,0,Backend Developer,107646
4,3,3,3,3,1,3,3,2,1,4,0,2,1,5,4,1,5,4,0,0,4,5,1,1,3,0,1,4,2,5,2,2,1,2,1,0,3,0,2,5,5,1,3,3,1,3,2,4,3,3,3,3,5,4,5,4,4,3,5,4,3,4,6.8,10,38,959,1954,Associate's,1,Machine Learning Engineer,98462
0,3,4,0,4,2,3,2,1,1,1,3,2,2,2,4,0,4,5,3,5,5,5,5,4,4,3,5,4,3,0,2,2,5,1,3,1,1,4,5,2,3,0,0,2,5,0,4,5,3,3,5,3,4,4,4,5,5,3,3,4,5,5,3.5,3,20,520,404,Bachelor's,0,Mobile Developer,82594
1,4,3,4,5,4,1,3,2,1,4,0,3,5,0,5,2,0,4,5,2,3,1,2,4,5,2,3,2,0,5,1,5,4,0,4,4,4,3,4,4,5,3,3,3,3,5,3,5,5,3,3,3,4,3,3,4,5,5,3,4,3,4,1.4,1,23,298,732,Associate's,0,Software Engineer,58908
4,1,1,1,2,4,5,4,4,4,4,2,2,1,3,1,0,3,4,2,5,1,1,5,2,3,1,4,3,3,1,5,4,2,4,0,1,1,5,4,5,3,1,3,1,4,0,3,4,5,5,5,3,5,4,3,3,4,3,3,4,3,3,2.9,3,23,438,736,Bachelor's,0,Frontend Developer,91144
2,4,5,1,5,5,4,2,4,2,1,0,3,1,2,2,5,4,4,4,5,2,2,0,0,4,3,3,0,5,4,2,2,0,0,0,1,3,0,5,0,3,5,0,2,2,1,2,5,3,5,3,5,4,3,4,3,4,5,3,3,3,5,10.9,9,37,480,1674,Master's,1,Data Scientist,149623
4,5,1,2,3,0,0,1,4,3,4,3,2,5,2,1,2,5,4,3,1,1,4,0,1,1,3,3,0,2,1,3,3,3,1,4,1,5,3,4,1,2,0,5,4,2,4,4,3,5,3,5,3,5,3,5,3,5,3,3,3,4,4,5.7,5,20,398,1182,High School,0,Full-Stack Developer,115637
2,1,0,0,5,1,3,2,1,1,1,1,0,0,2,5,5,5,3,4,0,1,4,4,5,5,3,4,1,3,5,5,1,1,0,3,1,5,5,3,4,2,1,5,4,4,1,5,4,5,3,3,3,5,4,3,4,3,3,5,5,3,4,8.0,9,24,465,1758,PhD,0,Mobile Developer,118752
5,0,2,1,3,2,4,1,5,3,0,3,5,2,1,4,0,0,1,5,0,1,4,5,0,3,5,1,4,5,2,1,4,0,0,5,0,2,1,4,0,3,5,3,1,3,5,5,4,4,5,5,4,5,5,3,5,4,3,5,5,4,3,6.4,6,26,787,1478,PhD,1,Machine Learning Engineer,104358
4,1,2,1,5,0,2,3,5,1,2,0,5,1,0,1,0,2,0,4,4,5,0,3,4,2,1,5,0,2,1,4,5,5,4,4,0,4,0,3,1,2,2,5,4,4,3,0,5,4,5,4,3,4,5,4,3,4,4,4,4,4,3,1.5,2,19,248,479,Master's,0,Software Engineer,89860
1,5,5,2,0,4,0,5,5,1,4,5,3,1,2,5,4,3,0,3,3,0,3,4,1,0,0,0,3,1,2,4,3,0,5,4,4,2,1,3,4,0,1,3,5,1,3,3,4,5,3,4,3,4,4,5,4,4,5,3,3,3,5,7.2,8,26,414,1632,High School,0,Mobile Developer,99706
0,4,1,0,5,2,0,0,0,3,5,3,2,5,5,2,5,2,1,5,5,3,1,3,1,0,3,0,3,3,4,2,3,3,0,4,1,0,3,1,1,5,2,1,4,5,1,5,5,5,3,4,4,3,4,3,4,4,5,5,4,5,5,1.7,0,17,386,260,PhD,0,Full-Stack Developer,87556
2,5,4,1,1,4,0,0,5,0,1,3,1,5,2,3,5,5,3,2,5,1,3,3,4,2,2,0,5,5,2,3,5,5,5,5,0,2,3,2,1,3,3,3,1,4,4,3,5,5,4,5,5,4,3,3,4,3,5,4,5,4,3,8.8,9,30,750,1116,Master's,0,Machine Learning Engineer,93904
5,3,5,2,4,2,2,2,3,3,2,2,2,1,1,4,5,5,3,4,4,0,2,3,0,4,1,4,3,4,1,3,0,2,1,0,1,4,4,1,3,4,2,4,3,4,2,0,3,4,5,4,3,3,5,3,5,5,4,4,4,4,5,2.5,4,15,559,1099,Master's,0,Mobile Developer,74153
4,3,2,0,4,2,4,4,3,1,3,1,4,4,4,4,1,2,3,2,2,5,3,1,3,1,3,2,4,5,0,4,4,3,1,2,4,3,4,2,2,5,4,4,0,2,3,1,4,5,5,4,3,3,4,5,3,5,4,5,4,3,4,6.2,4,23,664,458,Master's,0,Mobile Developer,74903
0,5,1,1,5,3,5,3,1,0,5,5,0,5,1,2,0,1,1,4,5,3,2,1,0,2,4,4,4,3,4,0,4,3,1,4,5,0,1,1,0,4,3,5,1,5,4,0,5,5,4,4,5,3,5,5,4,3,5,4,4,5,4,5.7,6,31,581,1000,Master's,0,Data Analyst,114896
4,0,2,5,5,5,0,2,1,5,2,4,2,2,1,5,4,5,4,2,2,0,1,0,4,3,2,4,0,2,5,2,4,3,1,2,1,1,0,1,4,4,1,3,0,0,1,4,4,4,5,5,5,4,5,4,5,4,3,5,4,3,4,9.1,7,40,501,1006,PhD,0,DevOps Engineer,115084
5,5,0,2,3,5,1,5,2,3,2,3,4,0,2,1,5,1,1,3,2,1,3,0,1,2,0,4,2,5,4,2,3,5,0,0,2,2,2,1,2,3,5,4,4,4,0,3,3,5,5,5,3,3,5,4,4,3,5,4,5,3,5,4.5,5,17,669,1340,Associate's,0,Security Engineer,79361
4,1,2,1,0,1,2,1,2,4,5,0,3,4,1,2,1,1,1,0,0,4,2,4,5,2,4,3,5,2,1,4,3,1,1,1,0,0,0,1,0,5,2,0,0,4,5,2,5,3,3,5,5,4,3,3,5,4,5,5,5,3,3,5.8,4,29,241,1178,PhD,0,Machine Learning Engineer,113645
0,3,5,0,4,2,3,0,3,4,0,4,2,5,5,4,0,0,5,0,3,5,5,0,5,1,4,5,2,4,0,5,5,1,0,0,3,2,5,0,2,5,1,1,3,1,2,2,5,5,3,3,5,5,4,4,3,4,3,3,3,3,3,5.7,4,24,435,1237,Bachelor's,0,Backend Developer,78609
5,4,2,0,4,3,5,0,5,5,3,5,2,5,5,4,3,5,2,1,3,1,2,5,1,4,4,1,4,0,3,1,2,3,2,1,1,0,2,2,1,2,1,5,4,3,3,0,4,5,5,3,3,5,3,4,4,3,3,5,3,5,4,1.8,0,11,163,385,PhD,0,Full-Stack Developer,87825
3,1,1,1,2,0,3,5,3,2,5,5,5,1,5,0,0,2,2,4,4,3,5,4,0,4,1,5,4,2,2,5,3,4,0,5,3,5,1,1,2,1,2,0,1,4,4,1,3,3,5,3,4,5,5,4,4,4,3,3,4,3,3,4.7,3,24,327,783,PhD,0,Frontend Developer,66854
5,1,3,4,0,5,3,0,5,5,4,3,4,3,5,2,2,3,3,4,3,5,4,4,5,1,4,5,2,5,5,1,3,4,4,1,4,1,0,3,2,0,1,4,0,5,4,2,4,5,4,4,3,5,3,5,4,3,5,5,5,5,4,3.8,3,30,550,960,Associate's,0,Frontend Developer,86276
3,0,2,1,4,4,1,4,4,2,3,2,3,0,3,3,0,1,0,4,2,2,0,3,3,0,0,5,0,4,3,3,4,3,4,3,4,2,1,4,0,2,5,4,2,2,1,0,3,3,4,4,5,5,5,3,3,4,3,3,4,3,5,7.5,9,32,450,1170,High School,0,Data Analyst,92083
0,3,3,2,5,0,5,1,2,4,0,5,1,0,4,2,4,4,1,3,3,5,5,3,3,0,4,1,0,1,4,0,1,3,4,0,1,5,0,1,3,0,2,2,4,4,1,3,4,3,3,3,5,4,5,5,4,4,5,5,3,5,5,5.8,7,26,639,937,Master's,0,Backend Developer,94174
5,3,4,5,4,3,0,2,3,1,4,1,1,3,5,2,5,2,5,3,3,0,2,1,2,1,3,2,2,2,1,3,3,3,2,5,5,2,2,5,0,0,5,4,3,0,0,1,5,4,3,4,3,5,4,4,5,4,3,4,5,4,5,11.4,12,46,727,1917,Bachelor's,0,Data Scientist,120779
5,3,2,3,5,4,5,4,1,2,3,2,2,3,2,2,1,3,2,4,5,0,1,1,3,5,4,2,0,5,5,3,0,4,2,4,4,5,1,4,4,3,1,3,3,4,5,0,3,4,4,4,3,5,3,4,4,5,5,3,4,3,5,-2.1,0,12,292,251,Associate's,1,Backend Developer,50000
1,0,0,4,5,1,4,2,0,5,0,2,4,2,1,3,0,4,3,5,3,1,3,3,5,0,2,0,3,1,3,1,0,4,4,3,0,0,1,4,4,4,3,0,2,4,2,3,4,3,3,5,4,3,5,3,4,3,4,4,4,5,3,2.4,2,26,109,530,PhD,1,Mobile Developer,67794
3,5,1,2,2,4,2,2,1,3,3,5,5,0,5,3,3,0,3,1,4,1,4,0,4,2,5,3,1,2,2,3,0,5,0,3,3,3,3,0,0,0,0,0,0,4,2,2,4,5,4,5,5,4,3,3,3,3,4,3,4,3,5,4.6,2,19,398,357,Associate's,0,Data Analyst,50000
0,1,3,2,1,1,1,2,1,1,4,2,3,1,5,1,5,5,2,1,4,0,5,1,4,1,0,3,3,4,2,1,3,5,3,3,0,3,4,3,3,0,0,3,4,3,0,1,5,3,4,4,5,5,3,5,3,4,4,3,3,3,4,5.8,9,19,940,1293,PhD,0,Software Engineer,92691
2,2,5,3,4,4,1,3,1,2,2,2,4,5,3,3,1,2,3,3,0,2,1,5,0,4,1,3,3,3,1,4,0,3,5,2,0,1,2,2,5,2,4,1,0,0,1,4,3,4,5,4,5,5,5,4,5,3,3,3,3,4,5,1.3,0,3,396,579,Bachelor's,1,Security Engineer,50000
3,0,3,1,4,4,4,1,0,0,3,1,3,2,3,0,2,3,1,3,3,4,3,0,5,1,2,0,3,4,5,1,0,1,0,0,3,0,2,0,2,2,4,2,2,5,5,3,4,5,5,4,4,5,3,5,4,3,4,3,5,3,4,6.5,2,31,247,543,Bachelor's,0,Data Scientist,104681
5,5,1,5,3,2,2,0,3,1,1,4,2,3,3,0,0,4,2,0,2,3,5,1,2,0,4,1,5,3,5,4,2,2,3,0,0,4,0,5,4,4,5,1,2,1,1,3,3,3,4,4,4,5,5,3,5,3,3,5,4,4,4,10.3,8,47,480,853,Associate's,0,Security Engineer,137387
3,2,3,2,1,3,4,0,3,1,5,5,1,2,3,2,0,5,3,2,5,3,0,5,0,0,3,5,3,3,2,5,4,4,5,5,1,0,0,1,1,1,5,1,3,3,5,2,5,3,3,5,3,5,5,5,3,3,4,5,5,5,5,6.8,8,23,799,1226,PhD,1,Data Analyst,65582
4,2,1,2,2,3,4,0,1,1,1,0,2,3,2,1,0,3,3,2,4,0,1,3,3,1,3,0,3,4,5,3,2,3,4,3,1,5,4,4,5,1,1,3,0,1,5,2,4,4,3,3,4,4,4,5,5,5,4,5,4,5,3,5.7,5,24,631,1044,Associate's,0,Frontend Developer,108359
3,1,5,4,1,5,4,2,4,5,4,5,5,1,5,2,4,3,2,4,3,2,0,4,1,3,0,4,0,3,0,2,4,3,2,2,4,0,5,5,4,3,0,2,0,5,5,1,5,4,3,3,4,3,5,4,5,3,5,3,5,4,3,3.9,6,26,596,1376,Master's,0,Frontend Developer,74025
3,3,2,5,2,3,2,0,4,4,5,5,2,4,0,4,1,2,1,5,3,1,3,1,3,4,1,0,1,0,1,1,5,1,0,3,3,0,0,0,0,4,5,0,5,4,4,4,4,5,3,3,3,5,4,3,4,4,4,3,5,3,4,4.3,2,13,297,905,PhD,0,DevOps Engineer,93693
0,2,3,4,4,0,2,3,5,1,0,0,0,0,4,3,0,4,5,0,3,2,3,2,5,4,4,4,3,5,1,0,3,0,2,1,1,0,1,1,1,3,1,3,0,5,0,0,3,3,3,4,5,5,5,5,3,4,5,4,5,3,4,10.4,10,50,930,1514,Associate's,0,Mobile Developer,137036
2,5,3,0,3,5,2,3,5,4,0,5,2,3,2,5,4,5,5,0,4,3,1,0,0,1,2,1,1,0,2,5,5,2,5,2,5,4,0,0,0,0,3,3,1,2,3,4,5,3,5,4,5,4,5,3,3,3,4,4,3,3,5,4.8,4,14,245,472,High School,0,Software Engineer,58160
2,4,4,1,1,2,3,1,3,4,0,0,4,2,2,0,0,0,4,2,3,1,5,3,3,3,5,4,2,1,3,4,4,3,4,2,0,1,2,3,4,5,2,5,2,3,1,1,5,4,5,3,4,5,3,5,5,4,3,5,5,4,3,0.2,2,17,494,729,PhD,1,Full-Stack Developer,63084
3,1,4,1,1,1,1,5,5,3,5,3,3,2,2,3,0,0,0,0,5,3,1,4,5,5,4,4,2,3,0,3,2,5,3,4,2,5,5,1,2,1,4,5,5,3,4,1,5,5,3,3,4,4,4,5,4,5,4,4,5,4,3,8.1,9,30,548,1153,Master's,1,Machine Learning Engineer,100093
0,2,0,5,1,3,0,3,1,1,1,0,5,4,0,1,5,0,5,1,3,2,1,4,0,4,1,0,2,4,5,2,0,1,3,3,3,4,1,1,4,4,0,5,2,5,1,3,5,3,5,5,4,4,3,4,4,5,5,3,3,5,3,4.4,5,14,549,1165,High School,1,Full-Stack Developer,96707
0,1,1,0,2,1,3,3,3,0,3,1,4,5,3,1,3,5,0,2,2,2,4,2,5,5,4,4,3,0,5,2,4,1,2,1,3,3,5,2,0,5,1,1,2,3,0,0,4,3,5,5,4,5,3,3,5,4,5,4,5,5,5,9.1,7,42,434,1329,Associate's,0,Data Scientist,109426
1,0,5,0,0,4,3,4,2,5,2,5,1,4,0,2,3,1,5,3,3,2,5,1,4,0,0,5,5,0,5,3,5,5,3,5,2,4,4,4,3,2,3,4,0,3,5,4,3,4,4,5,4,4,4,4,3,5,5,5,5,4,4,6.2,5,20,366,689,High School,0,Mobile Developer,98366
0,3,1,5,5,3,2,5,2,0,4,0,4,2,0,2,4,0,2,3,1,2,1,5,5,5,3,3,1,0,3,5,4,4,4,5,4,4,3,5,4,4,2,5,4,1,5,2,3,5,5,5,5,3,4,3,5,3,3,4,4,3,5,11.0,12,41,764,1879,Bachelor's,0,Backend Developer,107771
2,2,2,5,3,2,1,2,4,2,1,4,1,1,1,0,5,2,3,0,5,3,4,5,0,0,0,2,3,4,5,0,5,3,3,2,0,0,0,5,3,0,1,1,2,3,1,3,4,5,5,3,3,4,5,5,3,5,4,4,4,3,4,5.3,9,23,577,1506,Master's,0,DevOps Engineer,114601
0,4,3,2,4,5,4,5,5,2,2,1,3,0,3,4,0,4,5,1,4,1,3,1,4,1,5,4,5,4,1,1,3,3,3,0,3,2,3,2,5,5,2,0,5,2,4,5,4,3,5,4,5,4,3,3,3,5,5,3,4,3,3,5.9,6,33,713,963,PhD,0,Software Engineer,92417
3,0,5,4,1,0,2,3,2,0,2,0,3,0,2,5,0,0,4,3,3,4,0,4,3,1,1,1,4,1,4,5,1,5,5,0,2,1,0,0,5,3,0,2,0,0,2,0,3,5,4,3,4,5,3,3,4,4,3,3,5,3,5,3.2,1,14,539,581,PhD,0,DevOps Engineer,99683
0,1,0,1,5,4,1,1,4,5,1,4,4,0,0,3,0,2,5,2,4,0,3,3,3,3,4,5,4,0,2,2,1,4,5,5,4,4,1,5,3,5,5,1,4,2,1,3,4,4,4,5,4,4,3,5,3,3,5,4,4,3,5,2.7,2,12,115,597,Associate's,0,Frontend Developer,81966
2,2,0,2,5,5,0,4,5,1,3,5,1,4,5,3,0,3,0,5,0,4,4,0,2,4,0,4,2,5,2,3,4,3,5,5,0,0,1,0,3,2,3,3,1,5,0,5,4,3,4,5,4,3,5,4,5,4,3,4,4,3,5,2.2,1,24,231,1027,Master's,0,DevOps Engineer,89626
5,4,0,3,5,3,4,2,0,1,4,0,0,2,3,1,0,5,1,1,2,0,2,4,3,4,0,0,1,0,0,4,4,5,3,1,5,5,5,2,5,5,2,4,1,3,5,5,5,4,5,5,5,5,4,4,4,3,4,3,3,3,3,7.2,8,28,433,1586,Associate's,0,Data Analyst,75048
5,1,4,4,5,0,5,2,0,2,2,5,5,0,4,1,1,2,1,3,2,4,3,5,2,3,5,4,4,3,0,4,2,1,0,4,5,3,4,5,5,3,2,4,5,3,5,5,3,5,4,4,4,5,5,4,3,4,4,3,3,4,5,0.3,0,11,407,779,Master's,0,Machine Learning Engineer,76217
0,1,0,0,0,4,1,1,1,1,0,2,4,1,3,4,1,1,2,1,1,3,1,1,2,1,1,3,1,1,0,3,5,0,1,5,1,0,3,0,4,1,3,4,5,5,3,4,4,3,4,3,4,4,4,3,5,5,5,3,4,5,5,3.2,3,10,625,1219,PhD,0,Full-Stack Developer,102990
0,0,4,1,0,5,4,3,1,1,5,4,0,2,0,0,0,3,5,1,1,5,0,0,2,0,2,0,2,1,2,3,4,4,4,3,1,3,1,5,5,0,0,1,2,4,5,3,5,3,5,5,5,4,5,5,4,4,4,4,3,4,3,7.1,2,26,591,1055,PhD,0,Frontend Developer,70619
3,0,5,5,4,4,5,1,0,0,2,2,5,3,1,5,5,4,0,5,1,3,4,0,2,1,4,5,2,1,5,2,5,0,3,5,2,1,1,4,2,1,2,1,4,3,4,4,3,3,5,5,5,5,3,3,3,4,4,3,5,3,4,10.1,6,48,655,840,Bachelor's,0,Security Engineer,110907
2,1,5,5,5,1,3,5,2,4,0,5,5,1,1,5,1,0,3,0,3,0,4,2,2,5,5,4,1,2,3,2,2,1,2,0,4,4,3,2,0,0,4,0,0,5,4,2,5,3,5,3,3,5,3,5,3,3,5,5,5,3,5,8.1,9,31,567,1515,Associate's,0,Frontend Developer,106586
3,3,4,5,0,0,1,3,0,5,2,1,5,0,4,1,0,4,0,3,1,5,5,3,5,0,5,0,0,4,0,1,5,2,5,4,0,1,5,3,0,3,0,5,4,1,0,3,3,3,3,5,3,4,4,4,3,4,5,5,3,4,3,-0.0,0,13,40,411,Associate's,1,DevOps Engineer,50000
5,1,1,3,2,4,0,3,3,4,4,1,5,5,4,1,1,5,0,0,0,5,0,1,0,0,1,5,3,2,4,2,4,3,2,4,3,0,0,2,5,0,1,2,5,0,1,3,3,4,3,4,3,3,3,5,4,4,4,4,5,3,5,8.7,12,31,650,1685,PhD,0,Data Analyst,117268
4,0,0,3,5,5,0,4,3,5,1,1,0,4,4,2,1,1,0,2,3,3,1,3,1,1,1,5,0,2,3,4,3,4,4,3,1,2,4,1,3,4,0,2,2,2,2,2,5,5,5,5,3,3,4,5,4,4,3,4,4,3,3,3.9,6,21,578,1366,Master's,0,Machine Learning Engineer,98297
1,5,0,4,3,3,3,0,5,0,4,0,0,3,4,5,2,4,2,1,5,2,3,5,3,5,4,4,1,3,3,2,4,0,3,3,5,3,4,5,5,5,2,0,0,3,5,2,4,4,3,3,3,3,3,5,5,5,5,5,4,3,5,0.6,0,19,203,145,Bachelor's,0,DevOps Engineer,91301
3,1,2,0,5,2,5,1,5,0,0,1,0,3,1,5,2,5,3,3,0,2,4,1,5,5,1,4,4,4,5,2,0,5,0,0,5,4,5,4,4,5,3,1,0,0,4,4,5,5,4,5,4,5,3,5,4,5,4,5,3,5,4,6.6,5,19,611,860,PhD,1,Software Engineer,106272
3,1,5,2,0,5,2,0,5,5,4,5,2,5,1,3,4,5,2,0,5,2,0,1,2,3,5,1,0,2,3,2,4,2,4,0,3,3,0,4,3,0,0,1,5,3,4,0,4,4,4,4,5,3,4,4,4,3,5,4,3,5,4,2.9,4,27,531,690,High School,0,Backend Developer,80786
2,2,2,3,0,2,4,5,2,1,3,5,1,2,2,2,0,5,2,4,4,1,2,2,0,1,1,2,5,0,3,4,2,3,3,1,4,1,5,0,5,3,0,3,4,1,1,1,3,5,4,5,3,4,4,5,4,3,3,3,4,5,4,6.0,5,34,745,679,High School,0,Machine Learning Engineer,103670
2,3,4,3,0,0,2,3,3,0,0,3,1,1,0,4,2,5,4,3,0,0,1,5,5,1,1,2,5,4,1,4,0,0,2,1,0,0,5,2,2,0,2,5,5,0,1,5,4,3,4,5,4,4,4,5,4,3,5,5,5,5,3,-0.6,0,6,72,11,PhD,0,Machine Learning Engineer,78522
2,1,1,2,3,3,3,5,3,4,1,1,5,5,5,3,2,5,2,3,2,5,2,4,5,1,2,2,0,5,1,4,0,0,3,2,2,2,5,5,1,5,1,3,0,4,5,4,4,3,4,5,3,5,3,3,3,4,3,4,5,4,5,2.2,1,23,445,855,PhD,1,Backend Developer,70297
3,3,1,2,2,4,0,0,4,5,1,2,1,2,4,4,4,4,5,2,3,3,0,3,5,5,5,3,4,2,5,3,5,0,2,2,2,1,4,4,2,0,3,0,0,3,0,2,3,4,4,5,4,3,4,5,3,5,5,5,5,3,5,11.1,15,46,935,2008,Master's,0,Mobile Developer,135915
4,1,1,2,5,1,3,1,5,5,0,3,1,1,5,1,4,4,4,5,2,4,1,5,3,3,0,3,4,1,1,1,2,1,2,2,1,3,0,1,2,2,3,0,3,2,3,1,3,3,5,3,3,5,4,5,4,4,5,5,3,3,5,0.9,3,19,406,899,Associate's,0,Data Scientist,52323
4,1,3,1,3,4,3,2,4,0,2,3,4,4,0,3,5,3,3,0,5,0,5,1,3,4,0,1,1,4,2,5,2,5,5,1,4,0,0,0,2,5,2,2,5,4,1,3,4,3,4,3,5,3,3,5,4,4,3,5,3,4,5,6.5,6,26,589,839,Master's,0,Backend Developer,103174
0,0,2,4,0,2,3,3,3,2,2,0,0,4,5,1,1,3,2,3,2,0,3,0,5,5,5,1,0,2,1,0,5,5,2,3,4,5,5,4,2,5,3,5,3,5,0,3,4,3,3,3,3,5,4,4,5,4,5,3,3,3,4,3.5,2,27,127,261,Associate's,0,Backend Developer,83641
3,3,3,3,2,2,1,2,3,1,4,1,4,0,0,1,3,5,4,4,3,5,0,3,1,1,1,2,2,5,5,0,0,4,0,0,3,3,5,3,3,1,0,0,3,4,5,4,3,4,4,5,5,4,4,5,5,4,3,4,5,4,5,1.2,0,17,207,903,Bachelor's,0,Full-Stack Developer,94761
5,3,2,0,3,0,0,3,3,1,0,2,5,4,0,5,3,2,3,0,2,2,3,5,5,3,5,4,0,2,4,1,2,1,4,0,3,3,1,4,1,3,1,3,5,2,2,0,5,3,4,5,3,4,3,3,4,3,4,5,3,5,3,7.6,6,41,451,726,Associate's,0,Frontend Developer,86374
3,2,3,1,5,1,2,3,5,0,2,4,5,3,1,4,3,3,3,0,3,1,1,2,4,5,5,2,2,0,1,1,1,4,3,2,5,5,5,2,2,1,3,3,4,2,5,5,5,5,3,3,3,4,3,4,4,3,3,3,5,3,4,10.3,10,42,973,1114,Associate's,1,Full-Stack Developer,110397
5,3,1,0,0,0,1,5,5,4,1,5,0,5,2,1,5,0,1,3,4,5,4,0,2,5,3,1,1,5,3,2,4,4,3,5,0,4,1,0,2,3,2,4,2,4,2,0,5,3,5,4,3,5,4,3,5,4,3,5,5,3,3,7.1,7,34,845,1541,Associate's,1,Software Engineer,92267
5,4,4,3,5,4,5,5,4,4,3,0,5,3,4,4,1,1,4,1,4,3,2,2,1,4,2,1,1,4,3,0,1,5,4,0,2,1,0,2,4,5,0,3,4,3,5,2,5,3,4,5,3,5,4,3,3,3,4,4,5,3,5,1.4,3,22,212,369,Associate's,0,Machine Learning Engineer,73279
1,1,4,2,5,2,5,2,0,5,3,2,4,0,2,4,1,0,5,1,3,1,1,3,2,2,0,4,3,4,2,2,0,0,4,4,2,0,1,3,1,3,2,5,3,3,2,1,5,3,4,5,4,4,5,3,5,5,4,3,3,4,5,6.3,5,32,679,1365,Associate's,1,Backend Developer,108071
0,5,1,4,0,1,0,4,1,1,1,5,2,0,1,2,2,0,0,1,5,4,0,4,5,3,1,1,2,0,2,5,0,0,4,5,0,3,1,3,2,0,0,5,4,5,5,0,5,5,3,5,3,3,4,3,5,5,5,3,3,5,4,6.3,8,31,443,1788,PhD,0,Data Analyst,98987
3,5,3,0,1,1,3,0,3,2,0,0,5,4,0,3,5,3,2,4,2,5,2,1,4,1,4,5,2,1,4,3,2,3,5,3,5,0,2,2,1,3,1,0,5,5,1,2,4,4,5,4,3,5,4,4,5,3,5,3,5,3,3,7.3,7,26,594,1618,PhD,1,Frontend Developer,100171
4,3,2,2,4,4,5,0,5,5,3,2,2,3,2,0,4,0,2,3,1,0,4,2,0,3,0,0,3,4,5,0,5,1,2,3,4,0,1,3,1,3,1,0,4,4,3,4,5,5,4,4,4,4,5,3,3,3,3,5,5,5,4,6.9,3,35,394,443,PhD,0,DevOps Engineer,120326
0,2,3,0,2,2,1,0,3,1,1,3,0,4,4,5,2,5,3,2,5,5,3,0,0,0,1,5,3,1,0,1,4,4,5,5,4,5,3,3,3,5,0,5,5,4,2,1,4,4,4,4,5,5,5,3,5,5,4,5,5,3,5,6.4,2,36,496,295,High School,1,Data Scientist,105193
3,5,0,4,3,5,4,5,3,0,5,0,1,1,2,5,3,3,3,0,1,2,0,5,1,2,3,0,3,2,0,0,0,5,0,2,1,5,3,4,4,4,2,3,0,3,1,1,4,3,5,3,4,4,3,4,3,3,3,5,4,5,4,3.9,7,14,498,921,Master's,0,Frontend Developer,73241
4,4,5,1,0,1,2,2,4,0,2,1,3,3,1,2,3,4,5,4,5,3,5,5,5,2,3,5,1,2,3,4,4,5,0,0,5,5,1,3,0,5,1,4,4,2,1,2,5,3,3,3,4,4,4,3,5,3,5,5,3,3,5,7.1,7,25,476,1550,Bachelor's,1,Frontend Developer,98771
2,0,1,0,5,4,1,4,5,4,3,5,0,5,1,0,5,3,0,2,5,1,4,4,4,4,2,5,3,4,5,2,0,4,5,2,5,1,3,1,5,2,5,5,3,0,2,0,3,4,5,5,3,5,4,5,5,4,3,3,3,4,3,7.8,7,36,758,975,Associate's,1,Full-Stack Developer,108088
4,3,0,5,5,4,3,1,1,0,1,4,4,0,4,2,4,2,2,2,0,2,2,3,3,1,2,0,4,5,5,0,2,5,1,0,1,1,1,1,0,3,0,3,1,1,5,5,3,5,5,3,3,5,4,3,3,3,4,4,5,4,4,5.1,5,26,726,935,PhD,0,Machine Learning Engineer,111312
3,2,3,4,1,5,4,2,1,3,4,5,1,1,1,2,4,0,2,0,1,1,4,2,5,1,5,0,4,0,0,1,1,0,2,2,5,3,5,1,0,5,0,1,5,4,0,3,5,4,5,3,3,3,3,3,4,3,5,5,5,4,3,3.5,1,19,510,125,Bachelor's,1,Data Scientist,112602
2,4,2,1,3,2,5,1,1,4,4,4,3,0,2,4,0,1,2,2,2,2,1,0,4,3,5,3,3,0,4,3,4,3,2,1,4,4,5,2,3,2,1,5,4,5,4,0,3,3,3,4,5,3,5,3,5,4,3,5,5,4,4,3.9,6,27,460,1282,Bachelor's,1,Machine Learning Engineer,104419
4,2,5,0,3,5,4,4,4,0,5,5,0,1,0,0,2,5,1,0,2,4,3,0,3,5,1,5,0,0,0,2,3,4,4,2,4,3,5,4,3,2,0,5,5,4,5,5,4,5,5,3,3,3,3,4,5,4,4,5,4,4,3,4.2,7,27,656,1091,Master's,0,Frontend Developer,84063
2,0,5,0,0,4,4,2,5,4,2,2,1,0,3,5,2,5,1,0,4,3,5,1,2,5,0,5,1,5,5,2,3,0,5,1,1,0,2,3,1,5,2,0,5,1,1,5,3,5,4,4,4,3,5,5,4,5,4,4,5,4,5,5.8,5,36,312,543,PhD,1,Machine Learning Engineer,75961
3,1,0,1,0,5,5,5,1,0,3,5,0,5,5,3,5,5,2,1,1,4,5,2,3,2,2,4,3,5,2,4,0,1,3,1,1,4,1,5,1,2,5,5,5,2,2,1,5,3,3,4,4,5,4,4,3,3,5,5,4,3,3,7.7,8,42,769,1352,Master's,0,Data Scientist,96310
3,5,2,3,1,1,0,3,5,0,1,1,5,3,5,4,2,1,1,3,4,0,5,0,1,1,4,3,5,0,3,0,1,3,1,3,3,0,4,3,4,3,5,0,4,2,3,3,4,5,4,4,5,4,3,5,4,4,3,5,3,5,5,2.5,2,18,592,688,Associate's,0,Full-Stack Developer,73735
5,3,3,2,0,2,4,1,5,0,4,0,2,0,5,2,5,5,3,4,5,5,5,5,1,5,1,4,1,3,4,0,3,2,1,2,0,4,3,3,2,2,3,4,5,4,0,1,5,3,4,3,3,5,4,5,4,3,4,5,3,4,5,6.3,10,26,565,1752,Associate's,0,Full-Stack Developer,83342
0,3,1,2,4,5,4,2,3,1,1,1,5,2,0,3,1,3,5,4,0,1,2,3,4,3,3,3,3,3,3,0,1,4,0,2,3,2,1,2,4,1,5,4,4,1,2,1,3,4,4,4,5,3,4,3,3,5,3,5,3,3,5,1.4,1,16,183,1023,Associate's,1,Full-Stack Developer,77495
3,0,3,1,2,3,1,5,2,3,2,0,4,3,2,3,3,0,2,1,1,2,4,2,5,0,4,4,3,1,1,2,2,1,5,1,4,4,3,0,3,4,1,4,5,1,0,4,5,3,4,4,3,4,3,4,4,3,4,3,4,3,4,11.2,12,49,1049,1834,Bachelor's,0,Full-Stack Developer,146929
4,0,3,2,4,3,5,5,3,3,2,1,5,0,4,3,1,4,3,2,4,2,1,0,3,1,1,1,4,0,5,1,5,2,2,4,2,1,0,4,1,1,1,2,3,2,4,4,4,5,4,3,4,4,3,5,5,4,4,5,5,5,5,6.4,4,38,343,1246,Bachelor's,0,Machine Learning Engineer,120951
0,2,2,5,1,4,2,4,2,0,5,0,0,3,3,3,1,4,0,1,1,3,2,5,3,2,2,2,3,0,4,2,0,0,3,3,1,5,2,1,5,1,2,1,4,3,1,2,4,4,3,4,3,4,4,5,4,5,4,4,3,3,5,3.9,3,29,360,1278,High School,0,DevOps Engineer,120471
4,5,5,0,1,5,5,4,4,2,3,3,4,5,1,5,3,2,5,1,3,2,5,4,2,5,1,5,4,0,5,5,2,5,0,0,5,0,1,3,2,0,2,1,3,0,3,3,5,4,3,4,3,5,3,4,5,4,4,3,4,3,5,3.7,0,16,18,671,Bachelor's,0,Data Scientist,105774
4,4,4,1,4,4,4,1,1,3,2,2,1,4,5,0,4,2,1,3,1,0,4,3,5,4,5,2,0,2,5,1,4,5,2,0,0,0,2,2,2,5,4,4,3,2,4,4,3,4,4,4,5,5,3,4,5,5,3,5,3,3,5,0.3,0,13,349,440,PhD,0,Data Analyst,59695
0,4,0,5,2,1,5,3,1,1,0,3,0,2,0,1,3,1,2,1,2,0,4,5,4,3,1,1,3,3,3,5,4,2,1,5,4,5,5,5,0,3,4,2,2,1,2,5,5,4,4,4,4,3,3,4,3,5,5,3,5,5,3,6.3,4,18,573,550,Bachelor's,0,Data Analyst,78737
5,3,2,0,3,2,4,0,1,3,3,5,3,2,2,3,1,3,3,4,1,4,0,1,5,4,4,1,4,3,1,2,0,2,2,5,1,5,3,3,1,4,2,1,0,3,1,3,3,3,5,4,4,3,4,3,5,5,5,4,5,5,4,3.0,0,21,90,396,High School,0,Software Engineer,84285
0,5,2,4,2,5,1,2,3,0,3,5,4,1,2,2,0,1,5,4,5,5,3,0,2,5,5,4,0,4,2,1,3,1,2,3,4,2,0,3,0,4,4,5,4,3,2,4,5,4,5,5,3,3,3,3,4,3,4,5,3,5,3,5.3,9,33,471,1024,Associate's,0,Data Scientist,87351
5,1,0,1,4,5,0,0,0,2,2,4,2,1,4,5,2,4,4,4,5,3,5,3,2,2,2,4,3,2,0,0,5,5,4,0,3,2,4,1,1,0,5,0,5,4,5,2,3,4,4,3,4,5,5,3,5,4,3,5,5,4,4,3.0,3,16,314,928,PhD,1,DevOps Engineer,85115
1,2,1,4,4,3,0,3,2,0,1,1,1,2,2,1,3,5,3,1,4,3,2,2,3,0,1,5,2,0,5,2,2,5,2,3,2,3,2,5,3,2,0,2,5,0,5,2,4,5,4,3,5,3,4,3,3,4,5,4,4,4,5,9.1,11,37,723,1162,High School,0,Data Scientist,114155
3,3,0,3,4,1,2,0,5,5,0,5,1,5,2,1,3,1,4,2,4,0,5,0,0,3,2,3,4,2,0,0,0,1,3,1,5,2,4,4,2,1,2,5,3,0,4,4,4,5,3,4,3,3,4,5,3,4,4,3,4,4,3,8.3,9,38,632,1818,Master's,0,DevOps Engineer,128187
1,5,1,4,5,1,2,4,2,2,1,2,1,5,3,4,2,3,0,3,2,5,1,2,5,5,0,5,1,0,2,3,3,2,3,1,5,3,4,1,3,0,0,0,1,0,0,5,5,5,5,4,4,5,4,3,5,5,3,3,5,5,3,6.2,6,21,505,1387,High School,0,Frontend Developer,101319
5,5,4,0,0,1,3,5,4,2,4,5,3,0,4,2,0,3,0,4,0,3,0,2,3,5,3,5,5,4,2,3,0,1,4,0,3,0,0,1,5,1,5,5,3,3,5,2,5,5,5,3,5,3,3,4,5,3,4,5,3,5,5,5.4,3,31,165,776,High School,1,Security Engineer,114756
4,2,5,5,5,0,3,3,4,2,3,1,4,5,3,5,0,0,3,1,1,4,1,5,3,5,5,2,2,0,3,4,4,5,4,4,0,1,5,0,3,4,0,2,4,1,3,2,3,5,5,5,3,3,4,5,5,3,4,5,3,3,3,8.7,10,28,590,1760,PhD,0,Mobile Developer,110551
4,1,4,5,4,1,4,3,4,1,4,4,4,0,1,4,1,5,3,1,4,4,4,5,1,3,4,1,0,4,4,5,4,4,4,1,5,4,5,0,1,3,5,1,1,2,3,3,5,3,3,4,3,5,5,4,3,3,3,3,5,4,3,10.0,9,48,911,1140,PhD,0,DevOps Engineer,125437
5,5,0,4,4,2,2,2,0,4,4,4,1,5,1,5,4,4,5,3,5,1,5,0,2,2,0,2,1,0,4,2,1,0,4,5,4,2,4,1,4,3,1,0,1,1,2,1,3,3,5,3,3,3,3,3,5,4,5,5,5,4,4,2.1,2,8,169,1088,High School,1,Frontend Developer,84289
0,0,5,0,0,0,3,4,1,0,4,2,4,1,0,0,0,2,3,5,4,2,3,1,1,1,1,1,3,1,1,1,5,0,5,3,2,3,4,5,1,2,1,5,2,4,0,2,5,4,3,3,4,3,5,5,5,4,3,5,3,5,3,2.1,2,17,313,341,PhD,1,Full-Stack Developer,83989
2,3,5,5,0,2,4,2,0,1,1,3,0,5,1,3,2,1,3,4,5,1,2,1,2,0,4,1,3,4,0,5,3,2,0,2,0,0,2,4,4,3,1,3,5,3,2,4,5,4,3,5,4,5,4,4,5,5,4,4,4,3,4,0.3,2,9,324,654,Associate's,1,Data Analyst,58801
4,5,0,5,4,3,4,2,5,3,1,1,0,0,1,3,3,3,3,2,4,1,4,1,2,0,1,5,5,4,2,4,1,0,1,0,4,2,5,4,3,4,0,2,1,3,2,5,4,5,4,4,5,5,4,5,3,3,5,3,3,3,4,3.6,6,20,767,1009,Master's,0,Backend Developer,85806
1,4,2,0,5,3,2,4,3,0,1,0,5,3,1,4,3,0,5,1,5,0,2,5,3,2,1,4,1,0,1,2,0,3,1,5,1,5,5,5,2,4,0,1,2,2,0,5,4,3,3,4,5,3,4,3,5,4,5,4,3,4,5,6.2,8,31,751,972,PhD,1,DevOps Engineer,108963
3,5,0,4,4,2,5,0,5,0,5,0,2,3,3,4,2,5,5,0,2,1,3,3,2,2,2,0,3,5,4,3,1,3,3,3,5,4,3,5,1,1,5,5,0,2,1,0,5,5,3,5,3,4,4,5,5,4,4,5,4,3,3,2.1,4,15,302,970,Bachelor's,0,Data Analyst,83117
3,2,5,3,0,4,0,2,0,3,0,0,4,0,5,4,1,4,3,2,2,1,2,2,1,4,0,1,2,1,5,5,0,2,5,1,1,0,1,0,1,1,2,1,2,5,2,4,3,5,4,4,4,5,4,5,5,3,5,4,3,4,3,1.1,3,18,341,495,Bachelor's,0,Mobile Developer,98133
3,4,5,1,3,4,5,2,2,1,4,4,2,4,5,5,4,1,5,5,1,1,1,0,2,0,2,0,4,5,4,0,0,0,5,2,2,3,3,1,0,4,3,3,0,1,1,0,3,3,4,4,4,5,4,5,4,3,4,3,4,5,3,8.6,7,29,485,1193,PhD,1,Security Engineer,85310
4,1,3,5,4,3,0,0,1,4,1,2,0,3,2,4,3,1,3,5,1,0,0,0,3,1,0,0,1,2,2,2,0,5,2,4,5,0,0,1,4,3,2,5,2,5,1,3,3,4,4,4,4,3,4,4,3,4,4,3,5,4,3,1.9,2,20,429,596,Bachelor's,1,Software Engineer,100052
3,0,3,4,3,0,1,3,3,0,0,2,2,0,3,5,0,3,2,4,2,5,2,5,3,5,2,5,2,0,0,3,4,4,5,0,2,3,5,3,0,5,5,1,1,0,4,2,4,4,3,5,4,3,3,3,4,5,5,5,5,5,5,10.4,13,41,887,1650,PhD,0,Software Engineer,105521
1,2,2,3,0,3,1,2,2,2,3,1,3,3,1,4,5,2,0,1,0,5,2,5,4,5,0,4,2,4,1,5,4,3,2,4,5,0,2,5,4,1,3,0,0,4,0,3,3,4,4,4,4,4,3,4,4,5,5,3,4,3,5,5.6,5,20,522,665,PhD,1,DevOps Engineer,128637
0,2,4,0,2,3,4,2,3,0,5,2,5,2,3,5,5,2,4,3,2,5,5,5,5,0,5,0,0,4,3,3,4,4,4,2,3,4,3,1,2,5,3,0,5,0,2,3,3,5,5,5,4,3,5,4,5,5,3,5,5,4,3,7.4,5,26,515,1044,Associate's,1,Software Engineer,87005
4,4,3,2,0,4,2,2,3,0,5,0,1,4,3,3,3,5,3,4,5,0,4,3,4,1,1,3,2,1,4,0,0,1,4,5,2,0,1,0,2,4,5,2,0,1,0,0,3,3,3,5,4,5,5,3,3,3,3,5,5,5,5,10.4,11,42,1026,1395,PhD,0,Security Engineer,96043
2,3,4,0,0,5,5,3,2,5,0,3,4,2,5,2,4,4,3,3,4,2,3,0,4,5,2,4,4,3,2,2,3,3,1,1,4,3,4,4,2,5,0,5,3,2,4,3,5,5,3,5,5,5,4,5,3,3,5,4,5,3,5,8.2,8,34,848,1165,High School,0,Full-Stack Developer,97988
5,0,1,1,4,4,3,3,4,3,4,5,3,3,3,1,4,0,2,5,4,5,2,0,4,5,5,0,1,5,4,3,2,3,2,3,3,2,3,3,3,3,0,2,0,5,1,4,4,3,3,4,4,3,5,3,3,3,3,4,5,5,4,3.8,4,23,272,636,Associate's,1,Software Engineer,50000
1,4,0,0,1,5,0,0,2,0,0,4,4,1,5,0,2,0,5,2,1,1,5,5,0,4,4,4,3,0,2,5,2,3,0,0,1,4,1,0,5,3,0,3,4,5,1,5,3,3,5,4,4,3,5,4,3,5,3,3,3,4,5,7.0,8,34,599,928,PhD,0,Software Engineer,79882
1,0,5,0,5,0,5,0,4,1,1,0,4,1,4,0,3,2,2,0,0,3,4,3,0,0,0,0,5,5,0,5,4,2,4,0,1,5,5,4,0,5,0,3,0,3,2,3,4,4,5,5,3,3,4,5,5,5,4,3,3,5,4,0.9,1,10,297,731,Associate's,0,Machine Learning Engineer,88830
4,2,0,1,0,2,3,5,2,0,1,3,0,0,4,3,4,0,0,4,5,5,0,0,2,2,3,2,4,4,1,2,5,2,1,0,4,4,0,3,3,3,5,1,2,4,1,2,4,5,4,3,5,4,4,5,3,3,4,5,5,5,3,9.5,8,46,837,1461,Associate's,0,Backend Developer,113783
3,5,4,1,1,0,2,3,2,2,5,4,4,0,5,5,4,3,3,3,4,0,3,3,3,4,1,5,1,3,2,1,2,0,0,2,5,1,2,2,2,5,3,0,3,5,5,1,3,4,3,5,4,5,5,4,3,4,3,4,5,3,3,9.2,6,27,456,1467,PhD,1,Backend Developer,74986
2,0,0,2,3,3,0,2,5,3,4,4,1,4,5,4,1,4,2,2,4,2,1,4,2,3,0,2,0,1,2,4,5,5,2,2,5,4,3,1,5,2,1,2,1,0,3,1,3,3,5,3,5,3,4,5,5,5,4,4,5,4,3,8.7,5,35,443,633,Bachelor's,0,Data Scientist,118714
4,3,0,5,2,0,0,5,5,3,2,5,5,1,2,5,1,4,0,0,0,1,2,0,3,2,5,3,0,2,0,5,5,4,0,2,3,4,2,0,1,0,2,4,5,0,3,2,5,4,4,5,5,3,3,5,3,5,4,5,3,5,4,7.5,7,27,582,1632,Associate's,0,Data Scientist,122804
2,1,3,2,5,4,4,5,0,1,3,5,3,3,1,0,1,3,3,4,1,0,1,2,0,0,3,0,2,3,1,4,0,5,5,4,2,0,0,1,1,5,1,0,3,3,5,4,4,5,4,3,5,5,4,4,4,5,3,5,4,3,3,8.0,10,28,789,1515,Master's,0,Software Engineer,125838
1,1,4,4,0,3,2,2,3,1,5,5,1,1,5,1,2,2,0,3,3,5,4,1,1,1,0,3,3,4,3,0,1,5,0,5,1,0,4,3,1,2,4,3,5,4,3,2,4,5,5,5,3,4,3,5,4,3,4,5,5,3,3,3.9,4,18,542,905,High School,0,Frontend Developer,55885
5,4,2,0,0,0,0,5,1,4,1,2,0,4,5,1,0,3,1,0,5,1,5,3,0,0,4,3,3,2,4,3,2,3,3,4,4,0,3,5,1,0,3,5,2,2,3,3,5,4,3,5,5,5,4,5,5,3,3,4,3,5,5,3.9,2,11,132,543,High School,0,Machine Learning Engineer,116466
2,3,4,1,4,4,1,1,1,2,2,1,3,2,5,2,1,0,2,0,2,0,5,2,2,2,4,0,3,4,1,0,4,2,5,1,0,0,0,4,4,1,3,3,0,0,0,4,4,5,4,3,5,4,5,4,5,5,5,5,5,4,5,0.9,2,12,279,559,Associate's,0,Frontend Developer,70828
5,4,2,2,0,0,0,4,1,1,0,0,1,3,0,3,2,0,2,0,1,3,2,5,5,1,3,4,5,4,1,2,5,2,5,2,3,1,1,0,3,1,4,4,2,4,3,3,5,3,3,3,3,4,3,3,3,3,4,4,4,3,4,4.9,2,22,502,794,Bachelor's,0,Software Engineer,89109
4,2,0,4,2,3,0,1,0,4,0,2,2,4,4,1,3,3,0,0,1,5,4,2,2,3,5,1,3,2,2,3,0,2,5,2,1,3,1,3,4,5,5,2,4,5,4,1,4,3,4,3,4,3,4,4,5,3,4,3,4,3,3,3.6,5,18,570,720,PhD,0,Data Scientist,91214
4,5,2,3,2,2,0,3,4,1,5,0,3,4,5,3,3,1,1,5,5,3,4,5,4,0,3,0,1,4,1,2,4,1,4,0,3,3,3,1,4,0,0,3,4,1,0,1,3,3,4,5,3,5,3,3,3,5,5,4,3,5,5,-3.3,0,0,478,329,Associate's,0,Mobile Developer,54117
3,1,2,4,1,2,4,5,5,4,3,4,2,5,5,2,1,5,2,2,2,3,4,1,4,2,2,5,5,1,2,4,5,5,2,3,2,1,1,4,1,2,3,5,1,1,1,5,3,4,4,4,5,3,4,3,4,3,4,4,5,5,3,6.9,5,35,427,1287,Associate's,1,Frontend Developer,129185
4,4,0,3,3,3,3,4,2,4,4,3,4,1,0,2,4,0,4,3,4,0,5,3,5,1,4,1,1,3,5,0,1,1,1,0,3,2,2,3,4,3,0,3,2,3,3,5,5,5,3,4,5,5,5,4,4,4,5,4,4,5,4,4.4,5,21,329,1313,PhD,0,Data Analyst,78828
1,3,0,2,3,3,0,4,1,0,3,4,4,0,2,0,2,3,4,0,5,3,1,4,4,1,3,2,4,5,1,2,0,0,3,5,4,3,5,5,2,1,5,1,3,0,0,1,5,3,5,5,3,5,3,3,3,4,5,5,3,4,3,4.0,3,13,159,1086,High School,0,Data Scientist,75464
3,2,5,4,3,2,2,0,0,3,3,0,1,3,2,5,5,0,2,5,2,4,2,2,5,3,3,5,5,4,3,0,0,0,4,4,5,3,1,0,1,0,4,4,1,4,1,4,4,3,3,4,5,5,5,3,5,5,4,3,5,5,4,5.4,5,17,700,1369,Bachelor's,0,Data Scientist,137141
5,2,5,5,2,3,0,3,5,3,2,1,5,4,2,0,3,1,3,3,1,0,5,1,2,3,4,5,4,1,0,1,3,1,4,4,2,0,0,1,0,1,3,3,2,3,2,1,5,3,5,3,5,5,5,3,4,3,5,4,5,5,4,-2.8,0,6,385,211,High School,0,Mobile Developer,78357
5,2,1,4,5,0,0,0,1,5,4,5,2,4,0,4,5,1,5,0,2,1,4,0,3,3,4,2,0,1,5,3,1,4,5,2,3,4,5,2,1,4,4,3,2,3,1,4,5,3,5,3,5,4,4,5,3,5,5,4,4,5,5,3.2,3,10,151,1297,PhD,0,Frontend Developer,100524
2,4,4,2,5,1,4,5,3,5,1,4,4,4,3,5,3,5,4,1,3,5,1,1,3,4,0,3,3,5,2,5,4,1,4,0,0,3,4,1,1,3,1,0,0,0,3,3,4,3,5,4,3,3,5,4,4,5,4,5,4,5,4,2.6,1,7,539,889,Bachelor's,1,Data Analyst,90921
1,1,5,4,3,0,1,1,5,4,5,5,4,2,3,0,1,2,3,3,3,4,5,4,3,4,5,3,4,3,2,4,3,5,0,4,5,4,5,5,3,5,3,0,1,5,0,0,4,5,3,4,3,4,4,4,3,3,5,5,3,4,4,3.5,1,21,357,522,High School,0,Data Scientist,97897
3,1,0,0,3,4,0,2,0,2,0,5,0,4,4,0,4,2,2,5,5,2,5,4,4,1,2,4,5,0,3,2,0,5,3,0,0,1,1,1,2,0,5,1,3,5,0,2,4,3,4,3,3,4,4,4,4,3,4,5,5,4,3,7.7,10,33,524,1841,Associate's,0,Machine Learning Engineer,103187
3,2,3,5,1,4,5,1,0,4,1,5,0,0,1,4,2,1,1,5,4,5,5,1,0,0,1,3,0,5,1,3,2,1,4,1,2,1,3,4,5,1,4,2,2,4,0,5,3,4,5,5,4,5,5,5,4,4,4,5,3,4,5,9.4,10,42,568,1830,Master's,0,Security Engineer,103130
3,3,1,5,5,3,4,5,0,2,1,5,2,1,5,3,1,5,4,2,5,1,3,1,1,2,4,1,2,1,0,2,5,3,4,1,0,1,5,0,4,1,2,2,5,5,2,1,3,3,4,3,3,5,3,5,5,3,5,5,3,5,3,1.4,5,22,255,661,PhD,0,DevOps Engineer,62846
1,5,5,2,2,2,5,3,5,3,4,2,2,2,2,0,0,0,5,1,1,4,2,0,1,4,5,3,3,3,5,1,2,4,5,5,1,1,2,5,3,3,3,2,2,2,4,4,5,3,3,4,3,4,5,4,5,5,4,3,4,4,3,6.5,7,23,841,876,Master's,0,Data Analyst,83489
4,3,4,0,3,4,5,5,1,1,4,5,3,5,0,4,0,5,3,2,2,5,4,4,0,0,0,4,4,1,0,2,5,2,4,5,5,1,5,4,5,1,1,5,4,4,1,4,3,5,3,4,3,4,4,4,3,3,5,4,3,3,4,3.7,2,24,221,919,Master's,0,Software Engineer,73251
5,0,5,4,5,1,1,4,5,5,4,1,5,1,4,1,4,3,5,4,2,2,4,4,5,2,1,1,2,5,4,3,1,1,5,0,4,2,0,5,1,4,5,0,0,4,3,1,5,3,5,5,5,5,3,3,4,3,5,4,3,5,3,1.7,2,16,140,1103,High School,0,Data Analyst,54099
4,4,3,2,3,2,5,1,2,3,3,2,5,4,4,1,1,0,5,4,4,0,1,0,5,5,3,0,5,4,5,1,2,3,3,3,1,4,1,3,4,3,3,4,4,2,3,2,3,5,3,4,4,5,3,4,5,5,4,4,3,4,5,3.4,2,20,311,1113,Master's,0,Data Scientist,133125
0,3,0,4,2,1,1,1,0,4,3,1,2,0,2,1,3,0,1,2,4,5,3,1,5,1,5,0,0,5,3,4,1,4,0,2,5,1,2,4,0,0,1,3,2,3,3,4,3,3,4,3,3,3,3,5,5,5,4,3,3,5,5,9.4,2,32,293,989,Master's,0,Security Engineer,118882
4,4,1,5,1,4,4,3,3,4,0,4,1,0,5,1,1,1,5,2,0,5,1,4,3,3,4,5,5,3,5,3,4,5,5,0,2,0,4,0,4,0,5,2,2,1,1,4,4,4,4,3,5,5,3,4,4,4,3,3,5,3,3,4.9,6,20,584,1295,PhD,0,Full-Stack Developer,97521
3,4,1,4,5,0,2,4,4,5,3,1,3,4,4,2,5,0,2,2,4,5,5,1,0,0,3,4,5,5,0,3,1,1,0,0,1,0,3,3,1,0,1,3,5,1,4,2,4,3,4,5,4,4,5,3,3,3,4,3,5,5,5,0.7,1,13,294,382,High School,0,Backend Developer,72327
5,3,2,3,2,4,1,2,4,5,4,5,4,3,4,3,5,3,5,3,1,2,4,0,3,0,5,4,1,4,2,5,4,2,0,0,2,3,1,0,0,5,0,2,0,3,5,1,4,3,5,4,5,3,4,5,4,5,4,3,3,4,4,4.9,1,15,129,173,PhD,1,Full-Stack Developer,88022
5,0,2,1,1,5,1,5,0,0,0,0,2,4,3,2,2,3,5,5,0,1,1,3,4,5,2,0,1,5,5,4,5,3,3,1,5,5,2,5,5,1,5,0,1,0,4,0,5,5,5,4,3,4,5,4,3,4,5,5,3,3,4,9.4,10,31,552,1252,High School,1,DevOps Engineer,133106
2,4,1,2,5,1,5,4,0,3,2,0,3,2,2,0,2,4,5,0,2,1,5,1,4,2,0,5,3,3,2,1,0,4,1,0,0,4,0,0,0,5,2,1,3,5,0,0,4,5,5,3,5,5,4,5,3,3,3,4,3,4,3,3.6,0,24,427,488,Bachelor's,0,Data Analyst,81840
0,2,0,5,4,1,4,1,1,3,4,4,2,4,1,4,2,5,5,2,4,3,1,3,4,5,2,4,0,3,5,2,5,5,5,3,0,1,1,4,1,3,1,4,1,0,4,2,5,5,4,4,4,5,5,3,4,4,4,4,4,5,3,3.1,2,17,157,658,High School,0,DevOps Engineer,59028
1,1,3,2,4,3,1,0,2,0,4,5,0,5,1,0,3,5,0,1,4,3,1,4,3,3,3,2,3,5,1,2,0,3,1,3,2,3,4,3,1,1,3,2,4,0,2,1,4,3,4,3,5,4,5,5,3,4,3,3,4,3,4,10.3,6,45,464,664,PhD,1,Data Scientist,155645
5,1,4,2,0,4,3,3,4,1,2,0,5,0,2,0,2,0,0,2,1,0,1,5,5,0,5,5,3,0,2,2,2,3,3,5,3,3,4,4,2,2,2,2,2,1,3,0,3,4,3,3,4,4,4,4,3,3,5,5,4,3,5,1.7,6,17,571,793,PhD,1,Backend Developer,83798
1,0,3,3,5,0,1,0,4,5,1,3,3,3,2,2,4,1,2,4,3,3,3,4,2,4,0,1,0,1,4,2,1,3,2,0,3,4,0,1,1,1,5,4,5,4,0,2,4,3,3,4,5,3,4,4,4,5,4,4,4,3,5,6.0,4,32,203,904,PhD,0,Frontend Developer,101406
5,4,5,5,3,2,1,0,0,0,5,1,3,2,2,1,1,4,0,2,4,1,0,4,3,1,0,0,0,4,0,0,5,5,0,3,1,2,2,4,5,5,0,0,5,4,3,1,5,5,4,4,3,4,4,5,5,4,3,4,3,3,4,0.4,0,13,216,648,High School,0,Backend Developer,73788
4,4,4,5,0,3,4,0,3,1,5,3,4,0,3,4,5,3,4,5,0,2,4,3,1,1,1,2,0,4,4,4,0,1,0,5,5,1,0,0,1,0,4,3,1,1,1,3,5,5,4,4,5,3,3,5,3,3,4,4,4,5,3,3.2,1,22,392,931,Associate's,0,Machine Learning Engineer,79055
3,2,5,5,4,4,3,4,0,0,5,2,3,5,0,3,1,5,2,4,2,2,4,3,4,3,0,2,3,3,0,4,1,5,4,5,4,3,2,0,4,2,1,4,1,4,5,5,4,3,4,4,4,4,4,5,3,5,3,3,3,3,4,4.4,5,30,644,681,High School,0,Frontend Developer,75852
2,5,0,2,0,0,1,3,0,5,1,2,1,5,4,2,3,0,3,0,0,3,5,5,1,4,2,4,2,4,3,3,1,0,1,4,4,1,2,5,5,0,0,4,1,5,0,0,3,3,3,4,3,5,5,5,4,3,4,4,4,4,5,7.7,7,26,632,1145,Master's,1,Software Engineer,93410
0,3,3,0,5,3,2,5,3,4,5,0,2,4,2,5,5,4,4,3,2,3,2,0,4,2,1,0,3,1,5,4,4,5,3,0,3,5,1,4,0,1,1,4,3,5,2,1,4,4,4,4,3,4,5,5,5,4,3,4,4,5,5,5.9,8,25,525,1190,Associate's,0,Mobile Developer,92125
0,0,1,3,4,5,0,4,3,4,0,1,3,3,4,2,5,5,4,5,5,5,2,1,1,2,5,1,0,2,1,1,3,4,0,4,2,3,1,1,3,5,5,4,0,2,4,4,3,5,4,3,5,3,3,4,5,3,3,3,5,5,5,3.1,1,15,371,500,Bachelor's,1,Software Engineer,86877
3,0,2,5,5,4,3,1,3,0,0,0,4,1,2,2,5,0,3,4,2,2,3,3,4,4,3,4,2,2,2,0,3,0,4,3,5,5,2,5,4,5,0,5,3,3,4,4,5,4,3,3,3,4,5,3,5,3,3,3,4,4,5,1.0,1,4,108,175,Bachelor's,0,Software Engineer,52063
2,1,5,4,4,2,1,2,0,3,5,3,3,2,5,1,4,5,4,1,4,0,5,2,0,2,5,1,0,2,0,2,5,3,4,2,4,5,3,0,0,3,4,3,3,2,1,1,5,3,3,5,3,5,4,5,5,5,4,5,5,4,5,4.0,4,27,414,1020,Associate's,1,Security Engineer,76256
2,2,1,0,3,0,3,0,5,5,0,4,5,4,5,5,0,2,3,1,4,2,1,0,1,4,3,2,1,2,3,2,4,5,3,4,1,4,3,1,5,0,2,1,2,3,5,5,4,3,5,5,3,3,3,4,3,4,5,3,3,3,4,8.5,9,39,579,920,Associate's,1,Mobile Developer,72395
4,4,2,1,2,3,4,2,5,2,5,0,0,0,1,3,1,4,3,0,0,5,3,2,5,3,3,0,3,3,5,5,3,0,2,5,3,5,3,3,4,2,1,3,4,3,5,1,4,5,4,3,5,3,3,4,5,5,5,3,3,4,3,6.4,6,22,390,1398,Bachelor's,0,Security Engineer,91810
1,5,1,3,5,3,2,2,0,3,2,0,1,2,5,2,2,0,4,5,4,0,0,2,5,3,1,3,2,5,2,0,0,1,3,5,2,0,3,5,0,4,1,2,2,5,4,5,4,5,3,4,5,3,3,3,3,3,4,5,3,5,4,3.4,6,10,516,870,High School,0,Software Engineer,84369
4,0,4,0,1,5,1,5,0,5,3,2,2,2,1,5,2,4,5,2,3,5,4,4,1,5,1,5,0,5,5,3,1,4,3,2,5,3,3,4,5,0,3,0,5,5,2,0,4,4,3,5,3,4,4,3,5,4,3,3,3,3,4,2.6,3,8,415,1010,High School,0,Backend Developer,79374
1,5,4,5,2,5,1,4,5,3,0,3,3,3,2,5,3,0,5,3,2,1,2,1,0,0,4,3,5,4,4,1,0,1,0,2,4,3,0,0,4,3,5,4,5,0,0,4,4,4,4,4,4,5,5,5,5,5,4,3,3,3,4,7.2,6,37,613,1553,High School,0,Backend Developer,95265
4,1,1,1,0,0,2,4,5,2,2,1,1,1,4,1,0,4,0,5,3,5,5,0,2,1,1,0,1,3,0,1,2,5,2,0,1,5,3,4,3,1,2,4,1,1,3,0,5,3,3,5,4,5,5,4,3,4,5,4,3,3,5,3.7,2,27,591,1123,Associate's,0,Full-Stack Developer,72477
1,4,5,3,0,0,4,0,1,3,3,4,5,5,1,3,3,2,5,2,2,3,3,4,4,5,2,0,0,1,3,0,0,5,4,4,2,4,2,2,4,2,0,5,2,3,1,0,3,4,5,5,5,4,5,4,5,4,3,4,3,3,5,5.8,7,24,733,1148,Bachelor's,1,Backend Developer,99883
2,1,3,4,1,1,2,2,4,3,5,2,4,0,3,0,1,5,1,5,1,3,4,2,4,3,5,3,2,1,4,3,5,1,1,4,0,4,3,0,4,5,3,4,3,5,1,2,4,4,5,4,3,4,5,4,4,3,4,3,4,4,5,8.0,5,28,391,1391,Master's,1,Mobile Developer,88089
3,0,5,1,0,0,2,2,2,5,5,3,1,0,1,4,4,2,3,5,2,0,0,5,5,5,3,0,4,3,0,0,4,2,5,0,1,5,1,5,5,4,2,5,1,3,3,4,4,4,3,3,3,4,4,3,5,3,5,4,3,3,3,7.2,7,28,791,1374,Master's,1,Backend Developer,88864
5,2,0,1,1,4,2,3,3,0,4,0,3,5,2,4,4,0,1,2,5,1,2,5,4,1,5,3,2,2,5,2,2,1,1,2,3,5,4,5,5,2,3,4,0,5,1,5,4,4,3,5,4,4,3,4,5,4,3,3,3,4,5,5.3,7,25,523,917,Associate's,0,Mobile Developer,116209
4,2,3,0,4,3,4,0,1,5,5,5,2,2,1,2,2,5,5,0,1,3,2,2,0,2,0,1,4,3,1,1,5,3,0,2,5,4,4,4,2,2,3,3,0,1,2,4,5,3,5,5,4,4,4,3,3,3,4,4,3,5,4,4.8,9,33,633,1617,PhD,0,Backend Developer,100100
5,5,0,1,4,3,3,2,1,3,0,2,1,3,4,0,4,4,1,1,5,5,0,5,1,2,0,4,3,1,5,5,2,1,0,3,4,1,4,5,5,0,1,2,4,4,5,1,3,4,3,4,5,4,3,5,5,3,4,5,3,3,4,8.4,7,33,652,756,Master's,0,Frontend Developer,112961
0,0,3,0,4,4,5,2,2,2,5,3,2,5,2,2,5,2,4,4,4,0,0,2,4,1,3,5,5,0,0,3,4,2,0,4,2,2,2,3,1,0,3,4,5,0,5,5,3,4,4,4,3,3,3,4,3,3,5,5,3,3,3,5.7,4,26,225,850,Associate's,0,DevOps Engineer,95594
0,4,0,4,0,0,5,2,3,2,3,2,5,3,5,2,4,1,1,3,1,2,0,5,2,2,3,4,2,1,4,0,4,3,5,3,0,3,1,2,4,4,2,1,4,2,0,2,4,4,5,3,3,5,3,4,3,4,3,5,3,5,3,4.0,7,18,510,1018,PhD,0,Full-Stack Developer,79160
1,2,5,4,4,5,0,3,3,4,1,2,1,3,4,5,0,1,4,0,4,3,5,0,2,4,4,3,1,4,0,0,4,0,0,1,1,1,1,0,4,2,5,1,3,5,4,4,3,4,4,5,4,3,5,4,3,4,4,5,5,4,3,7.5,8,40,444,871,Master's,0,Data Analyst,110170
5,3,2,4,1,3,2,1,3,2,1,4,0,3,1,1,4,2,0,2,3,5,5,5,2,4,0,5,5,4,0,4,4,2,3,5,4,3,1,3,1,5,2,5,1,0,3,1,3,4,3,3,4,5,5,5,5,3,4,3,4,4,3,3.0,2,26,227,381,Bachelor's,0,Full-Stack Developer,108623
3,3,2,1,0,4,1,5,3,4,0,1,0,0,0,3,3,2,2,0,0,2,1,4,1,0,1,5,2,3,1,2,2,0,4,4,5,5,4,3,5,3,1,3,1,1,3,5,5,4,4,3,3,5,5,5,5,3,5,4,3,4,3,1.9,1,10,348,245,Associate's,0,Full-Stack Developer,109004
4,3,5,0,5,0,4,1,2,1,5,5,5,3,2,5,2,3,3,4,0,4,5,2,4,0,5,2,5,5,3,1,1,4,4,3,1,1,2,3,2,2,1,3,1,1,5,1,5,4,4,5,5,4,5,5,3,4,3,5,3,5,3,0.3,1,11,302,898,Master's,0,Backend Developer,72613
3,4,1,1,0,1,1,3,1,0,3,2,4,1,1,1,0,4,4,0,4,1,0,5,3,4,0,5,0,0,2,5,4,0,3,3,0,2,2,2,4,0,1,0,3,4,3,3,3,4,3,5,5,3,5,5,5,5,4,5,5,4,4,3.9,2,17,320,996,Associate's,0,Data Analyst,50000
2,2,5,5,4,3,5,3,0,5,3,0,0,4,0,2,0,3,0,1,0,2,4,3,4,4,1,3,1,4,5,2,1,2,2,3,5,3,2,1,0,1,4,3,1,4,3,2,3,5,4,3,5,3,3,5,3,4,5,3,4,3,3,7.7,9,30,691,1569,High School,0,Data Scientist,115338
0,1,3,1,1,4,4,3,3,2,4,1,5,2,2,0,2,2,4,5,2,4,4,3,4,0,2,4,4,0,3,4,0,4,1,2,2,3,4,0,2,3,2,2,3,4,5,5,4,5,3,5,4,4,5,4,5,5,4,3,3,4,5,8.1,9,39,646,1701,High School,0,Software Engineer,102220
1,0,1,4,1,3,1,0,2,1,3,0,1,5,4,5,5,3,2,0,3,5,2,1,3,4,3,5,4,0,2,3,1,3,0,2,0,5,0,2,3,1,3,4,1,4,1,2,5,4,3,5,3,4,5,4,4,4,4,3,5,5,4,8.3,8,36,814,1126,High School,0,Software Engineer,99995
0,4,1,3,4,4,4,0,3,4,3,3,3,4,0,1,4,4,4,0,5,1,1,0,1,4,3,2,5,2,0,4,4,2,5,3,0,5,3,5,4,3,5,3,0,2,5,2,4,5,5,5,3,5,5,4,5,3,4,4,4,4,3,8.7,6,28,316,600,High School,0,Data Scientist,121418
4,5,3,5,5,3,0,1,5,1,4,4,2,5,1,2,3,4,2,0,2,0,3,1,0,2,2,3,5,4,5,5,5,0,0,1,1,3,5,3,4,3,0,3,5,3,3,1,3,5,4,4,4,5,5,5,5,4,3,5,5,5,5,8.9,10,29,767,1539,Associate's,1,Frontend Developer,94848
3,0,0,4,5,3,4,5,5,5,5,0,5,0,4,1,3,0,3,1,5,2,4,0,3,0,4,3,3,5,5,0,4,4,0,3,4,4,0,1,3,3,2,2,5,5,5,2,3,4,4,4,4,3,4,3,5,3,4,3,3,5,3,6.5,6,30,490,638,PhD,0,Machine Learning Engineer,115685
5,0,0,2,0,3,4,5,4,5,5,5,0,4,4,5,2,4,4,1,4,5,3,1,2,3,5,3,4,3,3,2,0,5,5,2,3,5,2,0,5,0,3,4,4,4,4,0,3,5,4,3,4,4,5,3,4,3,3,4,5,4,3,1.7,0,16,31,82,Master's,0,Security Engineer,71164
4,4,2,0,5,1,4,2,2,3,0,0,0,1,0,2,1,4,5,1,3,5,2,3,1,0,5,2,5,2,0,4,1,1,3,0,2,4,2,3,4,0,0,0,2,3,2,4,3,5,5,4,3,4,5,4,3,3,3,4,4,5,4,5.7,11,34,802,1620,High School,1,Mobile Developer,99268
0,5,0,0,5,3,3,2,0,2,4,4,1,1,3,4,1,1,4,4,0,0,4,3,1,4,1,5,1,5,2,3,0,2,1,2,5,2,4,4,1,5,2,4,1,0,2,3,4,5,4,5,4,4,5,3,3,4,4,3,4,5,3,4.8,4,16,486,1350,High School,0,Data Scientist,116734
1,5,4,0,5,4,3,2,5,1,5,1,1,0,0,0,1,5,0,4,5,3,1,4,5,4,1,0,1,5,4,0,3,5,2,2,3,1,0,2,1,2,2,2,5,1,3,2,5,4,5,4,4,4,5,4,4,3,3,4,4,5,4,5.4,7,21,701,1287,Bachelor's,0,Full-Stack Developer,102122
3,4,4,2,2,4,3,2,2,3,1,5,3,0,0,1,2,0,2,5,5,0,2,0,2,2,4,1,2,5,2,3,1,5,3,0,1,1,5,1,3,4,2,4,0,2,1,0,3,4,5,3,4,5,3,3,5,5,3,3,3,5,4,3.5,5,15,625,830,Bachelor's,0,Software Engineer,73096
5,5,1,5,1,1,4,4,2,2,1,4,0,2,2,2,5,3,2,4,4,4,4,1,4,4,2,5,3,0,2,0,2,4,5,1,0,4,4,3,5,2,0,5,1,0,4,1,3,5,4,5,5,5,3,4,5,4,3,3,3,3,4,4.8,1,22,236,137,PhD,1,Data Analyst,88836
1,5,5,0,1,0,3,5,0,5,2,4,5,1,2,0,5,5,1,1,3,5,5,0,1,3,1,3,5,2,4,3,5,4,1,1,5,1,2,1,0,3,2,0,3,3,1,2,5,4,3,3,4,3,4,4,3,3,4,4,4,3,4,-0.6,0,6,82,856,PhD,0,Mobile Developer,88452
0,1,2,5,2,5,3,2,5,1,2,3,4,5,0,0,5,4,5,2,1,4,0,1,2,3,2,0,4,3,2,4,4,2,5,5,1,1,4,2,5,2,0,1,5,0,0,2,5,4,5,4,3,3,3,3,5,4,3,5,3,3,4,5.1,3,15,588,975,Associate's,1,Frontend Developer,111790
2,5,1,1,4,0,2,0,0,4,1,3,4,1,3,3,0,5,5,0,0,4,0,3,0,3,2,4,5,2,0,4,0,0,0,3,5,3,4,4,2,4,4,1,1,4,3,0,5,4,3,4,4,3,4,4,4,4,4,3,3,5,4,4.2,4,13,285,1298,Master's,0,DevOps Engineer,94237
2,2,5,1,0,2,5,1,3,0,3,4,4,4,1,1,0,0,4,5,3,1,0,4,5,5,3,2,4,5,1,2,1,3,2,2,4,5,5,0,1,2,2,4,5,2,1,3,3,3,3,4,3,4,4,4,4,3,4,4,3,3,3,1.4,3,16,613,364,Bachelor's,0,Security Engineer,58245
3,4,3,3,5,3,5,4,2,0,2,1,2,5,2,4,1,4,1,3,5,5,4,1,5,5,0,0,5,2,3,3,5,4,3,0,0,1,5,0,2,0,1,0,0,5,2,1,4,3,5,4,4,3,5,4,5,5,5,4,5,4,4,-0.1,0,5,349,546,Bachelor's,0,Backend Developer,73415
5,1,1,3,1,3,5,2,2,1,4,2,0,3,5,0,3,1,2,3,5,1,0,3,0,1,1,2,0,4,0,0,3,1,1,0,3,5,0,0,1,4,4,4,2,1,4,3,5,5,5,3,4,5,3,3,3,5,4,3,3,4,3,11.4,15,49,771,2337,Associate's,1,Full-Stack Developer,100850
0,0,4,0,3,4,1,5,3,2,0,5,4,2,5,0,0,2,5,3,1,5,0,5,1,3,2,4,0,0,3,0,2,5,2,2,2,1,0,3,5,4,4,3,2,2,0,1,5,5,3,4,3,4,4,3,3,5,3,4,4,5,5,5.8,6,18,717,895,Bachelor's,0,Mobile Developer,110195
3,4,0,5,4,4,5,5,0,4,1,2,0,2,0,4,5,0,3,1,4,5,1,3,2,2,2,1,0,5,4,2,3,4,0,1,0,1,3,1,5,0,1,5,4,2,2,5,3,4,4,3,3,4,3,3,3,3,5,5,4,4,5,1.8,2,22,451,256,PhD,1,Data Scientist,76432
3,5,1,1,5,1,3,2,4,1,5,5,2,1,5,0,2,3,5,0,5,2,2,5,5,3,4,1,0,3,5,0,5,4,5,0,4,5,2,5,0,0,4,2,5,2,3,5,3,4,3,3,5,3,4,4,3,4,4,4,4,5,5,4.5,3,17,305,837,High School,0,Mobile Developer,80587
3,5,5,0,1,3,4,3,5,4,4,0,1,1,2,5,0,0,0,4,5,1,1,3,3,2,2,3,2,0,0,2,4,2,4,4,4,4,2,3,4,0,3,0,0,3,0,2,4,4,5,4,3,5,4,4,3,3,4,5,5,5,5,5.0,2,19,548,1150,High School,1,Full-Stack Developer,76075
0,1,4,2,3,5,5,3,1,4,3,2,4,2,2,0,3,5,2,3,2,2,5,5,2,1,1,3,2,0,4,0,1,3,3,4,1,4,4,0,1,1,0,3,4,1,0,0,3,4,4,3,3,3,3,5,3,4,5,5,5,5,4,7.3,5,33,649,1075,Master's,0,DevOps Engineer,140189
5,5,3,3,1,5,0,2,1,0,5,5,3,1,4,5,5,3,0,1,1,2,1,5,0,1,0,0,3,0,4,4,2,2,2,4,4,2,2,4,4,3,3,0,5,2,4,2,3,3,5,3,4,5,5,4,5,3,3,5,3,4,4,6.8,9,33,922,1187,PhD,1,Mobile Developer,106139
2,3,0,3,3,1,3,1,4,5,5,5,5,0,4,3,1,3,0,5,4,1,4,4,1,1,4,2,0,2,3,1,5,3,2,1,2,5,1,2,0,4,1,3,4,1,4,3,4,4,5,5,4,4,5,4,4,5,4,3,5,5,5,4.9,6,16,572,909,Master's,1,DevOps Engineer,88040
0,5,0,1,3,5,1,2,1,2,3,3,1,0,0,2,5,2,4,5,1,3,2,1,4,3,5,5,0,4,3,1,1,0,1,1,1,0,1,1,5,3,1,5,4,1,5,1,5,3,4,5,3,4,4,4,4,4,4,5,5,3,4,4.2,3,28,393,673,PhD,1,DevOps Engineer,91132
3,5,0,0,1,2,0,1,5,4,1,4,3,2,0,0,5,5,5,4,1,3,5,5,2,1,2,3,2,0,1,4,1,0,4,2,3,5,3,4,3,1,5,4,1,2,1,1,3,4,4,3,4,3,4,4,4,4,3,4,3,3,3,-1.6,0,11,396,319,Bachelor's,1,Frontend Developer,53325
0,2,3,4,3,4,4,1,0,4,0,0,1,5,5,5,1,5,2,5,4,1,5,1,5,4,5,4,5,2,1,5,0,4,0,0,0,2,0,3,1,2,2,3,3,5,0,2,5,4,3,3,5,5,3,3,3,3,3,4,4,4,3,7.8,5,35,515,1045,PhD,1,Frontend Developer,124467
5,0,0,4,1,1,4,1,2,2,3,2,1,4,3,3,4,5,1,3,0,5,2,5,4,1,4,1,3,1,5,1,2,2,0,4,1,5,2,2,3,4,0,3,1,5,3,0,3,4,3,5,4,5,5,3,3,5,3,3,4,3,3,3.4,1,10,300,241,PhD,1,Frontend Developer,75959
4,1,2,5,5,5,2,1,0,5,4,1,1,3,1,2,5,3,3,1,3,1,0,2,4,0,0,1,1,2,1,3,2,1,4,0,5,4,3,4,1,5,3,2,1,3,0,1,4,5,3,4,5,3,4,3,5,3,5,3,3,5,4,1.7,0,18,473,676,Bachelor's,1,Data Analyst,74997
3,1,0,3,0,5,2,1,1,3,0,0,3,3,2,1,0,5,5,3,2,0,3,4,1,5,1,4,3,3,1,4,0,4,1,3,4,4,5,3,0,4,4,4,1,4,4,3,4,3,3,3,3,4,5,4,3,5,5,4,4,5,4,2.1,0,25,394,379,Master's,1,Software Engineer,65780
3,0,1,0,3,5,0,4,1,1,5,5,0,5,2,5,1,0,1,3,4,1,2,5,4,3,3,3,3,4,1,4,0,1,4,5,0,5,3,2,4,5,1,2,3,2,1,2,4,5,5,3,4,3,3,3,3,5,3,5,4,3,3,9.6,7,46,546,1580,Bachelor's,1,DevOps Engineer,117852
1,0,5,0,4,2,1,1,3,0,4,1,5,0,5,5,5,3,0,0,4,4,3,5,2,5,5,4,1,4,0,5,5,0,2,0,1,1,1,3,3,4,0,5,2,2,5,1,3,5,5,5,5,3,4,4,5,5,5,5,5,3,4,6.1,8,37,606,1208,High School,0,Machine Learning Engineer,104550
4,1,3,2,2,4,2,4,1,1,1,1,4,1,1,3,4,4,0,3,2,0,1,3,4,1,1,4,2,4,0,1,5,2,1,0,3,1,5,2,0,1,3,3,1,0,4,2,3,4,5,5,4,5,4,5,3,3,4,5,3,4,4,3.4,3,29,526,476,High School,0,Backend Developer,98670
4,4,3,4,1,1,5,2,1,3,1,2,0,4,3,3,1,4,5,3,5,1,1,4,3,4,3,5,3,1,0,4,0,2,2,0,2,2,4,1,1,5,3,1,2,0,4,0,3,5,3,5,3,3,5,4,4,5,4,5,5,3,5,5.5,6,18,425,1412,PhD,1,Machine Learning Engineer,95141
5,2,0,3,4,4,0,0,5,2,1,5,5,1,4,0,2,1,4,0,3,4,4,4,1,3,4,3,3,1,3,4,0,1,5,0,5,4,5,3,0,4,1,5,5,0,1,4,4,4,5,5,5,3,5,5,4,4,3,5,3,5,4,3.0,3,19,272,776,Master's,0,Security Engineer,92254
2,1,0,0,4,1,4,0,4,4,1,1,5,3,0,0,4,0,5,5,1,3,1,3,0,0,4,5,4,1,0,1,1,0,3,4,5,3,2,1,5,5,0,4,3,4,1,3,4,3,5,5,4,4,3,5,4,4,5,4,4,4,3,2.7,0,27,201,820,Associate's,1,Software Engineer,59102
1,3,1,2,2,1,3,1,1,5,5,3,4,5,2,4,2,4,1,5,1,1,0,3,4,1,4,3,3,4,2,0,3,2,0,4,1,3,4,4,0,4,2,5,3,1,1,1,4,4,5,3,5,3,3,4,4,5,3,4,3,5,3,2.9,6,20,442,1424,Master's,1,Software Engineer,66917
3,3,1,1,0,5,3,2,1,3,3,5,4,4,2,3,0,1,1,3,2,0,0,5,5,5,4,0,3,0,1,0,4,4,4,3,5,1,2,0,0,1,0,1,3,1,3,5,5,5,5,5,4,4,4,3,5,4,4,3,4,4,5,5.9,5,17,608,1157,Bachelor's,0,Machine Learning Engineer,132077
0,1,1,1,2,2,1,2,4,5,3,1,3,5,2,4,2,1,3,5,2,3,1,3,2,1,4,4,4,2,2,1,0,5,3,0,2,3,5,4,5,5,0,3,3,5,5,2,5,3,4,3,4,4,3,5,4,4,4,4,4,5,3,6.4,7,24,516,1271,High School,0,Mobile Developer,116234
5,5,1,1,3,0,5,3,4,2,4,4,1,2,0,4,2,3,2,2,5,5,4,1,3,4,2,3,5,4,4,4,1,5,5,0,1,3,0,1,4,1,5,1,0,4,4,3,3,5,3,5,4,3,3,4,3,4,5,4,5,4,4,5.8,5,29,375,1284,Master's,0,Backend Developer,94440
3,4,0,1,3,4,4,1,4,0,0,2,0,2,1,5,4,4,2,4,1,3,3,2,2,2,0,2,4,3,1,2,5,0,2,5,5,0,5,3,3,5,4,0,4,5,2,4,5,5,4,3,4,5,4,3,3,5,5,3,4,3,5,2.5,2,18,598,401,Master's,0,Frontend Developer,88438
1,5,3,5,0,2,5,1,3,1,4,4,3,3,2,2,4,0,0,3,0,2,5,5,3,4,1,5,4,5,1,2,3,1,5,5,3,0,5,3,0,5,0,3,5,1,1,2,3,3,3,3,4,5,3,5,4,5,3,5,5,3,3,2.7,3,13,398,600,Master's,0,Mobile Developer,89687
5,3,1,0,3,0,3,0,0,4,5,2,1,5,3,0,0,5,3,5,2,2,0,3,4,3,2,4,5,3,3,1,5,3,1,5,2,2,1,4,3,2,5,0,4,3,1,4,4,4,4,3,4,4,3,3,5,4,5,3,5,4,3,4.7,4,23,630,463,Associate's,1,Full-Stack Developer,110315
2,3,4,1,5,0,5,5,0,3,2,1,0,4,4,0,5,2,0,3,2,5,1,2,3,5,2,1,2,0,1,0,3,4,0,4,5,1,1,5,0,3,3,3,1,1,2,3,3,4,4,4,4,4,5,4,4,3,3,4,4,5,3,-0.2,0,15,339,354,High School,0,Software Engineer,71725
3,2,1,0,5,2,1,5,0,1,3,4,2,2,2,4,5,0,4,4,4,1,0,1,5,3,5,0,1,2,5,2,4,1,2,4,4,1,4,4,2,3,5,2,3,5,2,2,4,5,3,4,5,3,3,3,5,4,4,3,4,4,5,9.0,7,27,562,1317,PhD,0,Full-Stack Developer,118613
2,4,0,4,4,3,5,4,4,2,0,1,2,3,4,1,2,1,1,5,2,4,5,4,1,4,0,3,1,4,3,5,5,3,5,2,5,3,2,1,3,2,3,3,3,5,5,1,5,4,3,3,5,3,5,5,3,5,5,4,3,3,3,9.4,16,40,1236,2265,PhD,0,Frontend Developer,117537
5,3,2,4,4,3,5,0,1,5,2,0,5,3,0,4,3,1,2,4,2,5,2,4,4,0,4,3,4,4,4,2,5,1,4,0,1,4,2,1,5,3,3,0,5,5,4,3,3,3,3,5,3,4,4,5,4,3,5,4,3,4,5,0.9,3,14,199,673,PhD,0,Full-Stack Developer,74944
5,5,2,0,2,4,0,5,2,0,2,1,1,0,1,0,5,5,3,5,2,3,5,4,3,1,5,2,3,0,5,4,5,1,1,0,5,5,4,0,1,1,5,4,1,5,5,1,4,5,4,4,3,5,4,4,5,3,5,5,3,5,3,7.4,7,23,519,1011,PhD,0,Backend Developer,86166
3,0,3,5,4,4,4,5,2,5,5,5,0,0,0,4,3,5,2,2,5,0,5,5,1,2,1,4,1,0,0,3,1,2,0,4,0,4,2,2,3,4,4,4,4,2,3,0,5,4,3,5,5,4,3,4,3,5,4,3,4,5,3,5.0,4,19,515,1205,Master's,0,Software Engineer,90286
4,0,4,0,5,2,0,0,4,5,3,0,2,5,4,3,0,0,5,3,3,2,1,3,3,0,5,4,3,4,3,0,3,5,2,2,1,1,3,4,1,4,3,3,0,0,0,3,3,5,4,4,4,3,4,3,4,3,5,5,5,3,3,3.7,4,12,378,1256,Associate's,1,Mobile Developer,97067
3,0,0,4,2,4,1,0,1,3,5,3,3,2,5,4,5,2,3,5,0,0,1,4,2,2,2,3,3,5,1,2,1,5,0,4,2,5,2,2,0,5,0,5,5,5,0,0,4,4,3,3,5,3,4,4,3,3,4,3,4,4,3,1.2,0,9,340,106,Bachelor's,0,Data Scientist,105754
4,4,4,4,3,2,3,2,0,2,3,4,0,5,2,5,0,2,4,5,2,3,0,5,3,3,5,4,3,1,2,5,2,1,4,1,3,5,3,1,5,4,0,3,1,4,3,1,4,3,5,4,4,5,5,5,3,4,5,5,5,4,3,6.6,3,30,344,1177,High School,1,Security Engineer,106381
4,1,0,1,0,4,2,1,3,1,2,0,1,5,0,1,3,0,1,5,4,5,2,0,0,4,3,5,2,5,3,1,5,3,4,2,4,2,3,3,1,3,3,0,4,1,5,5,5,4,3,5,5,5,5,5,5,4,4,5,4,4,5,2.7,4,8,201,898,Associate's,1,Mobile Developer,90288
4,4,4,0,5,5,4,0,5,1,1,3,2,0,3,2,0,2,4,5,4,1,3,4,5,0,5,2,4,2,5,5,1,5,0,1,5,2,3,2,5,1,2,1,4,3,1,1,3,4,5,3,3,4,5,5,4,3,3,3,3,3,3,9.2,8,35,845,950,High School,0,Full-Stack Developer,139606
4,2,4,4,0,4,5,2,3,0,1,2,0,5,5,5,4,3,2,5,0,2,3,2,2,3,1,1,3,2,4,1,3,0,4,3,1,0,5,5,3,4,1,5,2,5,0,3,3,5,5,3,4,3,3,5,4,4,5,5,3,5,5,2.0,4,23,217,1262,Master's,0,Backend Developer,79240
4,0,2,0,2,4,2,4,5,4,0,2,2,5,3,3,4,0,1,1,2,2,3,1,1,5,2,0,0,1,4,0,2,4,3,0,5,1,1,1,4,5,2,5,2,2,1,4,4,3,3,3,4,4,3,5,3,3,4,4,3,3,4,2.6,1,19,530,1092,Bachelor's,1,Machine Learning Engineer,83225
0,3,5,5,1,0,1,1,2,2,4,4,4,2,4,0,4,3,0,2,2,2,2,1,4,5,3,2,4,3,1,2,3,5,1,4,5,4,3,3,5,1,3,3,2,5,0,1,5,5,4,4,3,4,4,5,3,3,4,4,4,5,4,3.6,7,28,466,1073,Bachelor's,0,DevOps Engineer,90975
2,1,1,3,1,3,1,2,2,0,1,1,5,5,2,4,2,2,1,0,4,1,5,5,1,1,1,2,0,0,4,1,2,2,4,5,4,2,2,0,4,3,2,3,1,1,0,0,3,4,3,4,5,5,4,3,5,3,3,5,3,3,3,3.8,2,23,388,1020,Master's,0,Data Analyst,79266
2,4,5,5,3,1,1,0,4,2,2,1,4,1,2,3,3,2,1,1,0,2,2,1,3,5,4,1,2,1,0,4,1,4,1,3,3,1,3,0,1,1,5,5,4,0,5,5,5,5,3,3,3,4,5,3,4,3,5,4,4,5,5,3.7,0,26,495,554,Bachelor's,0,Mobile Developer,85061
3,4,1,3,3,1,0,5,4,4,4,4,1,1,5,1,2,4,0,0,4,1,3,0,3,2,3,1,2,0,1,1,5,5,3,3,1,1,4,1,4,5,5,4,2,3,0,0,5,5,4,3,5,3,5,5,5,4,5,3,4,4,5,4.1,3,28,585,302,High School,0,Data Scientist,134352
0,1,1,0,0,4,2,3,0,0,1,2,4,4,1,3,4,0,2,5,1,1,0,2,3,1,0,0,5,1,3,2,0,1,2,4,1,3,1,1,3,4,3,3,3,5,4,1,4,4,3,5,3,3,3,5,3,5,3,3,4,5,3,7.2,6,24,727,1011,Master's,0,Security Engineer,103805
4,3,0,2,1,4,4,5,1,2,1,3,0,1,4,2,4,2,1,1,2,0,2,3,4,1,3,2,0,4,1,2,0,4,1,3,4,2,2,2,3,5,4,0,4,4,4,2,4,5,4,5,4,4,3,3,3,4,3,4,5,3,5,4.7,5,25,599,1154,PhD,1,Data Scientist,119745
1,2,3,3,4,1,0,0,1,4,4,2,0,5,4,0,3,1,4,1,3,3,2,2,2,2,2,2,1,4,5,4,4,0,1,4,5,3,1,3,0,1,0,2,4,5,4,1,3,3,4,4,5,3,3,3,4,5,4,5,4,3,4,1.8,0,10,25,269,Master's,1,Backend Developer,71810
0,2,4,0,4,3,4,5,2,4,3,5,3,3,1,4,1,2,5,0,4,4,1,2,0,1,0,1,0,5,1,1,1,5,2,4,1,0,5,2,4,5,3,5,0,0,4,5,5,3,4,5,5,3,5,3,5,3,3,5,3,3,3,2.4,1,15,342,791,Master's,1,Security Engineer,82582
1,0,2,2,0,1,2,4,2,4,4,0,0,0,2,2,4,2,2,3,4,0,1,5,4,0,0,4,4,2,4,2,0,4,0,0,5,2,4,0,5,4,4,3,2,4,4,4,3,4,5,4,4,3,5,5,4,3,4,3,4,5,3,6.5,7,31,788,825,Associate's,0,Software Engineer,100893
0,5,4,4,3,2,4,1,2,1,2,0,1,1,4,5,0,4,1,0,0,2,0,3,3,0,1,3,2,3,0,1,2,0,3,0,0,0,2,0,1,3,1,4,3,2,0,0,3,3,4,3,3,4,3,5,3,3,3,5,4,3,5,6.9,5,33,546,1439,Associate's,0,DevOps Engineer,105975
0,1,5,5,4,0,1,2,2,2,5,2,0,1,5,0,5,3,0,4,2,2,1,0,0,5,0,3,2,4,1,3,3,1,1,3,2,5,3,1,4,5,4,4,5,2,1,2,3,4,3,5,4,5,3,5,3,4,3,5,4,3,5,0.5,0,17,399,368,Master's,0,Full-Stack Developer,68147
4,3,4,4,5,0,3,4,3,4,3,1,1,0,4,1,0,1,3,0,0,2,3,1,3,3,3,2,5,2,0,1,2,3,3,3,0,4,0,0,2,2,4,2,4,4,4,2,3,4,3,3,4,4,4,4,5,5,3,4,3,3,4,2.6,2,7,155,681,Master's,0,Machine Learning Engineer,101725
0,1,4,4,5,5,2,5,0,1,4,4,1,5,1,1,5,1,4,4,1,3,0,0,1,3,1,3,5,5,5,2,2,2,3,4,4,0,4,3,5,3,3,2,2,4,0,3,4,3,4,3,4,3,3,5,5,4,3,5,5,3,3,-1.4,0,11,99,754,Bachelor's,1,Security Engineer,50000
2,1,0,4,4,0,1,0,4,5,2,1,3,5,5,2,5,0,2,5,5,2,5,4,5,1,2,5,0,2,1,3,4,3,5,5,1,3,3,0,5,4,5,1,3,3,1,3,3,5,4,4,3,5,4,5,5,3,5,4,3,3,4,5.1,4,19,499,1391,PhD,1,Mobile Developer,90945
1,2,5,3,4,4,2,2,4,4,3,2,0,1,0,2,3,1,5,3,4,4,3,2,1,2,1,4,3,5,3,0,0,0,1,5,4,1,5,2,2,4,2,5,4,0,1,1,5,4,4,3,4,3,4,3,4,3,5,5,3,5,3,4.3,3,28,249,1155,Associate's,0,Frontend Developer,98340
2,1,3,5,2,5,0,3,0,2,0,3,0,4,5,3,3,2,2,4,2,3,2,2,3,3,1,5,3,0,5,2,3,5,0,5,5,4,2,4,2,1,2,5,0,0,3,1,4,3,4,3,4,5,4,3,4,5,5,4,5,3,3,5.7,7,24,663,1296,High School,0,Machine Learning Engineer,102951
2,4,0,0,0,0,4,5,1,5,4,5,4,3,5,3,1,4,0,0,3,1,1,4,4,0,2,0,4,0,1,2,5,4,1,5,0,4,2,2,3,3,5,5,5,4,3,5,4,4,4,3,4,3,4,3,5,3,3,5,3,3,4,7.2,8,21,883,922,High School,0,Machine Learning Engineer,97713
1,2,2,3,5,4,1,5,4,2,3,5,5,3,4,2,3,4,2,2,2,4,2,4,1,4,3,4,2,3,5,3,2,3,1,3,2,3,2,3,3,2,3,4,5,2,5,2,5,5,5,4,4,5,3,4,3,3,4,3,5,3,4,5.7,6,28,518,1431,Master's,0,Machine Learning Engineer,110715
2,3,5,3,5,5,2,2,2,1,3,4,2,1,4,2,4,3,2,1,5,5,3,3,0,2,4,3,5,3,3,0,1,1,4,1,1,4,5,4,3,3,5,5,0,0,4,1,4,5,5,4,5,3,5,4,5,3,5,4,3,4,4,7.9,9,33,846,920,Associate's,1,Data Analyst,97975
0,2,0,3,5,0,3,5,0,5,0,4,0,0,5,0,1,2,2,0,3,2,2,4,1,3,5,5,5,4,4,2,1,4,5,4,2,5,4,5,4,2,2,3,0,2,4,2,4,4,3,5,3,3,3,5,5,3,5,5,4,4,3,5.7,5,20,580,543,High School,0,Full-Stack Developer,99191
3,1,4,2,0,4,5,1,5,5,4,0,0,5,5,0,4,1,2,1,0,5,4,0,1,0,5,4,2,1,3,5,2,4,3,1,0,2,0,4,5,5,5,1,1,1,2,2,5,5,5,4,5,4,4,5,3,5,5,4,5,3,5,4.5,4,21,375,1370,PhD,1,Machine Learning Engineer,121077
4,0,5,4,2,1,4,4,1,5,1,3,0,0,2,4,4,3,4,0,4,3,2,0,5,3,3,2,4,3,5,0,3,3,3,1,3,2,2,4,2,1,0,1,5,3,3,0,3,5,4,3,4,5,3,5,5,3,3,5,4,3,3,6.0,5,30,666,873,Associate's,0,Mobile Developer,121005
2,5,3,2,4,2,1,3,3,3,3,4,0,2,0,4,5,0,2,1,5,2,0,4,0,4,4,1,0,0,5,5,0,1,3,0,3,0,0,0,4,5,4,4,1,0,1,2,5,5,4,5,3,5,4,4,5,5,5,5,3,4,5,3.0,3,16,289,493,High School,1,DevOps Engineer,82283
5,3,2,1,3,5,1,2,0,2,1,0,5,1,2,1,5,2,4,4,4,1,0,3,3,3,3,0,5,3,1,1,1,3,2,4,3,2,0,3,0,3,4,5,5,0,5,0,4,3,3,3,5,4,4,3,5,5,4,5,5,5,4,4.2,4,17,207,1026,Associate's,0,Machine Learning Engineer,110086
5,3,2,4,5,3,1,0,1,0,0,4,4,5,4,2,0,2,1,0,4,2,2,4,3,3,2,5,0,5,0,5,4,5,3,3,4,4,4,0,2,1,3,0,3,4,2,2,5,4,4,4,4,3,4,4,5,3,5,3,5,3,4,1.6,0,14,169,831,PhD,0,Frontend Developer,57627
4,1,4,2,3,5,0,0,4,4,1,1,3,1,5,0,5,5,5,4,1,1,5,4,5,0,2,5,3,4,4,1,0,0,4,2,3,1,2,0,4,5,5,5,5,2,0,1,5,3,3,4,3,3,4,5,4,3,5,3,4,3,5,5.7,2,36,272,979,Bachelor's,1,Data Scientist,112245
4,1,0,3,3,5,4,2,2,4,3,1,1,2,1,3,1,4,2,0,2,3,1,2,1,0,2,1,2,3,1,3,5,4,3,1,1,4,0,5,5,1,4,5,4,4,3,4,4,4,3,5,4,4,3,3,4,3,4,4,5,4,3,4.6,3,16,377,1002,Master's,1,Data Analyst,70899
5,0,2,3,3,1,4,2,1,1,2,3,5,1,4,4,3,0,0,2,5,1,4,3,0,2,0,1,5,4,3,4,4,0,0,5,3,0,1,5,0,4,2,5,5,2,2,4,5,5,3,4,3,3,3,3,5,5,3,4,5,4,3,13.4,16,55,935,2154,High School,0,Data Analyst,118734
1,3,4,1,5,2,4,4,1,3,1,3,2,3,0,5,4,2,5,0,1,2,0,2,2,5,4,5,2,1,1,1,5,5,4,1,4,3,0,2,5,0,4,4,4,1,5,3,4,3,4,3,3,4,5,3,4,3,4,5,5,3,5,6.9,9,27,495,1609,PhD,1,Machine Learning Engineer,121329
1,3,4,0,2,2,5,4,1,1,4,3,4,3,5,4,0,5,0,3,4,5,5,2,5,1,1,4,4,5,4,2,2,3,3,2,4,1,3,1,5,5,5,0,2,1,0,2,4,5,3,4,3,3,5,4,5,4,3,3,4,3,5,9.4,10,41,910,1589,Bachelor's,1,Security Engineer,125633
4,3,2,4,5,0,1,4,3,3,0,4,0,3,5,4,0,1,5,0,1,3,0,2,0,2,0,5,4,5,2,0,1,5,0,4,5,5,3,2,0,5,2,2,5,4,2,1,4,4,4,3,5,5,3,4,5,5,4,3,5,5,5,1.0,0,20,67,738,Master's,0,Data Analyst,51649
4,5,3,0,4,3,5,0,3,3,0,4,0,4,2,2,1,5,0,5,5,5,0,1,4,3,3,0,1,4,3,1,4,5,2,3,0,0,5,4,0,0,5,3,2,3,1,0,5,3,5,5,4,5,4,4,3,4,5,4,5,5,5,8.9,5,37,709,943,PhD,0,Mobile Developer,130443
5,4,0,3,1,2,4,3,4,5,4,3,1,5,5,5,0,3,2,1,0,0,4,1,1,4,4,5,2,5,2,5,2,1,2,2,0,2,2,4,3,4,0,3,4,4,5,1,4,5,4,5,5,4,4,5,4,5,4,5,3,3,4,-0.2,0,15,388,709,Associate's,0,Full-Stack Developer,94797
0,4,1,2,1,1,1,3,3,0,2,4,2,0,4,5,0,0,0,1,0,0,3,5,1,2,0,4,4,2,5,0,3,3,1,2,2,4,2,3,1,0,2,5,0,3,0,3,5,5,5,3,4,4,5,4,4,5,4,3,4,5,5,3.4,3,26,160,428,Master's,0,Full-Stack Developer,113112
2,3,0,4,2,3,2,5,2,0,1,4,3,1,2,2,5,5,4,5,0,5,2,0,3,4,5,2,4,1,2,4,5,1,5,3,0,1,1,1,1,4,3,0,0,2,4,2,3,5,5,4,5,4,5,5,5,5,3,4,4,4,4,0.3,0,0,251,279,PhD,1,Software Engineer,67273
0,4,1,0,4,0,3,2,2,5,4,3,5,2,2,5,5,4,3,0,4,1,0,1,3,5,2,3,2,4,1,0,1,1,1,1,2,5,2,3,4,5,0,5,4,0,3,2,4,3,4,4,3,4,3,3,4,4,4,4,5,4,5,3.5,0,21,67,319,Master's,0,Backend Developer,78219
2,0,3,1,3,2,1,1,1,0,5,4,1,0,4,0,0,0,4,5,3,2,3,4,4,0,0,0,0,0,4,1,4,3,1,5,1,4,2,5,2,5,2,4,2,5,0,0,3,3,4,4,5,5,3,4,3,5,3,3,3,5,5,1.7,4,17,216,1207,High School,1,Data Scientist,103189
3,4,5,3,3,3,5,4,5,5,3,0,5,5,0,1,0,1,4,5,3,5,4,3,1,3,4,3,4,4,5,3,4,2,1,5,1,2,5,4,5,0,5,4,5,0,4,4,4,4,4,4,5,5,4,3,4,5,4,4,3,4,4,7.9,9,29,718,1584,High School,1,DevOps Engineer,128202
3,1,2,1,5,4,4,2,3,4,4,4,0,5,4,5,0,1,2,3,0,5,2,3,1,0,3,1,2,3,4,1,0,2,5,1,1,5,5,3,0,0,1,5,0,5,3,3,4,4,5,5,5,4,5,4,5,5,3,3,4,4,5,3.0,3,20,622,397,Master's,0,Mobile Developer,103122
1,4,2,0,1,0,4,2,1,0,1,3,0,2,2,4,1,4,0,3,2,5,4,5,5,5,4,1,3,4,4,1,4,3,1,3,3,2,3,1,1,4,4,4,3,3,3,2,4,4,5,5,4,5,5,4,4,3,4,4,4,3,3,8.3,6,35,398,1104,High School,0,Data Analyst,101652
2,2,3,1,0,3,4,0,4,4,0,1,5,3,3,2,2,2,2,2,1,4,5,3,5,5,0,0,4,1,0,3,0,0,1,5,2,1,2,4,3,4,1,3,4,4,1,2,5,3,5,5,3,3,3,4,3,5,3,3,5,3,4,3.1,4,22,318,789,Bachelor's,0,Data Scientist,95851
2,3,5,2,0,2,3,1,4,0,2,1,5,2,3,3,1,5,3,4,1,4,0,5,0,1,3,2,4,1,4,2,1,4,1,3,4,3,2,5,3,3,5,2,2,3,2,0,4,4,5,3,3,3,3,3,5,4,4,3,5,3,5,3.8,4,15,267,1248,PhD,0,Mobile Developer,102863
2,0,5,0,3,4,2,0,3,2,0,4,1,0,2,4,5,5,3,4,1,5,0,4,1,4,0,3,2,2,3,5,5,2,0,2,0,2,4,0,4,3,2,5,2,2,2,0,3,3,5,3,4,3,3,4,3,4,5,4,4,5,5,9.6,10,39,969,1862,Bachelor's,0,Full-Stack Developer,117353
1,0,4,3,5,1,1,2,3,5,0,5,3,3,3,2,2,0,4,2,2,5,2,5,2,5,2,1,1,4,2,1,4,3,3,3,0,3,1,2,3,0,3,1,3,2,1,2,4,3,4,3,5,3,4,4,3,5,5,3,3,3,4,5.6,5,29,383,1391,Associate's,1,Software Engineer,82299
4,5,2,3,1,0,5,5,1,4,4,5,2,2,1,0,5,3,3,0,3,0,1,1,4,0,2,2,1,2,3,1,4,0,4,5,3,5,3,0,4,3,2,1,0,1,2,0,4,3,4,4,3,3,4,5,5,4,3,3,4,3,3,4.6,2,23,318,541,Master's,0,Machine Learning Engineer,125390
5,5,0,3,1,0,3,1,0,1,1,2,5,4,5,1,1,2,3,4,0,1,2,3,1,2,5,5,3,2,4,2,1,0,0,0,3,2,1,2,5,4,5,1,2,4,4,5,3,3,3,5,5,4,5,4,5,4,5,4,4,4,5,3.8,4,26,607,1033,Associate's,0,Full-Stack Developer,107947
5,3,0,4,5,3,4,1,5,3,1,0,2,4,5,3,1,5,4,3,1,0,4,4,5,2,2,4,0,2,0,0,4,5,0,4,4,5,4,2,1,4,2,5,3,5,0,2,3,4,3,3,4,4,5,3,5,4,5,5,4,4,5,2.4,0,24,189,940,Bachelor's,0,Frontend Developer,91285
1,5,0,4,2,4,1,2,0,0,2,3,4,1,5,0,2,2,3,4,2,2,0,5,0,2,2,0,0,2,3,1,3,1,2,0,1,5,2,0,0,3,0,2,0,5,2,3,3,3,4,3,3,5,5,5,5,4,3,4,5,5,4,2.0,0,13,426,36,Bachelor's,1,Data Scientist,79295
4,4,1,4,2,5,5,5,2,5,3,4,5,1,5,4,4,5,2,4,0,0,4,1,5,4,3,3,2,3,3,4,5,3,2,2,3,1,3,2,3,1,2,3,3,0,3,2,5,4,4,4,3,4,3,4,5,5,3,5,5,4,5,5.3,9,28,703,1285,Bachelor's,0,Full-Stack Developer,117036
5,0,4,4,3,5,5,5,5,1,3,3,0,1,5,1,0,0,4,4,4,4,2,5,1,1,4,3,3,2,0,4,4,5,3,1,3,3,2,3,3,2,5,3,3,3,4,4,5,4,3,5,5,5,4,4,5,4,5,5,3,3,3,1.4,1,5,378,754,Bachelor's,1,Software Engineer,52653
2,0,5,4,3,4,5,5,1,3,3,5,3,5,5,3,4,3,1,4,4,5,4,3,0,4,3,1,3,2,4,4,5,0,1,5,1,0,4,0,2,5,2,5,1,5,5,1,3,4,5,4,4,5,3,4,3,4,4,3,4,5,4,9.1,8,46,815,1483,High School,0,DevOps Engineer,122965
5,2,2,3,1,1,2,5,0,2,4,3,4,2,1,5,0,3,0,0,3,1,2,0,4,4,4,3,0,0,0,1,3,5,2,4,1,2,1,5,2,5,2,2,0,3,2,3,3,4,4,5,4,5,3,4,4,3,3,5,5,4,5,5.0,6,32,319,1225,Associate's,0,Mobile Developer,74356
0,5,3,4,0,0,0,4,3,2,1,2,3,5,1,4,5,1,3,5,4,2,0,5,2,5,4,4,3,5,0,5,0,1,1,3,2,2,2,2,3,2,3,0,1,0,5,0,5,4,4,3,4,4,5,3,3,4,4,4,3,3,5,4.5,6,18,509,815,PhD,0,Software Engineer,65792
0,5,2,2,2,1,4,0,4,2,2,0,3,0,5,0,1,0,2,0,2,1,1,3,3,2,0,0,2,1,1,5,0,5,2,0,3,3,4,1,2,4,4,3,0,0,4,5,3,5,5,5,4,3,3,5,3,4,4,4,5,4,5,6.2,5,37,254,913,High School,1,Security Engineer,104848
2,2,5,5,2,4,2,1,5,4,2,5,2,0,3,2,4,5,5,2,2,2,3,0,1,5,0,4,2,0,3,4,3,4,2,4,4,3,1,5,5,1,3,0,2,1,0,0,4,3,4,4,5,5,5,4,4,4,3,4,5,4,5,6.9,5,30,339,528,Master's,0,Security Engineer,86907
1,0,5,5,2,4,4,2,2,5,4,2,2,0,3,2,0,1,1,5,0,5,1,2,4,0,3,5,4,4,2,3,0,0,2,2,2,0,3,2,3,5,5,5,4,0,5,5,3,3,3,4,4,4,4,5,4,3,3,3,4,4,3,0.1,0,0,3,868,Associate's,0,Machine Learning Engineer,97520
2,4,0,4,3,1,1,0,2,2,4,0,5,3,0,5,0,3,1,0,0,4,1,1,3,3,4,4,1,5,0,1,2,3,5,4,1,4,2,1,3,1,2,0,1,2,5,3,5,5,4,3,3,5,5,4,5,4,4,4,4,3,4,6.6,0,24,168,312,Bachelor's,1,Machine Learning Engineer,106778
5,5,2,4,1,1,1,1,5,2,0,2,4,0,5,5,2,3,4,4,1,4,3,5,4,1,3,3,0,5,4,2,4,0,1,2,4,0,2,0,0,0,3,5,4,4,3,0,4,3,4,4,4,5,3,5,4,3,5,4,3,3,4,6.8,5,37,590,970,Associate's,0,Data Scientist,136974
5,2,1,2,5,4,5,5,2,1,5,3,5,3,5,0,2,2,0,4,2,3,4,0,5,3,1,4,2,5,2,1,2,5,2,1,1,5,3,2,0,1,5,1,1,4,5,5,3,4,3,4,3,4,4,4,4,4,4,4,3,5,3,4.5,5,31,409,1392,High School,1,Machine Learning Engineer,122280
0,2,5,1,4,3,5,0,1,1,2,4,2,2,1,5,1,1,2,4,4,1,2,0,4,1,3,3,0,1,4,5,3,1,0,4,5,5,0,4,3,2,1,3,3,5,5,3,4,3,5,5,3,4,4,3,3,4,5,3,3,3,3,3.6,6,28,456,1081,Master's,1,Frontend Developer,102940
3,3,2,5,1,1,4,1,5,1,1,2,4,4,1,1,2,3,3,5,0,4,3,2,5,3,3,1,3,1,1,2,2,5,0,0,0,2,2,2,4,2,3,2,1,0,0,1,4,3,3,3,3,5,5,4,3,3,5,3,3,4,4,2.3,2,20,293,473,Associate's,0,Software Engineer,65992
5,2,1,4,0,5,4,2,4,4,1,3,1,1,3,4,1,0,1,2,0,2,5,0,4,4,2,1,1,2,2,3,1,5,0,2,2,1,2,0,0,5,5,2,5,5,2,2,5,4,4,3,5,5,5,3,4,3,5,5,3,5,5,8.5,9,37,760,1566,Master's,1,Security Engineer,91042
1,5,1,2,5,3,4,5,3,3,0,2,1,3,4,1,5,2,4,0,4,5,4,1,3,4,3,4,5,5,1,1,4,4,0,1,1,5,1,1,3,0,5,1,4,3,3,3,5,5,5,3,3,4,3,5,3,5,5,3,5,4,3,4.7,6,14,554,949,High School,0,Data Analyst,67633
1,1,0,3,1,4,3,2,2,0,0,0,1,1,4,2,1,4,2,5,4,0,5,2,2,3,4,3,3,2,2,4,4,5,4,1,2,5,4,4,3,5,1,0,5,4,3,5,5,4,5,3,5,4,3,3,4,3,3,4,4,3,4,5.2,4,17,213,782,Master's,0,Data Scientist,107595
0,5,5,2,5,0,1,3,5,2,2,5,0,2,2,1,5,5,5,5,0,2,1,3,3,4,2,5,0,0,2,4,2,1,1,5,5,5,3,2,1,4,1,0,5,3,0,1,4,4,3,3,3,3,5,3,3,3,3,4,3,5,5,4.7,6,16,563,925,Associate's,0,Data Scientist,128970
4,4,4,1,4,2,4,4,4,4,2,4,5,2,0,3,5,3,4,2,1,1,3,0,0,3,5,1,5,0,3,2,4,5,2,4,2,3,5,5,3,0,4,1,3,2,3,0,5,3,5,4,5,3,4,5,4,3,3,3,4,4,4,0.0,0,15,453,818,Associate's,0,Mobile Developer,74473
5,4,3,3,1,3,5,5,3,1,1,3,5,4,5,2,4,2,1,4,3,3,1,1,4,2,0,1,4,0,2,2,2,5,5,4,4,3,0,1,4,2,4,3,4,3,5,5,3,3,4,4,5,4,4,5,4,3,5,3,3,4,4,0.7,3,10,598,719,Bachelor's,0,Frontend Developer,56438
3,0,4,0,5,2,5,0,0,1,1,3,2,3,4,5,2,0,5,5,4,0,1,1,3,0,4,3,5,0,1,2,5,0,2,5,0,3,2,3,0,2,1,4,0,0,4,4,4,4,4,4,3,3,3,4,4,3,4,4,5,5,4,5.4,8,21,448,1237,Bachelor's,0,Data Scientist,82956
5,1,5,3,1,4,4,3,3,1,3,2,5,5,2,3,2,1,2,0,4,1,0,1,2,1,4,1,3,4,4,0,1,2,0,2,3,2,3,0,3,0,1,5,0,2,2,3,4,5,3,5,3,5,3,3,5,5,5,4,4,5,5,2.3,0,11,446,295,Associate's,0,Backend Developer,79670
3,2,3,0,3,0,5,5,5,2,5,0,5,2,0,5,4,3,4,1,0,5,3,4,0,0,0,5,1,5,4,4,4,1,4,1,1,2,4,2,4,3,5,4,4,3,1,2,5,4,5,5,4,4,3,5,5,5,3,5,3,3,5,4.6,4,28,356,443,PhD,1,Full-Stack Developer,103700
1,4,2,5,1,0,3,5,5,5,4,1,1,0,2,5,3,0,2,3,0,3,2,3,1,2,4,2,0,0,4,5,1,4,5,4,4,4,2,5,1,4,5,3,5,4,1,0,3,4,5,3,3,3,3,4,3,4,4,5,3,5,3,2.7,0,13,54,976,Bachelor's,0,Machine Learning Engineer,99503
0,0,2,4,5,1,5,0,2,3,4,5,3,2,5,2,1,0,5,3,0,1,5,4,4,0,1,0,0,0,3,4,2,2,5,4,3,3,1,1,5,5,1,4,5,2,3,1,4,3,5,3,5,5,5,4,3,5,4,3,5,5,5,6.6,10,29,805,1340,High School,0,Full-Stack Developer,105913
1,2,0,4,1,3,4,0,0,5,3,3,4,3,3,0,0,1,3,2,1,1,0,1,5,0,2,2,1,3,3,4,1,3,4,1,2,4,0,5,2,5,4,1,4,3,3,2,4,4,3,4,4,5,4,4,3,4,3,4,3,5,3,6.0,7,27,401,1070,Associate's,0,Machine Learning Engineer,114061
1,1,3,4,0,5,0,1,0,0,3,0,2,2,5,3,3,5,3,1,5,4,1,4,5,1,5,3,1,4,5,5,5,0,5,2,0,1,3,4,2,2,0,2,5,5,5,0,3,4,5,5,5,3,5,3,3,5,3,4,4,5,4,0.1,1,7,193,167,Associate's,0,Data Scientist,87182
5,1,5,4,4,1,2,3,1,0,3,3,5,2,1,3,1,0,1,5,0,1,4,3,0,4,1,0,4,3,3,5,5,1,4,1,3,4,0,3,5,4,4,1,1,4,1,2,5,5,4,5,5,5,4,3,3,5,4,3,3,4,3,6.0,7,21,523,1688,Master's,0,Full-Stack Developer,98252
5,2,3,3,1,2,5,1,3,4,5,1,5,4,5,0,5,2,1,4,4,3,3,5,4,5,0,2,4,4,0,2,0,5,2,0,4,1,0,0,3,1,1,3,4,1,4,4,3,5,3,4,4,4,3,5,5,4,3,5,3,5,3,4.5,4,14,629,1277,High School,0,Frontend Developer,99765
0,5,4,1,2,1,2,5,3,3,5,4,0,5,3,2,5,3,0,1,2,4,2,3,0,2,5,3,1,4,2,2,0,1,2,0,2,4,5,1,0,3,1,5,0,3,3,5,4,3,3,4,3,5,3,5,4,3,3,3,4,5,3,2.3,0,22,33,920,PhD,0,Data Analyst,70908
3,3,3,1,3,1,4,0,4,3,2,4,1,5,3,1,3,4,1,2,4,1,3,3,3,5,2,2,2,3,2,0,5,1,4,1,4,3,5,4,4,4,1,1,1,1,5,2,4,3,3,4,4,5,5,3,4,4,5,3,3,5,5,10.9,11,47,655,1945,Bachelor's,0,Frontend Developer,107000
2,4,4,1,0,1,0,3,3,0,4,1,4,4,2,1,2,3,0,0,4,0,4,4,0,1,4,3,3,2,4,0,3,4,1,2,3,3,5,5,0,3,4,4,4,1,4,3,4,4,5,5,4,4,4,4,4,5,5,4,3,5,3,1.5,1,23,260,742,Associate's,1,Machine Learning Engineer,89002
3,4,5,3,1,5,2,2,3,4,0,5,1,1,1,5,5,0,1,4,4,5,5,5,1,0,0,0,3,5,3,4,4,0,3,4,2,1,4,5,5,5,1,0,1,5,0,5,5,4,4,4,3,4,5,4,5,3,4,5,5,4,5,-1.1,1,2,261,724,Bachelor's,1,Full-Stack Developer,106987
2,4,0,1,5,5,4,5,3,5,4,3,1,0,1,3,5,0,5,3,5,2,5,0,5,5,4,1,5,3,1,2,2,0,5,1,4,3,4,0,1,2,4,1,5,0,0,5,4,5,4,3,5,3,4,3,3,3,4,5,5,5,3,4.6,4,24,605,474,Master's,0,Full-Stack Developer,69164
0,1,3,5,5,3,0,5,0,4,5,0,4,0,4,1,3,4,3,0,4,1,5,5,5,5,4,5,1,1,4,5,1,0,2,0,3,5,0,0,1,1,3,4,0,3,0,5,5,5,4,3,5,5,4,5,5,3,3,4,3,5,5,7.0,8,23,807,1519,High School,0,Machine Learning Engineer,121381
5,0,1,5,2,4,4,4,1,5,2,4,0,4,1,4,2,5,5,5,5,3,3,0,3,0,5,0,4,2,0,3,3,3,5,0,4,5,5,4,1,4,0,2,0,0,0,4,3,3,4,5,5,5,3,4,3,3,4,4,3,4,3,3.7,5,29,354,1210,Master's,0,Machine Learning Engineer,91475
2,1,0,2,4,2,2,0,0,1,5,0,4,2,1,5,0,2,0,4,1,2,5,2,3,5,3,3,3,3,0,1,0,0,1,0,4,5,1,0,4,4,5,5,3,3,4,4,4,3,5,5,3,4,4,5,5,4,4,3,5,4,5,6.2,7,27,614,799,Bachelor's,0,Mobile Developer,94247
3,0,4,1,1,3,0,3,4,4,5,2,0,5,4,3,5,1,2,1,0,2,4,2,2,0,3,4,2,5,0,2,5,2,3,4,4,2,5,2,5,5,3,5,1,5,4,1,5,5,3,3,4,3,4,3,3,3,5,5,4,5,5,4.6,1,23,531,478,High School,0,Frontend Developer,97484
1,3,2,4,4,5,0,2,2,4,4,1,4,2,5,2,5,5,1,1,1,5,0,0,3,4,5,0,5,0,4,2,5,0,2,2,1,1,5,2,3,3,5,3,1,5,0,5,4,3,5,5,4,3,3,3,5,3,3,5,5,5,5,3.1,5,19,746,831,PhD,0,Mobile Developer,69934
2,2,3,3,4,4,4,3,3,2,1,4,3,3,5,3,3,3,2,1,3,1,3,3,4,5,0,2,4,2,5,5,2,0,5,0,2,0,1,2,3,2,4,4,3,3,2,5,5,4,5,5,4,3,4,3,4,5,5,5,3,4,3,2.8,6,26,729,1415,Bachelor's,0,Data Scientist,78281
4,1,0,5,3,3,5,0,1,2,5,2,0,4,2,4,2,2,3,1,1,3,5,0,5,0,0,5,4,3,1,1,0,4,1,0,0,4,0,0,5,0,0,0,4,1,5,3,4,3,4,5,4,3,5,5,3,5,4,3,5,5,4,4.8,4,27,525,1003,Master's,0,DevOps Engineer,74021
3,5,3,1,4,1,4,1,3,1,5,2,3,0,3,3,1,4,2,5,2,0,4,3,2,3,3,2,0,0,2,2,4,1,2,0,0,4,2,3,0,0,3,0,5,2,3,2,5,4,5,5,4,5,4,4,4,5,4,4,4,3,4,6.9,3,25,628,801,Master's,0,Frontend Developer,98894
4,4,1,0,0,2,4,0,5,0,3,1,5,2,5,4,1,4,5,2,0,2,1,0,2,4,2,5,2,2,2,2,2,0,2,5,5,0,5,3,5,5,1,4,1,4,5,0,3,4,4,4,3,5,5,5,5,4,5,4,4,4,3,0.5,0,19,89,169,Bachelor's,0,Full-Stack Developer,88188
1,2,0,5,3,1,2,5,5,3,3,1,4,4,1,2,1,4,5,5,2,5,1,4,5,2,3,0,1,3,5,1,4,1,4,2,5,5,2,0,5,2,0,2,1,4,4,0,4,3,5,4,5,5,4,3,3,5,3,4,4,5,3,0.1,0,2,216,663,Bachelor's,1,Security Engineer,50000
4,0,5,2,3,3,3,4,3,3,5,0,4,5,0,2,1,3,0,0,2,3,4,3,2,0,0,4,4,1,4,1,3,3,0,2,4,2,3,2,5,1,4,2,3,2,1,0,4,4,5,5,4,5,5,3,4,3,5,4,3,5,5,6.7,9,22,650,1161,High School,0,Data Scientist,115107
4,0,0,4,1,2,4,2,1,3,4,1,4,1,2,5,4,1,4,5,2,0,5,1,5,0,5,2,1,2,3,1,5,5,1,2,3,1,1,1,5,5,1,1,2,1,1,3,4,4,3,4,4,3,4,3,5,3,4,4,5,4,3,4.7,5,30,342,1350,Associate's,0,Software Engineer,108856
3,2,3,4,4,3,3,3,2,1,1,1,0,5,4,5,2,1,4,3,2,2,3,1,4,0,5,4,4,2,2,4,1,2,3,3,1,3,0,4,5,3,3,5,2,5,0,3,3,3,5,4,3,5,5,3,5,4,4,3,3,3,5,4.3,4,18,316,1226,PhD,0,Data Analyst,74052
5,1,3,2,1,1,2,5,1,4,4,1,5,1,4,4,4,2,5,3,0,4,4,1,0,4,0,5,1,1,3,3,2,0,4,3,3,3,1,5,5,1,0,0,3,5,0,1,4,5,4,4,3,3,4,3,3,5,3,3,5,3,3,7.2,2,29,141,404,Master's,1,DevOps Engineer,113103
0,4,4,0,0,4,4,2,2,4,1,0,5,1,3,5,2,0,2,4,1,3,2,5,3,2,4,2,2,4,1,3,1,3,1,4,0,1,4,4,1,3,0,3,0,3,2,3,4,3,3,5,3,5,4,5,3,5,3,3,5,4,3,7.7,6,41,515,1147,PhD,0,Data Scientist,102116
1,0,5,3,0,5,4,4,5,1,5,1,3,2,2,2,5,1,3,4,4,0,2,3,4,2,4,2,2,1,3,0,4,1,3,2,0,1,0,3,3,5,3,2,2,5,5,1,4,3,4,5,3,4,5,5,5,5,5,5,4,5,5,4.0,4,30,387,416,PhD,0,Machine Learning Engineer,93301
3,0,3,5,1,5,0,0,5,0,2,0,0,5,0,1,4,5,5,0,2,3,0,5,3,0,2,0,0,5,3,4,0,3,3,4,2,5,5,2,1,4,2,1,4,3,3,5,3,3,5,4,4,4,5,3,5,5,3,3,4,3,3,-1.4,0,14,165,533,PhD,0,Full-Stack Developer,50000
2,4,5,1,1,3,4,3,0,5,4,0,2,3,5,4,4,5,1,1,1,4,0,5,1,4,3,5,1,1,1,1,0,2,3,2,2,1,4,0,1,4,3,2,1,2,2,4,3,5,5,4,4,4,3,4,3,3,4,3,5,5,4,6.3,7,20,533,1258,High School,0,Frontend Developer,110838
0,5,2,1,4,5,2,5,3,1,0,1,1,5,4,5,3,5,0,2,0,4,2,0,3,3,2,4,0,5,4,1,1,3,3,4,1,2,1,3,5,3,4,1,5,4,5,3,4,4,4,5,4,4,3,3,3,3,5,4,4,3,5,3.3,1,27,203,475,High School,0,Data Analyst,64565
2,5,1,5,2,0,1,0,1,0,1,4,1,5,4,1,0,5,4,5,4,5,2,2,4,5,2,3,4,4,5,3,0,4,5,1,0,0,2,4,1,0,0,1,3,4,1,0,3,3,4,4,5,4,3,5,3,5,4,3,4,4,5,5.0,5,23,510,874,Associate's,1,Backend Developer,88436
5,0,0,4,4,3,2,3,0,0,5,2,3,1,3,0,2,4,5,1,4,0,1,4,3,2,2,4,3,5,0,4,3,0,3,3,1,0,1,1,2,5,0,4,0,0,4,1,5,5,3,3,4,3,4,5,3,4,5,3,5,3,5,12.1,12,50,891,1361,Bachelor's,0,Frontend Developer,125394
0,2,1,2,3,2,0,5,2,5,2,1,4,5,0,5,2,1,5,1,2,3,5,5,2,1,0,3,3,0,5,2,3,0,1,4,0,4,1,4,5,3,5,3,1,0,2,2,5,3,4,3,4,5,4,4,5,4,5,5,3,5,5,4.3,6,22,447,1415,Associate's,1,DevOps Engineer,112236
1,0,4,2,1,2,4,3,4,3,0,1,0,4,5,1,1,4,0,2,1,0,5,3,0,2,0,2,1,4,1,1,5,1,3,1,3,2,3,3,4,4,0,1,2,3,5,3,4,4,5,3,3,4,5,4,3,3,5,4,3,4,5,6.0,4,33,632,1175,Bachelor's,0,Mobile Developer,102600
5,1,4,1,4,3,3,3,5,4,3,2,2,0,2,0,2,2,5,2,4,5,4,5,1,5,2,1,2,0,5,1,1,4,3,2,1,1,2,5,2,3,3,3,3,3,0,2,5,5,4,3,4,5,5,5,4,4,3,5,3,4,3,3.0,1,12,89,479,High School,0,Software Engineer,77039
1,3,5,5,3,3,1,0,4,5,0,4,2,0,3,4,4,5,3,1,0,2,3,5,2,1,0,2,1,2,2,5,5,2,4,3,2,0,2,5,4,4,0,1,1,2,2,2,3,5,3,5,4,5,4,4,5,5,3,5,3,3,3,4.3,5,28,396,1045,High School,0,Mobile Developer,87767
0,2,3,2,4,4,2,4,5,1,1,2,2,5,2,5,3,0,1,5,4,1,2,4,0,0,1,1,1,2,3,1,4,4,3,3,0,4,4,4,0,1,3,0,0,1,2,0,5,3,3,4,4,3,5,5,4,5,5,3,4,5,3,8.3,9,28,904,1476,High School,0,Security Engineer,93496
4,5,4,5,4,1,0,2,1,5,3,0,3,0,0,3,2,5,5,2,3,4,4,1,5,2,4,4,4,1,3,5,4,1,3,1,3,3,0,4,2,1,3,0,4,2,1,3,3,4,5,5,4,4,5,5,3,3,4,5,3,4,5,7.4,7,37,430,738,Master's,1,Security Engineer,88023
4,3,5,5,4,4,5,0,0,5,4,4,1,3,4,0,5,4,4,4,5,1,2,4,4,3,1,4,3,1,2,2,5,4,1,4,1,3,4,0,5,5,2,4,4,2,4,0,5,5,4,5,4,4,5,3,4,5,4,5,4,3,3,3.8,2,28,289,693,PhD,0,DevOps Engineer,117898
4,4,0,5,4,2,3,5,5,4,4,3,2,2,3,1,5,0,4,3,1,1,2,4,2,2,3,4,3,0,0,5,3,3,5,3,0,5,2,4,1,1,0,3,3,1,3,1,4,4,5,4,3,3,3,4,5,5,4,4,5,5,5,4.0,4,30,470,1007,Master's,0,Security Engineer,80623
1,3,4,5,3,4,3,1,5,0,2,1,1,3,4,1,2,1,2,1,2,2,1,5,4,5,5,4,0,2,2,1,2,1,1,3,3,1,0,3,0,2,4,4,4,2,1,2,3,4,3,4,3,5,4,5,3,4,5,5,5,5,3,7.0,11,26,627,1206,PhD,0,Full-Stack Developer,95708
2,1,1,5,4,3,0,4,0,3,3,3,1,5,0,4,0,0,1,5,3,0,5,5,2,0,4,1,4,0,2,4,2,0,4,1,2,2,4,0,0,0,0,1,5,0,0,3,3,3,4,3,3,5,3,4,5,4,5,5,5,3,3,4.0,3,26,230,518,Master's,0,Software Engineer,50000
2,2,5,5,5,0,4,5,0,4,3,4,5,0,2,2,5,2,0,5,1,3,3,3,1,4,0,5,2,1,1,2,0,0,2,5,0,5,0,5,4,1,5,2,1,2,0,3,5,4,5,4,4,3,5,5,4,4,4,5,5,5,4,1.0,0,14,380,627,Master's,1,Data Analyst,71804
2,0,1,1,0,0,0,4,4,4,0,3,4,1,0,3,2,1,4,5,1,4,2,4,0,4,3,3,0,0,5,0,4,3,4,1,5,4,1,5,5,2,2,3,2,5,3,1,3,4,3,3,4,3,4,3,4,3,5,3,3,4,4,3.9,1,17,316,313,Bachelor's,0,DevOps Engineer,76908
4,0,0,4,2,2,4,2,1,0,0,1,4,1,2,2,2,1,5,4,0,3,3,5,3,5,4,3,1,2,5,2,2,5,3,0,4,3,0,4,4,2,5,3,4,0,3,5,3,5,3,5,5,5,3,3,5,5,5,5,4,4,3,7.6,8,33,827,1649,High School,0,Full-Stack Developer,95088
2,5,2,3,2,1,0,4,2,5,1,4,2,5,3,3,1,2,3,1,2,0,3,4,0,1,1,3,3,2,3,4,1,0,1,1,4,1,4,2,2,4,4,5,3,2,4,4,5,5,5,4,5,4,5,3,5,4,3,3,5,3,3,1.6,1,5,184,588,Associate's,0,Full-Stack Developer,75344
0,2,1,1,2,3,3,0,4,3,5,2,1,5,0,0,2,5,3,1,4,0,2,2,1,1,0,5,3,4,4,4,1,2,2,0,2,1,4,0,0,4,2,3,5,3,5,2,3,4,3,4,4,4,5,3,3,3,3,4,4,3,3,2.1,0,8,320,33,High School,1,Security Engineer,69224
2,3,0,1,0,1,2,4,1,5,0,0,4,5,3,3,5,3,1,4,4,2,5,0,3,4,0,4,0,1,1,3,4,4,3,4,2,4,2,3,4,1,4,1,2,4,1,2,5,3,3,5,3,4,5,5,3,5,5,3,3,4,5,5.7,8,33,478,1063,Bachelor's,0,Software Engineer,90334
2,0,4,3,2,2,3,3,0,5,3,1,5,3,2,0,0,3,2,1,4,5,4,4,2,1,2,1,2,0,1,0,5,5,1,2,1,0,5,4,0,0,2,1,3,1,3,0,5,5,4,4,4,4,5,3,3,4,3,5,4,4,5,3.7,4,20,512,1189,PhD,1,Data Analyst,91452
1,5,3,4,2,1,0,4,0,0,4,4,3,5,4,3,3,5,2,1,0,0,4,3,2,0,4,2,0,0,5,0,5,3,1,4,4,3,1,1,2,0,5,1,2,0,2,4,3,4,4,5,5,4,5,3,5,4,3,5,4,5,3,0.1,0,18,161,927,Bachelor's,0,Security Engineer,50000
0,2,4,4,5,1,4,0,2,4,0,0,0,0,3,4,3,4,2,4,0,4,4,4,2,3,3,2,3,3,5,3,2,0,4,0,5,4,5,1,2,4,2,5,5,0,5,3,3,4,3,3,5,5,3,5,3,3,3,4,5,5,3,3.6,4,27,503,560,High School,1,Mobile Developer,111586
3,5,2,3,5,3,2,4,0,0,0,4,3,1,2,2,2,4,5,0,2,4,1,0,1,1,3,4,0,4,4,0,4,2,0,3,3,0,3,0,1,3,2,1,2,4,1,4,4,3,5,5,4,4,3,3,4,3,3,3,3,4,4,1.1,0,16,452,221,Associate's,1,Backend Developer,71476
0,0,1,5,1,1,4,5,4,0,3,5,2,5,2,3,3,1,3,3,5,0,0,0,0,1,4,2,2,1,2,2,4,2,3,0,0,2,1,1,3,1,1,1,4,1,2,2,5,5,4,4,5,4,4,5,3,4,5,3,5,4,5,9.6,10,44,654,1547,Associate's,0,Frontend Developer,90944
4,3,4,5,3,5,4,3,1,4,1,5,0,0,5,1,2,2,3,0,3,5,0,1,1,2,1,5,1,3,1,0,3,3,2,1,1,2,1,0,4,2,2,4,1,5,0,1,5,4,4,3,4,4,4,5,3,4,3,5,3,5,4,5.8,10,17,701,1872,Bachelor's,1,Data Analyst,95075
1,3,0,4,2,3,4,5,3,4,5,1,2,4,2,4,4,0,5,1,0,3,3,2,2,2,1,5,0,4,1,4,4,3,2,2,3,3,3,1,0,5,3,0,2,1,1,5,4,3,4,5,4,5,3,3,3,5,4,5,5,5,5,6.2,6,24,458,1533,Master's,0,DevOps Engineer,113158
4,3,4,1,3,1,4,4,3,1,5,2,3,5,5,2,3,4,1,3,2,1,5,2,4,5,1,2,1,5,1,4,5,4,0,0,5,4,4,1,0,2,1,1,4,2,4,0,4,5,5,3,4,3,4,3,4,4,4,5,4,3,5,4.9,4,14,526,1350,Associate's,0,Data Analyst,98695
0,4,1,5,4,1,4,1,4,5,5,3,1,0,4,1,3,5,5,1,2,0,4,0,2,0,2,1,2,4,5,5,5,1,0,3,0,1,3,1,4,5,1,3,3,0,0,4,5,5,4,5,5,3,5,3,3,4,3,4,5,5,5,6.6,7,24,537,986,PhD,0,Data Analyst,89646
1,2,4,4,1,0,4,1,4,3,4,0,2,2,0,3,4,0,3,0,2,4,5,0,3,1,4,0,5,1,1,3,1,0,2,2,5,0,4,0,1,3,1,0,0,3,1,0,3,4,4,5,4,3,4,4,3,4,5,5,4,4,3,8.6,10,40,814,1024,High School,0,Software Engineer,86000
2,5,1,4,0,5,1,2,4,4,5,5,1,3,1,0,2,2,1,5,5,5,2,0,4,0,0,1,3,0,1,0,0,2,2,1,4,5,3,4,5,1,1,3,1,4,5,3,3,4,5,3,4,3,5,5,4,5,4,5,4,5,5,5.9,9,24,639,1452,Associate's,0,Software Engineer,92330
2,1,2,5,5,0,4,2,0,3,4,4,5,3,0,0,3,5,3,0,2,2,0,5,4,4,4,3,1,3,5,2,4,5,1,1,3,4,2,0,5,0,3,3,2,2,2,0,5,3,3,4,3,4,3,3,4,3,5,5,4,3,4,10.3,11,40,659,1579,Associate's,0,Data Analyst,114855
3,3,5,1,4,0,0,1,5,2,4,3,5,1,5,5,4,2,5,3,4,3,0,0,3,5,0,2,5,2,5,0,4,2,0,1,0,4,4,2,2,1,1,1,5,5,4,1,4,3,4,3,4,3,3,5,4,3,5,5,4,4,3,2.9,4,26,517,578,Associate's,0,Security Engineer,66037
1,0,5,4,2,0,1,3,2,4,1,1,0,1,0,4,2,1,2,3,3,5,0,1,5,3,4,1,4,5,5,2,2,4,3,0,2,1,2,4,4,5,0,3,0,0,2,4,5,3,4,4,5,4,4,3,5,4,4,3,3,4,4,5.2,6,16,668,961,Master's,0,Data Analyst,75561
0,5,2,0,1,2,4,3,3,0,3,4,4,4,4,5,1,4,4,2,4,4,2,0,4,3,5,2,0,1,2,3,5,2,0,4,1,1,1,1,2,0,1,5,2,3,5,0,4,3,4,4,4,5,4,5,4,3,3,3,4,3,3,8.6,9,37,712,1031,Master's,0,Software Engineer,132924
3,2,5,2,4,1,2,4,4,5,4,2,1,0,4,4,0,3,2,1,2,1,5,5,3,1,1,0,0,5,1,1,3,0,1,0,5,0,4,3,2,1,4,4,2,0,0,1,5,5,5,5,4,3,4,3,3,4,4,3,5,4,4,8.3,9,33,498,1779,PhD,1,Data Analyst,117032
3,3,0,5,1,3,5,3,4,0,0,2,0,4,5,5,1,5,0,0,4,3,4,1,3,3,5,2,1,3,0,1,2,1,0,2,1,0,3,5,3,1,0,5,1,1,1,1,3,5,4,4,5,3,4,4,4,4,3,4,5,4,5,6.7,8,21,772,1450,Master's,1,Data Analyst,106580
2,4,4,4,2,5,3,4,0,2,2,4,1,2,5,4,0,0,2,2,1,3,0,3,0,0,0,4,0,2,4,5,5,4,0,5,2,1,1,0,3,5,3,1,0,5,5,2,3,4,5,3,4,4,5,3,5,3,3,3,3,5,5,4.5,6,16,583,1460,Bachelor's,0,Security Engineer,74074
5,3,3,3,2,3,3,1,2,2,3,2,1,3,4,0,4,4,3,2,0,5,5,0,0,1,3,4,0,1,1,0,1,4,3,1,4,1,0,0,3,1,1,5,4,4,2,5,4,4,3,3,4,5,5,4,4,4,4,3,4,3,4,2.0,1,13,63,424,PhD,0,Security Engineer,50000
4,1,4,3,0,5,4,5,4,2,0,2,2,4,3,3,4,2,3,2,5,5,2,1,2,2,4,2,1,4,1,1,1,0,4,2,4,1,0,4,2,0,1,4,5,2,4,3,5,4,4,4,5,4,3,5,4,3,3,3,4,4,4,1.5,0,10,237,478,PhD,1,Security Engineer,50000
1,1,0,2,1,4,3,3,1,4,1,3,5,1,2,0,3,4,5,2,4,3,0,2,5,3,3,2,2,4,2,3,2,3,4,0,1,3,5,0,3,3,3,1,0,5,4,0,4,3,4,5,5,4,3,4,4,4,4,5,3,4,5,4.4,0,20,99,348,Bachelor's,1,Mobile Developer,95320
5,3,1,0,5,5,4,0,1,1,4,0,2,5,0,2,0,1,5,1,0,4,5,5,5,4,2,3,1,2,4,0,5,1,4,4,3,0,0,1,1,3,4,2,4,2,5,2,4,3,4,3,4,3,5,5,3,4,4,4,5,4,4,6.6,6,25,422,1176,Associate's,0,Mobile Developer,90369
0,3,3,5,2,1,0,0,4,4,2,2,3,5,4,5,1,0,3,2,4,0,0,5,2,1,1,2,0,5,4,2,5,1,0,4,4,2,1,0,3,0,0,0,3,3,4,2,5,4,3,5,4,5,4,3,5,4,3,3,4,4,5,7.8,7,30,379,1503,Master's,1,Software Engineer,107366
0,3,0,3,4,1,0,3,0,4,2,5,1,4,0,0,1,3,2,2,0,3,0,2,1,1,4,0,4,5,3,1,5,2,3,4,3,0,2,1,0,0,1,4,5,3,5,1,3,5,3,4,5,4,4,4,5,4,5,5,3,4,3,7.5,6,38,484,1186,PhD,0,DevOps Engineer,130908
2,3,0,2,5,1,2,1,1,4,0,0,0,5,2,2,2,1,2,3,2,3,2,1,5,1,2,4,1,4,0,5,4,1,3,4,4,0,2,1,0,0,0,3,0,2,0,0,5,4,3,4,3,4,4,4,3,3,5,4,3,3,4,5.9,7,23,647,1076,Master's,0,Full-Stack Developer,124926
5,1,2,2,5,4,1,0,5,5,5,4,1,2,5,1,5,3,1,2,2,1,2,2,5,1,1,3,0,1,5,0,5,4,1,0,0,2,4,1,3,0,4,4,4,4,2,5,3,4,3,3,4,5,5,4,3,3,4,5,3,4,4,5.0,3,20,532,1123,Associate's,0,DevOps Engineer,79453
4,4,3,0,1,4,3,0,5,1,1,0,4,2,5,4,5,1,2,4,4,5,5,1,1,3,0,5,5,4,1,2,1,1,1,5,3,4,5,1,4,0,4,4,5,3,4,1,3,5,4,5,5,5,3,3,5,3,4,4,5,5,3,3.2,3,28,592,763,Master's,1,Frontend Developer,96879
3,0,4,5,0,3,0,5,2,1,0,5,5,0,2,1,2,1,5,5,4,0,5,5,3,2,4,3,4,0,0,3,2,4,1,0,0,0,1,2,5,2,4,0,2,0,3,0,5,4,3,5,5,5,3,3,3,4,4,4,5,4,5,5.2,1,29,391,197,High School,0,Data Analyst,83048
5,3,4,5,2,0,1,3,1,5,2,0,0,2,3,3,3,1,4,5,5,4,5,3,1,0,3,0,2,3,2,3,5,2,3,2,3,2,2,5,0,0,5,1,1,2,3,2,3,5,5,5,4,3,3,4,3,3,3,5,4,5,4,2.5,4,12,212,512,High School,1,Machine Learning Engineer,74097
1,3,2,5,0,3,4,2,1,0,3,4,2,2,5,3,0,4,0,5,4,0,5,1,1,4,4,1,2,2,4,0,0,1,4,1,2,0,1,0,1,0,2,3,0,4,4,4,3,5,3,4,5,5,3,5,5,5,5,5,4,4,5,5.7,5,26,474,888,Master's,1,Mobile Developer,89055
0,5,0,4,4,1,2,1,1,1,1,5,2,2,4,1,1,4,5,2,1,3,4,5,0,4,0,4,2,5,1,4,0,4,5,1,3,4,5,0,2,1,1,4,0,4,3,1,4,3,3,4,5,5,5,5,3,3,5,4,4,3,3,6.7,4,25,688,798,Bachelor's,0,Software Engineer,87187
5,1,0,0,2,3,5,5,4,1,1,5,3,0,2,4,3,5,3,3,0,1,2,5,4,5,3,1,0,5,2,0,5,5,1,3,0,3,1,1,0,3,3,3,1,2,5,4,4,5,4,3,5,3,4,4,3,3,3,3,3,5,5,10.5,11,32,745,2093,Master's,0,Mobile Developer,89147
2,2,0,3,1,3,0,5,0,5,4,4,4,4,2,2,4,3,3,5,4,1,5,0,1,5,1,4,4,2,3,2,5,2,1,1,1,2,5,1,3,0,1,4,1,1,2,1,5,4,4,3,3,5,3,5,5,3,4,5,4,4,5,4.9,5,21,460,1272,Associate's,1,Data Analyst,73502
3,3,4,2,4,2,5,3,2,0,5,4,4,1,0,3,5,4,1,0,1,2,4,4,5,1,2,1,1,5,4,0,1,3,1,5,0,2,3,1,0,3,4,4,5,4,1,0,3,3,3,3,5,4,3,5,5,3,3,3,5,3,4,3.9,3,21,588,763,PhD,0,Security Engineer,93748
2,3,2,1,2,4,3,3,5,2,1,2,4,3,4,2,3,1,3,3,2,2,3,0,1,5,2,2,0,0,1,1,5,1,0,3,5,2,1,5,0,0,0,4,4,4,5,2,5,3,4,4,4,3,3,5,3,3,4,3,3,3,5,6.7,7,32,476,1407,Bachelor's,0,Data Scientist,107984
2,3,1,3,5,5,3,5,0,0,3,0,5,1,3,4,0,1,0,5,1,0,4,1,4,0,5,1,5,2,4,3,1,5,2,2,2,4,4,3,4,2,1,2,0,5,3,5,5,3,3,5,5,4,5,5,5,5,3,5,4,4,5,2.4,3,10,521,502,Master's,0,Data Analyst,66182
0,5,0,2,5,3,3,0,1,2,1,0,1,1,5,4,5,2,0,2,3,1,0,3,0,5,3,0,5,0,1,3,0,1,4,5,2,1,0,2,5,4,2,1,3,0,3,5,5,5,4,3,4,4,4,4,5,4,4,4,5,3,3,7.1,9,23,795,1564,High School,1,Data Analyst,92701
1,2,4,3,5,1,1,5,0,0,5,0,0,5,4,5,5,5,2,2,4,5,0,0,1,2,4,1,1,2,2,0,0,4,0,0,4,1,2,0,2,5,5,1,2,1,3,3,5,3,4,4,3,3,3,5,3,4,5,3,3,5,3,2.7,4,10,557,975,Associate's,1,Software Engineer,50000
0,2,5,3,4,0,3,2,1,1,3,2,3,1,0,4,3,0,1,0,0,5,1,3,0,0,2,2,4,5,2,1,3,4,1,4,4,0,2,0,0,3,5,4,4,1,4,5,3,4,3,3,5,3,5,5,5,4,5,4,3,5,3,3.5,6,11,351,1293,High School,0,Software Engineer,65801
0,2,3,1,2,4,3,4,1,2,0,2,0,3,4,1,1,4,0,5,3,0,2,2,5,4,1,0,5,0,5,2,2,0,5,3,4,5,3,4,4,1,2,3,0,5,5,2,5,5,3,5,4,3,4,4,4,3,4,5,3,5,4,3.0,3,20,562,471,PhD,0,Mobile Developer,82817
4,2,5,1,0,1,2,3,2,1,3,2,3,4,3,5,2,0,3,0,1,3,3,0,0,3,2,2,4,0,0,4,4,2,1,0,5,5,5,1,0,2,4,2,3,5,2,1,3,4,4,5,5,5,4,5,4,4,4,3,4,3,5,3.6,2,15,240,670,Bachelor's,0,Frontend Developer,89013
5,4,4,4,5,2,1,4,5,1,1,3,5,0,1,0,4,1,2,3,3,0,0,1,0,3,2,3,5,4,0,3,3,5,4,4,4,1,3,0,4,0,2,3,2,5,4,1,3,3,3,5,3,3,4,4,4,4,4,3,4,5,5,12.0,11,45,998,1605,PhD,0,Backend Developer,135485
2,1,1,5,3,5,3,0,5,3,3,5,3,0,0,1,2,5,2,5,5,2,2,4,4,5,5,3,2,0,1,3,0,2,0,3,2,1,2,2,4,5,5,2,5,2,3,0,5,4,3,4,4,3,3,5,3,3,3,3,5,3,3,5.4,4,30,385,1133,High School,0,Software Engineer,101594
5,5,3,4,1,1,1,4,2,1,2,0,4,5,5,0,5,3,1,4,0,4,5,0,4,0,1,4,2,3,5,3,1,1,2,5,0,1,0,1,2,5,2,3,5,0,5,5,5,5,3,4,3,5,5,5,5,4,4,5,5,3,3,4.4,2,27,143,1067,Bachelor's,0,Frontend Developer,100202
4,0,0,3,5,4,3,1,1,1,2,0,5,4,5,1,3,1,5,3,0,5,1,3,0,2,5,2,4,0,3,1,5,3,3,0,2,1,5,0,0,2,5,0,2,3,5,1,3,4,4,5,5,4,4,4,5,3,4,4,5,4,4,4.3,6,25,661,714,Bachelor's,0,DevOps Engineer,107006
1,2,0,3,5,3,0,2,2,5,3,3,1,0,3,3,4,0,3,0,3,2,0,3,3,4,4,2,1,0,2,1,0,1,2,1,3,3,2,5,0,1,1,1,4,0,5,4,4,3,3,3,5,4,3,3,4,5,5,4,4,5,5,7.8,6,23,653,1595,Bachelor's,0,Full-Stack Developer,125643
4,2,5,2,2,0,2,5,3,4,5,1,2,4,1,1,0,4,4,4,1,5,0,5,2,1,4,0,3,5,2,4,3,1,3,3,1,0,3,3,1,4,3,1,5,4,4,1,3,3,3,3,4,3,3,4,3,3,5,4,4,4,4,5.7,7,34,841,1477,Associate's,0,Data Scientist,81138
2,3,5,4,0,1,2,2,5,2,4,4,4,4,3,4,5,4,4,2,0,5,0,2,4,4,1,1,1,4,1,4,3,1,1,1,2,4,3,5,2,5,5,2,2,0,2,0,4,5,3,3,3,5,3,3,4,4,4,3,4,4,3,5.8,7,35,707,1074,Bachelor's,0,Data Analyst,76603
2,3,4,0,2,5,0,4,4,2,2,5,4,1,5,5,1,3,4,3,5,1,2,3,3,2,0,1,0,2,0,2,4,2,5,4,4,1,1,1,1,1,4,4,5,0,4,1,5,4,4,3,4,4,4,4,4,4,4,3,3,3,4,1.4,3,6,156,1265,Bachelor's,1,Data Analyst,50195
0,2,0,1,1,4,4,5,1,3,0,1,2,3,4,3,0,1,2,5,0,3,4,0,2,2,5,2,0,2,1,1,3,1,1,0,3,2,2,5,3,3,1,5,5,1,1,0,5,5,3,4,4,5,5,5,5,3,4,5,4,4,3,-0.4,0,0,414,840,Master's,0,Mobile Developer,57371
0,5,2,5,2,3,1,0,3,4,2,5,0,1,4,1,3,4,2,3,1,0,4,4,2,5,3,2,4,5,0,5,1,0,2,0,0,0,5,1,5,3,2,5,1,0,0,5,3,5,5,5,3,4,5,3,3,3,5,5,3,3,5,4.4,5,29,486,892,PhD,1,Backend Developer,77300
5,3,0,1,0,3,4,5,5,0,1,4,1,2,3,5,0,0,0,1,2,1,0,5,2,5,0,3,4,3,2,1,3,5,3,2,3,1,3,3,1,5,0,5,0,5,0,4,5,5,5,4,5,5,3,5,5,3,5,3,4,5,4,9.6,7,44,663,827,Associate's,1,Data Analyst,124354
4,4,5,2,4,5,4,1,4,3,5,4,1,1,2,3,2,3,4,2,4,5,5,2,1,3,4,5,2,4,5,2,5,5,3,2,2,4,5,0,5,0,3,1,3,3,5,1,5,3,3,5,4,5,4,3,5,3,3,3,5,3,4,1.1,6,17,694,1242,Master's,0,Mobile Developer,72772
5,2,0,0,5,3,1,0,4,5,1,5,1,4,1,4,5,3,4,4,2,5,2,2,0,3,2,4,3,4,0,3,2,0,2,0,2,3,0,5,0,1,4,4,3,4,2,4,4,4,5,3,3,3,3,4,3,3,4,4,4,5,4,2.8,0,18,343,957,Master's,1,Machine Learning Engineer,116258
3,2,1,1,5,3,1,2,0,0,1,3,5,0,5,0,4,1,1,3,0,3,0,3,2,4,5,4,1,2,1,2,5,3,0,0,1,5,2,1,0,2,4,1,2,0,4,4,5,4,4,3,4,4,4,4,3,5,4,5,4,4,5,7.3,2,23,467,985,Associate's,0,Security Engineer,96193
0,2,5,3,0,2,1,5,1,0,5,1,5,1,5,3,4,1,4,1,3,5,1,5,1,5,3,0,2,2,0,2,0,3,1,0,2,2,0,2,3,0,3,3,4,4,2,5,3,3,4,4,3,3,3,4,3,4,5,5,5,4,5,3.1,2,10,458,1144,High School,1,Security Engineer,91690
4,5,2,2,4,2,3,2,4,4,2,0,0,1,1,2,3,4,2,2,1,0,0,2,5,3,4,5,1,4,1,4,5,3,5,4,1,0,4,4,5,0,4,5,1,3,5,3,3,5,5,3,4,4,3,3,3,5,4,3,5,4,3,4.9,7,14,599,875,High School,1,Security Engineer,76837
2,1,4,3,1,5,3,3,0,0,5,0,2,3,0,1,0,2,2,3,0,1,5,0,4,2,4,4,3,1,2,1,2,5,3,2,3,1,3,4,2,1,4,1,4,0,2,1,5,4,5,5,3,3,3,3,5,3,5,5,3,4,3,6.2,7,21,526,1057,High School,1,Data Scientist,93146
1,4,0,3,4,1,1,3,2,4,3,0,0,2,1,0,5,4,4,5,4,4,5,2,3,4,2,1,5,1,2,2,4,1,5,5,0,4,0,3,2,2,5,1,3,3,0,1,5,5,4,5,5,4,5,3,3,5,5,4,3,4,3,6.4,4,38,512,513,PhD,0,Frontend Developer,99896
3,3,2,0,4,0,4,0,3,1,3,0,5,4,0,5,5,1,2,2,0,4,0,4,1,2,5,3,1,5,2,2,5,4,5,5,5,5,5,5,2,1,3,2,5,3,1,3,3,5,5,4,4,3,5,4,4,3,5,4,4,3,3,4.2,4,27,453,668,High School,0,Frontend Developer,70387
3,2,2,3,0,4,1,1,3,0,4,2,2,2,1,1,1,3,3,3,0,3,4,4,1,4,2,2,3,2,1,5,4,1,0,0,1,4,4,5,4,1,0,1,0,5,0,2,5,5,3,3,5,4,3,4,3,5,3,4,3,5,4,1.5,0,22,374,925,Associate's,0,DevOps Engineer,54625
4,3,1,5,4,2,2,4,5,0,3,2,1,0,2,3,0,0,0,0,5,1,3,5,0,1,1,3,0,2,5,4,0,1,4,1,0,0,0,0,1,1,4,3,0,1,1,1,4,5,4,5,4,5,4,3,3,5,3,4,4,4,3,2.2,1,14,252,876,PhD,0,Mobile Developer,86605
4,1,0,1,5,2,0,0,2,3,4,5,0,3,3,0,4,2,0,1,4,2,5,1,4,0,1,0,4,0,2,0,3,0,1,2,0,0,2,0,1,4,2,5,4,2,5,2,3,3,3,3,3,5,3,3,3,3,5,5,3,4,4,3.2,0,19,11,445,Bachelor's,0,DevOps Engineer,80300
2,1,2,4,2,3,0,0,2,4,3,4,4,1,5,2,0,4,3,1,1,1,2,1,3,5,2,3,0,1,2,4,0,4,2,1,0,3,3,1,4,5,3,3,4,0,4,5,5,3,5,5,5,5,5,4,5,5,3,3,5,5,4,5.0,2,20,106,457,PhD,0,Mobile Developer,92499
5,4,2,4,0,5,5,1,1,3,4,2,1,4,3,4,2,2,2,3,1,1,2,1,3,4,0,0,0,0,4,5,4,2,2,3,5,3,2,2,0,3,0,2,4,1,3,3,4,3,3,3,5,5,4,5,3,4,5,3,4,3,5,5.9,7,26,568,1458,High School,0,Full-Stack Developer,116025
5,5,4,4,0,4,5,0,1,0,2,2,0,0,2,0,4,4,0,0,0,5,2,4,2,0,1,4,3,5,4,3,1,0,5,0,0,3,1,2,3,4,4,3,5,3,0,3,5,3,3,3,4,3,3,4,3,4,5,5,4,3,4,4.9,3,15,363,449,High School,1,Backend Developer,69952
3,1,5,4,4,3,4,2,4,2,3,2,2,4,3,1,1,1,0,5,2,4,3,1,4,0,4,0,0,1,4,3,5,4,2,1,5,1,0,2,4,2,0,4,4,1,0,5,4,3,5,5,4,3,3,4,4,3,5,3,3,5,3,6.9,10,33,800,1346,Bachelor's,0,Data Analyst,102945
5,2,3,5,5,0,2,5,3,0,2,1,0,3,1,0,4,0,3,0,0,5,5,2,2,2,4,0,1,4,5,5,0,0,0,2,1,4,0,5,4,3,0,1,1,3,5,0,4,3,4,3,3,5,3,5,3,5,5,5,3,5,3,3.4,2,18,472,1072,High School,0,Backend Developer,79210
2,0,1,5,2,2,0,4,4,1,5,5,3,3,5,1,2,0,4,3,4,2,0,2,2,0,4,3,5,0,2,1,3,0,3,5,0,4,0,0,5,4,3,1,4,5,4,1,4,5,5,3,5,5,5,3,5,3,5,5,3,5,4,10.0,11,49,901,1957,Bachelor's,1,Frontend Developer,123584
5,2,5,2,3,5,2,3,4,1,3,5,3,2,2,5,2,5,3,1,4,2,5,2,5,1,3,5,5,4,3,0,4,5,2,0,2,3,4,0,1,0,3,3,5,4,0,2,4,3,5,3,4,3,4,3,5,3,3,3,3,3,3,5.3,4,15,413,1176,PhD,0,Security Engineer,87596
4,0,2,2,1,1,4,5,4,5,0,4,4,3,3,0,1,2,0,4,0,4,3,0,3,4,0,3,1,2,2,3,5,5,1,5,4,1,0,2,0,1,4,4,1,4,3,2,3,3,3,3,5,4,4,5,5,5,4,4,3,4,3,9.0,8,27,756,1677,Associate's,1,Software Engineer,103189
4,3,4,4,2,2,1,0,5,2,5,1,2,3,0,1,2,1,5,4,1,2,2,1,5,0,5,5,3,3,3,4,3,5,5,1,5,0,2,5,2,3,1,1,1,5,0,3,3,3,3,4,3,5,3,4,3,4,4,3,5,5,5,9.5,6,31,734,704,Associate's,0,Software Engineer,100185
1,2,5,3,4,0,5,4,0,1,4,2,0,5,4,1,5,0,5,4,0,5,2,2,2,2,4,2,0,2,3,2,2,5,2,4,1,1,1,0,4,5,4,4,5,3,0,5,3,4,3,3,3,5,4,5,4,5,4,3,3,3,5,1.8,0,7,163,47,Bachelor's,1,Backend Developer,57522
2,0,3,3,4,3,3,2,4,5,2,5,5,4,1,2,2,5,0,4,5,5,2,5,3,3,5,4,5,5,2,0,2,0,2,0,2,0,4,4,0,2,3,2,5,1,3,0,4,5,5,4,3,4,5,4,5,3,4,4,5,4,5,1.2,1,15,393,526,Associate's,0,Software Engineer,59457
2,4,2,3,0,2,4,2,0,2,5,5,4,2,5,4,5,0,1,5,5,2,4,2,4,1,1,4,1,1,1,0,1,1,2,1,1,1,0,3,2,4,1,4,1,4,0,5,4,5,4,4,4,5,3,3,3,3,4,5,5,5,5,-0.6,0,0,309,623,Bachelor's,0,DevOps Engineer,89281
3,3,3,0,0,4,1,5,0,1,5,2,0,1,3,2,3,4,1,5,2,4,1,2,1,5,2,5,5,0,5,3,0,0,2,0,2,0,3,0,0,2,5,4,0,3,3,2,4,4,4,5,3,3,4,5,5,5,4,5,3,4,3,1.7,0,8,33,531,Master's,0,Data Scientist,77543
0,4,5,5,4,4,3,4,3,2,4,1,1,4,2,5,4,3,2,2,0,3,0,2,1,1,5,3,5,4,2,0,2,2,5,5,5,2,3,5,3,2,5,5,2,1,1,4,5,5,5,3,4,3,3,5,4,3,3,5,5,4,4,9.1,8,39,402,1034,Master's,1,Security Engineer,114313
5,3,1,4,3,0,2,0,4,5,0,5,1,1,1,2,3,4,0,2,3,0,1,5,4,2,2,0,0,3,2,4,5,0,0,3,0,2,0,4,1,3,4,3,5,1,2,0,3,5,4,5,3,3,5,4,4,5,3,5,5,4,3,9.8,9,36,765,1831,Associate's,1,Frontend Developer,132096
5,4,1,2,5,0,0,0,3,1,2,4,3,4,4,4,2,3,0,1,2,4,4,5,2,1,0,0,2,3,5,1,5,1,5,4,3,5,5,2,1,3,2,4,0,3,5,5,3,5,5,3,4,5,5,3,5,5,3,4,3,4,3,7.2,6,28,495,1350,Master's,0,Mobile Developer,106796
2,1,4,0,1,5,4,5,2,4,0,4,2,5,4,1,4,2,3,2,3,0,5,2,1,4,3,2,4,4,0,0,2,1,1,4,5,1,3,4,0,5,3,0,2,1,2,5,4,5,5,4,3,5,3,3,3,4,4,4,5,4,4,7.8,8,36,808,819,Bachelor's,0,Security Engineer,92102
4,2,5,0,5,5,3,0,3,0,3,3,4,1,4,2,1,4,0,3,3,4,5,5,3,0,3,1,0,2,4,5,3,0,1,4,1,3,3,3,4,3,1,5,2,1,5,2,3,4,3,3,4,4,3,5,4,4,3,4,5,3,4,1.5,0,21,178,771,High School,1,Mobile Developer,95962
1,2,0,4,0,4,5,5,0,5,3,2,5,1,1,3,5,1,4,5,3,3,1,2,4,4,4,1,0,0,4,4,4,5,4,4,5,3,3,1,5,2,1,3,2,4,5,4,4,3,3,3,5,4,5,5,5,4,5,3,3,4,3,6.9,6,25,471,1480,High School,0,Software Engineer,122090
5,1,4,1,0,3,5,2,2,4,5,1,0,5,5,2,4,1,5,5,2,5,4,2,0,5,5,0,5,4,0,1,4,3,1,0,5,0,1,3,3,5,0,5,4,4,1,3,3,5,4,4,5,4,4,5,4,4,3,3,4,3,4,6.2,9,20,475,1505,Master's,0,Machine Learning Engineer,109230
4,2,3,5,5,1,1,2,1,3,1,4,3,3,2,0,0,0,4,3,3,2,0,2,0,4,1,4,5,3,2,3,3,4,1,1,4,3,4,3,2,0,1,4,2,1,5,0,3,5,3,5,5,5,5,3,4,4,4,4,3,5,4,3.8,4,29,228,922,Associate's,0,Security Engineer,90104
2,2,2,3,2,5,5,1,2,1,2,4,1,4,0,5,3,4,4,4,3,2,3,4,1,3,1,1,0,1,1,0,3,4,4,1,3,1,0,2,1,2,1,5,0,5,5,2,4,5,4,5,3,5,5,3,3,5,5,3,3,3,5,2.2,3,11,231,859,Bachelor's,1,Full-Stack Developer,89359
4,1,4,1,2,3,3,0,4,3,1,2,4,1,4,2,2,4,0,2,3,1,2,0,2,0,0,3,1,4,0,5,0,1,3,4,3,1,0,0,3,1,2,2,3,5,2,0,5,3,4,3,4,5,5,3,4,4,5,4,5,3,3,1.8,0,11,487,156,Master's,1,Software Engineer,66604
3,4,4,0,5,5,4,2,3,5,0,4,5,5,0,5,0,0,3,0,2,4,3,5,1,5,5,1,2,5,0,0,5,3,4,0,5,3,5,3,5,1,4,1,2,3,5,5,3,3,3,3,3,4,5,5,3,5,3,4,4,5,4,4.3,3,19,434,790,High School,0,Machine Learning Engineer,106760
4,2,4,3,0,4,2,0,1,1,3,2,0,2,2,4,0,0,2,1,1,0,0,1,2,3,5,5,1,2,5,5,3,4,4,3,4,4,2,2,0,3,0,3,4,0,4,5,5,5,4,5,5,4,3,4,5,4,4,4,4,4,5,4.7,3,32,175,646,Master's,0,Security Engineer,86798
1,4,3,0,3,0,1,4,2,5,1,3,4,3,4,1,1,1,1,3,2,3,3,3,1,5,5,3,0,2,2,4,5,1,1,1,5,4,5,0,5,4,3,4,5,5,3,1,3,3,5,5,4,5,3,3,5,4,5,3,5,5,4,5.5,8,17,729,901,Master's,0,Security Engineer,61014
2,2,1,3,0,0,3,5,1,2,5,1,4,2,3,0,4,0,0,4,2,1,4,1,0,4,2,3,2,4,5,0,1,5,1,4,1,0,2,5,3,1,5,4,4,3,2,5,5,4,3,5,3,5,4,5,5,4,4,4,3,3,5,4.8,0,18,147,490,PhD,1,Security Engineer,113483
4,3,4,0,3,1,4,0,3,5,4,4,0,5,2,4,3,0,4,1,4,5,5,1,2,1,5,4,1,3,0,1,0,1,3,5,0,5,1,1,2,3,0,1,4,2,2,0,3,4,4,3,4,5,3,4,3,4,3,5,3,3,5,8.3,8,42,649,1622,Bachelor's,0,Software Engineer,85064
3,4,4,3,2,0,5,1,1,0,1,5,4,0,2,3,3,5,5,3,1,0,3,2,5,1,3,1,2,1,5,3,5,3,5,0,4,2,3,3,5,3,1,2,4,4,0,5,3,3,3,4,3,5,3,5,3,4,5,4,4,4,4,-0.1,0,9,207,680,High School,0,Backend Developer,76912
4,4,2,4,1,4,2,4,4,4,1,0,5,5,1,5,1,3,1,5,1,1,2,0,2,1,1,3,4,0,5,0,5,2,1,5,4,0,2,4,2,1,5,2,4,2,0,5,5,3,5,4,5,4,4,5,5,3,4,3,4,4,4,2.0,0,23,329,291,PhD,1,DevOps Engineer,80481
2,4,1,5,5,5,2,4,2,2,4,2,4,1,4,1,1,4,4,2,3,3,3,1,5,4,3,5,1,4,0,2,1,1,3,1,3,4,4,0,3,2,4,0,4,1,2,2,3,5,5,3,3,3,4,4,3,4,4,4,4,5,5,5.5,4,19,532,1295,Bachelor's,0,Security Engineer,96582
0,3,4,2,0,1,1,2,0,2,4,1,2,2,0,3,3,5,3,0,4,2,0,4,0,5,5,5,0,5,5,0,1,5,1,4,3,2,0,0,1,5,4,0,3,1,1,1,3,3,4,5,3,3,4,3,4,5,5,5,5,5,4,5.5,6,30,474,884,Associate's,1,Software Engineer,80854
3,1,3,2,4,2,2,4,0,2,4,1,1,2,0,1,0,5,1,1,2,3,0,4,2,3,3,0,3,3,1,0,5,1,4,2,5,1,0,4,2,1,5,4,1,1,0,1,3,4,5,4,4,5,3,3,4,4,4,5,3,3,5,1.3,1,22,438,596,PhD,0,Data Scientist,102886
5,0,5,1,3,3,5,0,0,0,2,2,5,2,3,2,2,1,2,3,2,2,1,0,1,5,5,5,2,2,2,1,3,2,4,4,3,4,0,2,2,2,4,0,5,1,5,4,5,4,3,3,3,3,5,3,4,4,4,5,4,5,3,3.5,1,15,404,1084,PhD,0,Data Analyst,50000
0,4,2,4,3,4,5,5,0,5,4,0,2,0,0,5,1,4,2,2,0,0,2,0,5,4,1,5,0,5,1,2,5,4,4,1,0,0,2,1,0,4,1,1,1,5,2,5,3,3,4,3,4,4,5,4,5,5,4,4,4,3,3,3.9,5,23,734,869,High School,0,Mobile Developer,96393
5,5,3,5,2,0,4,1,5,3,0,1,0,3,4,4,3,4,4,4,0,0,5,0,4,0,2,4,5,5,1,1,5,3,4,5,4,5,4,1,4,2,4,5,1,4,1,1,5,4,5,3,4,3,3,5,3,4,5,3,3,5,4,6.2,4,32,211,790,High School,0,Software Engineer,74371
0,4,5,1,4,4,3,4,4,3,5,2,5,4,1,3,2,4,3,5,0,0,4,4,5,0,2,2,2,3,1,1,3,2,1,3,3,5,2,3,5,1,0,4,5,4,0,1,5,5,3,5,3,5,3,5,3,3,5,5,5,5,5,1.6,4,13,462,864,Bachelor's,0,Software Engineer,69961
0,4,1,5,0,1,3,5,5,4,5,2,0,4,5,2,3,4,2,1,4,4,3,5,0,3,3,5,1,5,2,1,5,2,5,2,1,0,4,3,5,2,2,0,4,0,0,3,5,4,3,4,5,3,5,4,4,3,3,4,4,3,5,2.4,2,10,229,797,Associate's,0,Mobile Developer,92695
1,1,0,2,2,3,5,3,1,5,1,3,2,3,1,2,5,2,1,3,5,4,1,0,1,3,4,0,2,1,0,0,5,3,4,1,3,5,2,1,2,4,1,0,4,5,1,1,4,3,3,4,3,3,4,4,3,4,3,5,3,5,3,4.9,2,29,125,925,High School,1,Frontend Developer,106598
3,5,5,4,5,3,1,4,4,4,4,3,5,2,2,3,1,5,4,4,2,2,2,2,2,5,5,4,1,2,3,0,1,0,1,0,2,5,4,3,5,4,1,4,4,1,2,5,5,5,3,5,5,4,5,5,4,3,4,5,5,5,5,7.4,4,33,641,620,Master's,0,Data Scientist,105206
3,0,3,4,5,4,1,3,2,4,3,5,5,4,2,4,1,3,0,3,0,1,2,2,1,0,2,4,0,3,5,4,5,3,4,0,3,4,2,1,5,4,1,5,5,0,0,5,3,3,5,5,3,5,4,5,4,5,4,3,4,3,3,7.8,6,25,470,970,High School,0,DevOps Engineer,112893
1,1,5,0,5,3,0,4,2,3,5,4,1,0,2,1,1,2,5,0,5,0,1,4,2,3,5,5,2,5,0,5,1,4,0,4,1,0,4,4,1,4,2,1,1,3,0,5,5,5,4,4,3,3,3,5,5,4,3,4,5,3,4,8.5,9,30,587,1601,PhD,0,Frontend Developer,131835
5,1,4,5,4,1,5,4,3,5,5,3,2,4,4,0,5,5,2,2,1,4,3,3,4,5,1,4,0,0,3,5,4,0,4,2,4,0,1,3,1,0,4,1,5,3,2,4,4,3,4,4,3,3,4,4,4,3,5,5,4,3,4,11.2,10,46,570,1045,PhD,1,Data Analyst,124779
3,2,0,0,1,0,5,2,4,1,2,3,1,2,2,2,1,5,3,0,2,3,0,2,3,4,0,4,0,1,5,1,1,0,5,5,3,4,0,0,5,3,2,1,5,1,2,4,5,4,4,5,3,5,5,5,4,5,4,4,3,3,5,4.9,7,17,635,1357,PhD,0,Backend Developer,86903
1,5,5,4,1,0,2,1,1,5,4,5,2,0,5,3,5,0,4,2,5,5,3,2,5,3,3,4,4,1,3,0,0,2,5,5,5,4,3,0,5,2,0,2,4,0,4,5,3,5,3,4,4,4,3,5,5,5,4,5,3,3,5,5.7,4,19,647,1110,PhD,1,Machine Learning Engineer,107345
0,3,4,4,0,2,2,0,3,1,3,3,4,0,1,5,2,4,1,5,2,5,3,4,4,4,3,5,0,1,2,4,4,4,0,5,0,2,5,5,3,2,0,1,0,4,0,0,5,4,3,5,5,3,4,4,3,3,5,4,5,3,4,2.5,3,23,332,384,Associate's,0,Full-Stack Developer,89999
4,2,5,3,5,2,3,5,3,5,2,0,2,1,3,2,4,2,0,4,3,4,2,5,2,2,4,3,0,0,4,0,1,0,3,5,0,2,4,5,5,1,5,0,3,1,5,1,4,3,5,4,5,4,4,4,4,5,4,3,4,4,5,8.0,8,33,784,1352,PhD,0,Security Engineer,119779
3,2,3,1,3,2,4,5,2,5,0,2,3,2,1,2,1,3,5,4,1,1,4,4,2,1,3,3,1,1,3,5,1,3,0,4,1,1,0,4,0,2,2,0,4,2,0,3,4,4,3,4,4,5,5,3,4,3,5,4,4,3,5,4.6,6,20,703,652,Associate's,0,Security Engineer,50000
5,2,5,0,5,2,3,1,5,0,5,3,4,5,5,4,1,4,1,4,5,3,5,4,4,3,0,0,3,4,4,1,1,2,0,3,0,5,5,1,5,3,5,3,4,2,4,2,5,4,4,5,4,4,4,3,3,5,5,4,3,4,4,6.0,8,27,451,1636,Master's,0,Security Engineer,112065
2,0,3,0,1,4,5,1,5,1,0,0,2,5,5,0,0,3,4,0,1,2,4,4,2,2,5,0,1,0,1,1,4,5,0,0,1,0,1,4,5,0,5,3,0,4,4,1,3,5,4,5,4,4,3,3,4,4,3,4,5,4,5,10.1,11,32,702,1353,Bachelor's,1,Frontend Developer,126686
3,4,5,3,3,0,4,2,3,1,5,3,0,4,3,2,2,0,2,2,2,1,4,3,3,4,5,0,4,5,2,0,3,5,5,0,4,2,4,4,3,4,5,3,5,2,1,5,3,5,3,3,3,5,5,3,5,3,5,3,4,3,3,-0.1,1,1,535,168,PhD,0,Security Engineer,65652
5,0,3,0,1,5,2,5,3,4,2,5,3,4,4,1,1,4,0,1,0,0,4,0,4,5,0,4,4,2,0,4,3,1,2,5,1,1,5,1,3,2,5,4,2,1,1,2,4,5,5,3,3,4,3,4,5,5,3,5,4,5,4,6.2,4,26,378,842,Master's,0,Backend Developer,111148
4,5,5,0,3,5,4,1,5,0,3,0,5,2,0,1,1,0,4,2,0,1,5,4,2,3,4,3,1,3,0,3,5,1,5,1,2,3,2,3,0,1,4,1,3,4,0,2,3,3,3,4,5,3,5,3,4,5,3,5,4,3,3,7.1,8,36,616,1481,Associate's,1,DevOps Engineer,97992
3,3,2,4,0,1,2,5,3,1,1,4,0,0,5,4,1,3,0,2,5,2,3,3,4,0,2,1,5,2,3,3,5,4,4,3,2,3,3,5,1,5,4,4,0,2,1,3,3,3,5,5,3,4,3,3,3,4,5,4,3,3,5,6.2,6,21,786,915,Master's,0,Frontend Developer,118549
3,0,2,3,5,2,1,4,5,2,5,2,5,4,0,4,5,2,0,5,5,4,4,2,0,0,4,1,4,3,1,2,3,1,0,2,2,0,5,1,5,2,1,1,0,5,1,0,3,4,3,5,5,3,3,5,3,3,3,5,3,4,3,-0.2,0,14,318,853,Bachelor's,0,Data Scientist,79850
4,4,5,1,4,0,5,3,3,0,3,0,3,0,0,2,4,5,4,1,0,5,3,0,0,3,5,4,5,1,2,4,0,0,1,3,1,0,0,1,3,5,3,2,2,3,5,5,3,4,4,3,4,5,5,4,3,4,4,5,4,3,4,8.2,9,30,875,998,High School,1,Full-Stack Developer,117623
0,0,3,5,2,2,4,0,3,3,3,3,0,4,0,2,0,4,5,5,2,1,5,0,0,2,1,3,3,0,4,1,4,0,2,0,1,5,5,1,0,0,5,0,0,5,3,5,3,3,5,3,3,3,3,4,5,4,4,3,4,5,3,6.6,10,27,901,1728,High School,1,Data Analyst,115711
5,0,0,5,4,3,2,3,0,5,4,3,4,5,5,2,3,1,2,1,4,2,3,4,4,4,4,3,0,5,0,4,3,0,0,2,4,2,2,1,0,5,4,2,1,0,0,4,4,3,3,3,5,3,3,3,5,3,3,3,5,3,4,10.1,11,41,989,1305,High School,0,Mobile Developer,131254
5,4,2,1,3,0,1,2,4,4,3,0,4,3,4,1,5,0,5,3,0,2,2,3,1,0,4,0,4,3,5,3,5,3,1,2,4,5,4,1,4,0,0,4,2,4,4,0,5,5,3,5,3,5,5,5,3,4,4,3,5,4,5,5.6,1,28,254,662,PhD,1,Frontend Developer,107298
4,4,5,1,1,4,2,3,0,1,4,2,1,5,1,4,3,3,0,3,0,5,0,3,0,5,3,4,1,4,1,5,2,3,2,2,5,2,3,2,3,3,4,1,3,4,3,1,3,4,3,5,3,5,5,4,5,3,4,4,3,4,3,6.8,8,36,427,1502,Bachelor's,1,Software Engineer,101601
0,5,0,0,3,2,5,5,2,4,4,0,2,4,3,5,2,2,4,2,1,2,0,1,0,4,3,5,1,5,2,0,2,3,5,2,3,4,2,4,3,5,0,4,0,2,1,0,3,5,5,5,3,3,5,4,3,3,3,3,4,5,5,7.3,9,39,666,1765,High School,0,Full-Stack Developer,136800
4,4,3,5,3,5,3,0,0,4,5,5,3,0,2,3,4,3,5,3,3,0,5,2,0,3,3,5,2,5,3,1,5,3,1,5,2,5,2,5,5,4,0,3,2,0,0,2,5,3,3,5,5,3,4,3,5,4,4,3,3,5,3,8.7,10,27,665,1779,Associate's,0,Security Engineer,92398
0,4,4,1,5,0,0,4,3,4,5,5,3,2,2,3,4,3,3,0,5,3,4,4,2,2,2,3,1,3,2,4,4,5,2,4,0,0,4,3,2,3,5,5,1,2,0,3,3,4,5,5,5,4,3,5,4,4,4,4,5,3,5,4.0,0,17,289,683,Bachelor's,1,Backend Developer,74485
5,3,3,3,0,1,1,3,3,1,1,0,1,3,2,4,1,3,1,3,3,4,0,5,1,2,2,3,0,5,1,1,2,2,3,2,0,0,2,5,3,4,1,2,0,0,4,1,4,4,3,4,5,4,5,4,4,4,3,4,4,5,4,8.3,9,32,737,1542,PhD,1,Software Engineer,80149
0,2,3,5,5,2,1,0,1,4,5,0,1,2,1,0,2,3,3,0,5,0,4,1,3,0,0,3,2,2,1,0,5,0,2,1,4,4,3,2,0,3,3,0,5,4,2,4,5,4,3,3,5,4,4,5,3,5,4,3,4,5,5,6.9,10,39,852,1279,Master's,0,DevOps Engineer,99142
4,0,2,4,3,4,3,2,4,0,3,0,1,5,2,1,2,0,3,5,4,5,4,3,5,1,4,2,0,1,1,3,0,3,3,4,3,1,5,4,2,0,5,3,0,0,5,1,4,3,5,3,3,5,4,5,4,5,3,3,4,4,3,1.5,1,14,314,1034,Bachelor's,0,Mobile Developer,85694
1,5,1,3,4,0,3,3,5,1,2,4,0,2,5,0,3,1,4,1,0,2,5,1,2,3,1,2,1,2,1,2,4,2,1,2,1,5,3,3,3,0,1,3,1,0,1,2,5,5,5,5,4,3,3,5,3,3,4,4,3,4,4,0.0,0,12,156,599,Associate's,0,Mobile Developer,50000
2,1,3,4,2,5,0,5,3,1,0,3,1,3,3,3,2,1,1,1,5,1,3,0,0,4,2,1,2,3,1,3,0,2,3,4,1,0,0,1,2,3,5,5,0,5,3,0,5,4,5,5,3,4,3,5,4,3,5,5,4,5,5,7.6,9,30,716,924,Master's,1,Backend Developer,110367
1,4,2,2,0,2,5,3,4,1,0,5,3,2,3,3,1,4,1,3,3,4,1,2,5,2,3,0,0,4,0,3,1,4,1,5,4,0,1,0,1,3,3,5,0,3,1,5,3,5,3,4,3,4,5,5,5,4,5,3,3,4,3,8.0,7,41,782,1155,High School,0,Software Engineer,126009
1,0,5,1,1,1,5,1,0,4,0,4,2,4,5,2,0,3,1,0,1,4,3,2,4,3,4,3,5,3,0,1,0,0,2,5,0,5,1,3,2,2,4,3,2,3,0,5,5,3,4,3,3,4,5,5,3,5,5,5,4,4,5,6.1,4,32,608,574,Associate's,0,Full-Stack Developer,109271
2,3,2,5,4,4,3,4,4,4,1,0,3,3,4,1,1,1,1,5,0,3,1,1,0,1,5,0,2,5,2,3,4,5,0,2,3,2,3,1,1,2,4,5,0,4,5,0,3,5,5,3,4,5,3,4,5,5,4,3,4,5,5,5.3,3,18,185,1150,Master's,0,DevOps Engineer,119045
3,4,1,4,3,5,5,5,3,0,1,4,1,1,0,2,2,4,0,1,4,3,3,5,2,0,3,0,0,2,2,2,3,3,3,2,4,2,1,4,0,3,3,0,5,3,0,0,4,5,4,3,3,3,3,3,4,3,4,3,3,3,4,8.8,13,36,963,1790,Associate's,1,Mobile Developer,138197
4,2,4,5,4,1,2,2,0,0,4,5,3,4,1,0,1,2,3,5,3,2,2,3,0,1,2,5,4,0,2,1,0,0,3,4,2,5,4,3,0,2,2,1,0,1,2,3,3,4,5,3,3,3,3,3,5,3,4,3,3,4,4,7.8,7,33,845,1162,High School,1,Backend Developer,115169
4,2,0,5,3,4,1,1,2,0,5,3,0,4,2,0,5,1,2,5,5,4,3,1,2,5,5,5,0,3,3,0,0,3,5,1,3,1,0,3,2,5,5,5,5,0,4,2,3,3,3,5,5,4,4,3,4,5,5,4,3,4,4,2.1,0,13,229,258,High School,0,Full-Stack Developer,81840
3,2,5,3,0,4,3,5,4,1,0,0,2,1,3,0,2,3,4,3,2,0,4,2,3,0,2,1,4,1,4,1,0,2,2,4,2,3,0,5,2,4,4,5,0,0,5,5,4,3,3,3,3,3,4,5,4,5,4,4,5,3,4,2.5,4,14,595,964,Associate's,0,DevOps Engineer,81078
3,0,4,3,5,0,5,3,1,4,1,5,2,3,0,4,5,0,2,0,3,1,5,5,0,3,5,5,1,5,4,3,0,3,5,4,4,2,5,4,4,5,3,2,2,5,2,5,4,4,4,4,5,4,4,5,4,4,3,5,5,5,3,1.7,3,8,620,778,PhD,0,Data Scientist,101409
2,3,1,4,3,2,4,4,5,0,5,0,0,5,3,3,5,5,2,5,1,0,3,4,0,4,5,4,2,5,0,5,0,0,3,0,4,0,2,1,4,3,3,4,2,5,4,1,5,3,3,5,5,5,3,4,5,3,5,5,3,5,3,2.0,0,10,354,842,Bachelor's,0,Software Engineer,75626
2,3,1,1,0,4,5,0,1,4,5,3,3,0,2,3,0,2,0,5,1,3,2,2,2,0,1,4,1,0,4,0,0,5,5,3,4,0,0,4,4,3,5,4,3,0,5,0,5,5,3,5,5,5,5,4,4,3,5,5,3,3,4,6.9,11,38,624,1762,Associate's,0,Machine Learning Engineer,121796
3,2,1,3,3,5,2,4,5,1,0,2,2,1,5,0,2,2,0,1,0,2,3,5,5,0,5,2,5,0,3,3,4,1,3,3,1,1,4,4,0,2,4,5,5,5,0,1,4,5,5,4,3,4,5,3,3,4,4,4,5,3,5,4.7,5,14,504,1236,High School,0,DevOps Engineer,102969
3,0,4,1,4,4,1,5,3,3,2,5,3,4,5,5,5,1,5,0,4,5,0,1,2,3,3,3,4,3,4,3,2,1,4,2,5,5,2,5,2,2,3,2,3,3,1,1,4,4,3,5,5,4,4,3,5,4,5,3,4,4,3,9.2,10,37,686,1602,PhD,0,Full-Stack Developer,113159
5,2,1,3,4,1,3,0,2,4,2,5,5,2,1,5,0,0,1,5,2,4,5,5,0,3,3,4,3,5,2,4,5,5,4,5,4,3,0,2,1,2,5,1,4,0,5,4,5,5,3,3,5,5,4,5,3,5,3,4,3,3,3,3.6,4,18,371,1162,PhD,0,DevOps Engineer,66923
4,1,2,5,2,3,0,5,5,5,5,0,0,5,0,4,1,0,1,2,5,4,4,1,2,4,5,4,4,1,4,3,5,0,1,0,5,0,3,1,4,5,2,0,2,4,5,1,5,3,3,4,3,4,5,3,4,4,4,3,3,4,5,5.8,8,30,618,1466,High School,1,Mobile Developer,103734
2,5,4,3,5,1,0,0,2,5,4,1,1,1,4,5,0,3,5,3,4,1,1,0,3,4,5,2,4,3,1,0,3,0,1,4,0,3,1,1,0,2,2,1,0,5,4,1,5,4,3,3,5,5,3,5,5,3,3,4,3,3,4,0.2,0,2,442,48,PhD,1,Security Engineer,54859
1,5,3,1,2,0,4,0,2,5,5,2,3,1,5,0,1,0,1,4,3,3,2,5,1,0,3,3,0,3,5,4,1,3,5,4,4,0,4,0,5,0,0,0,3,0,5,1,5,4,5,4,5,4,5,4,4,4,3,3,3,5,3,8.8,5,30,717,636,Master's,0,Machine Learning Engineer,134355
0,5,3,1,5,5,1,3,3,2,2,4,2,0,2,2,3,1,4,5,4,5,0,2,5,4,3,3,3,4,5,0,3,3,5,2,3,0,0,0,4,3,2,1,3,1,2,1,5,4,4,5,4,5,4,3,4,3,4,5,3,5,5,1.6,3,13,497,798,Associate's,0,Security Engineer,66585
2,2,5,3,4,4,1,2,0,5,2,1,3,3,1,1,0,1,1,3,0,0,1,5,1,4,0,1,3,1,5,2,1,2,1,5,5,3,4,1,2,3,1,1,2,1,0,3,3,4,3,4,3,3,5,3,5,3,5,4,3,4,4,10.3,12,45,670,1809,PhD,0,DevOps Engineer,113454
2,2,0,0,4,1,3,3,1,3,3,5,3,4,0,2,0,0,4,5,4,4,2,3,0,0,5,3,3,5,1,4,3,5,4,2,1,4,3,2,0,3,5,0,5,5,2,2,3,4,4,3,3,5,5,5,4,3,5,4,3,4,5,9.6,9,30,600,1835,Master's,0,Security Engineer,121161
4,5,0,4,3,4,0,5,2,1,4,0,0,1,0,5,4,2,1,0,1,1,4,0,3,2,1,5,5,2,4,3,3,0,3,3,3,4,4,3,4,0,3,1,1,4,0,5,5,3,3,3,5,5,3,3,4,4,3,3,5,5,4,3.6,4,24,532,714,Associate's,0,Data Scientist,107207
2,3,3,0,2,2,0,3,1,1,2,5,3,4,2,2,1,0,2,1,1,2,5,1,2,2,3,3,4,3,5,4,1,1,1,0,5,1,2,1,2,0,2,2,5,0,0,0,4,3,3,4,3,5,3,3,5,3,3,4,3,4,3,0.5,0,15,359,518,PhD,0,Software Engineer,50480
0,4,3,2,2,2,5,3,0,5,1,5,2,0,5,2,4,4,0,5,3,3,5,1,5,4,4,0,0,3,3,1,2,1,0,4,1,2,3,3,0,4,4,3,5,3,1,0,3,4,5,5,5,4,5,4,4,4,4,5,4,3,5,7.4,7,24,612,1184,Associate's,0,Mobile Developer,117092
4,4,4,0,5,0,3,2,0,5,2,4,4,3,3,3,5,0,4,0,3,3,3,1,2,0,3,5,1,1,0,0,1,1,3,3,2,0,5,4,5,0,2,5,4,3,1,4,5,3,4,3,4,5,5,3,3,4,5,4,4,4,3,-1.0,0,2,349,89,Master's,0,Frontend Developer,65403
0,0,0,0,5,1,2,0,2,4,4,0,1,3,1,1,4,3,1,2,1,2,2,2,4,0,2,0,0,4,0,4,5,4,4,3,1,0,3,0,5,0,2,0,5,5,0,3,3,3,4,3,4,5,4,3,4,3,4,4,3,4,4,0.5,0,12,96,247,High School,1,Full-Stack Developer,72942
3,2,2,0,4,4,5,1,0,5,3,3,0,3,3,0,5,1,0,5,3,0,1,2,3,5,2,5,2,5,2,3,0,1,4,0,5,3,4,0,5,3,4,4,4,3,4,2,4,3,3,4,3,3,5,5,3,4,5,4,3,5,4,8.0,8,43,568,1255,High School,0,Full-Stack Developer,99624
0,1,3,5,2,5,0,3,0,1,3,4,4,3,3,5,2,0,1,0,2,0,0,4,4,3,1,1,2,5,1,2,4,4,0,3,2,3,0,2,0,4,1,4,3,4,5,2,5,4,5,3,4,5,5,5,5,4,5,3,3,3,3,4.9,3,32,152,675,High School,0,Software Engineer,83868
2,2,1,2,5,4,2,0,3,2,4,0,0,0,4,2,3,0,0,3,1,5,5,1,0,4,1,4,2,3,4,5,2,0,3,2,4,2,1,2,3,3,2,2,1,2,1,5,3,5,3,5,5,3,4,5,3,4,4,3,3,3,3,4.6,4,13,392,455,Bachelor's,1,Software Engineer,50000
1,0,2,1,1,0,0,4,2,5,0,3,4,4,3,4,4,0,4,2,3,3,2,3,4,4,5,2,3,1,2,0,2,2,2,1,0,2,3,3,0,4,0,5,0,4,4,3,4,3,3,5,3,4,3,4,5,5,5,3,4,4,5,-1.3,0,15,497,471,PhD,0,DevOps Engineer,57903
0,2,5,3,1,0,4,4,1,1,4,1,4,0,0,5,0,4,2,3,4,1,3,5,4,1,3,4,1,5,5,1,2,5,4,3,0,5,3,4,0,5,4,4,5,2,4,0,5,4,3,4,3,5,4,5,4,4,3,4,5,4,3,3.9,0,20,211,300,Associate's,0,Data Scientist,88837
4,0,1,2,4,1,5,2,5,4,0,3,3,5,2,3,5,4,5,4,0,2,5,5,3,5,5,5,3,2,4,0,5,1,0,1,3,5,0,2,3,2,4,5,1,1,2,2,3,4,5,5,5,4,3,5,5,4,3,5,4,4,3,6.4,7,32,614,1133,PhD,1,Backend Developer,118865
3,3,0,5,2,5,2,5,3,4,5,5,5,1,0,1,0,5,2,4,1,3,1,2,1,5,0,4,4,4,2,1,2,5,4,0,0,5,1,1,4,5,1,3,0,4,5,1,4,3,5,4,4,5,3,4,4,5,5,4,5,4,4,5.3,3,21,337,446,Master's,0,Data Scientist,113935
3,4,3,0,4,0,4,2,5,2,3,5,4,2,3,3,5,1,5,1,1,0,4,3,1,4,5,2,3,0,4,4,2,1,4,2,5,0,4,4,2,2,2,2,2,5,5,4,3,4,3,5,4,5,5,4,3,3,3,3,4,3,3,1.2,4,11,483,867,Bachelor's,0,Frontend Developer,74710
0,1,3,3,3,3,2,0,3,0,1,4,5,1,4,3,5,5,0,0,4,0,3,3,3,0,2,4,5,1,2,3,0,4,1,1,2,4,3,2,2,0,0,5,2,3,5,0,4,4,3,3,3,5,5,3,5,4,3,5,3,4,5,-1.7,0,-2,9,663,Bachelor's,1,Data Scientist,83576
3,3,0,5,2,2,2,4,4,0,1,5,5,3,1,0,1,0,3,3,0,0,2,1,3,4,3,3,2,3,0,3,0,2,2,0,3,1,0,2,3,1,0,1,4,3,3,2,4,4,5,5,4,4,3,5,4,5,4,5,5,5,5,2.3,2,24,464,1043,Master's,0,Mobile Developer,94086
0,5,3,0,2,5,3,5,1,1,3,0,2,2,2,5,2,0,5,5,5,2,4,0,0,5,0,3,4,4,2,2,1,2,5,2,2,0,5,1,4,2,4,1,1,0,2,5,4,4,4,3,3,3,5,5,4,5,3,3,5,3,4,6.3,7,19,644,1139,Bachelor's,0,Data Scientist,114924
2,1,2,2,4,4,4,0,1,5,1,1,5,5,5,3,1,5,3,1,0,0,5,5,3,1,3,3,4,5,0,3,5,3,5,3,1,0,4,4,3,3,0,3,0,5,3,0,4,3,5,3,4,4,5,5,4,4,5,3,5,5,4,2.0,1,24,457,957,Bachelor's,0,Mobile Developer,83724
5,2,5,4,0,5,1,4,3,2,2,5,1,2,3,4,3,0,0,3,5,2,3,1,2,5,2,1,3,2,5,4,5,0,0,0,3,3,0,0,5,3,5,2,5,1,0,1,5,4,5,4,4,5,5,4,5,4,3,5,3,5,4,5.3,4,23,292,1366,PhD,1,Data Scientist,125534
1,2,3,5,4,2,4,0,4,0,5,3,3,4,2,2,1,2,1,0,3,3,2,2,0,4,3,5,1,3,1,4,5,2,3,5,0,1,0,4,1,4,2,4,2,2,5,1,4,5,4,4,4,4,3,4,5,3,4,5,3,4,5,5.3,3,27,297,872,PhD,0,Full-Stack Developer,93956
3,3,2,2,1,0,0,5,1,5,2,0,0,5,5,0,2,5,0,0,1,4,0,5,2,4,1,5,3,1,3,2,2,3,4,2,0,0,0,0,1,5,0,0,4,3,5,1,3,3,4,5,4,4,5,4,5,5,3,3,4,3,3,8.4,6,39,679,928,Bachelor's,0,Software Engineer,106374
2,1,0,1,2,1,1,4,3,1,5,5,2,4,5,5,4,0,4,5,2,2,5,3,4,5,0,0,1,4,1,4,0,3,2,5,3,1,4,2,2,0,0,1,4,5,3,2,5,4,5,3,3,3,3,3,5,4,3,5,3,3,3,1.8,3,7,633,667,High School,0,Security Engineer,67555
3,1,1,4,0,2,5,2,1,2,2,5,2,5,1,4,4,0,1,1,3,1,5,3,0,1,3,5,4,5,4,4,4,3,3,2,0,5,2,4,5,3,4,3,4,2,2,4,3,5,4,3,4,3,4,4,4,4,4,4,4,3,5,-1.2,3,2,620,830,Bachelor's,0,Frontend Developer,50000
3,3,1,5,3,1,4,3,4,4,5,4,2,4,2,4,4,0,3,2,4,0,5,4,1,2,3,5,4,0,1,0,5,0,5,5,0,1,3,2,2,2,1,2,3,3,1,3,4,3,4,3,4,3,3,4,4,5,4,4,4,5,5,6.6,4,24,485,502,Master's,1,Data Analyst,89452
1,0,4,0,2,5,3,5,5,0,2,2,1,1,1,4,5,3,0,4,2,1,1,4,3,4,1,2,4,3,3,0,5,5,5,0,3,2,0,3,0,2,2,0,3,5,2,3,4,4,3,3,5,3,4,3,5,5,4,3,3,4,3,3.0,5,11,689,713,High School,0,Software Engineer,79439
3,1,1,0,1,3,0,3,5,3,4,2,4,0,5,0,1,2,5,5,4,1,3,2,4,4,1,1,0,2,1,5,5,2,3,4,1,0,5,0,1,4,4,5,3,2,4,3,4,4,3,4,4,5,4,3,4,5,5,3,5,5,3,7.3,7,27,544,1313,Associate's,0,Full-Stack Developer,97381
3,5,3,5,5,2,3,2,2,4,1,0,0,3,3,0,0,4,3,4,1,1,2,5,1,4,3,1,2,3,5,5,1,4,3,5,4,0,5,5,4,1,1,0,5,2,1,0,5,4,4,4,4,3,3,5,5,5,5,3,5,5,3,6.7,7,25,351,1486,Associate's,0,Backend Developer,91248
1,4,5,5,2,5,3,2,0,2,1,0,3,2,5,2,4,5,4,3,4,5,0,1,4,0,3,0,1,4,3,2,4,2,4,0,3,3,0,4,3,3,0,1,5,0,2,1,3,5,4,3,5,4,5,4,3,3,5,3,3,5,3,7.8,4,38,423,676,Bachelor's,0,Data Analyst,88770
2,0,1,4,5,4,2,4,1,4,5,3,0,2,1,1,4,2,4,5,5,4,0,3,1,4,0,5,0,2,3,0,1,1,0,1,2,4,2,4,4,4,0,0,1,5,0,5,5,3,5,5,3,3,4,3,3,3,3,5,3,5,5,3.1,2,25,272,922,PhD,0,Software Engineer,112252
3,1,2,3,5,5,5,5,5,0,0,2,3,1,2,0,5,3,3,3,4,2,1,1,1,4,0,0,5,1,3,3,1,3,3,5,4,2,1,3,4,1,0,5,2,3,5,1,4,3,3,4,5,3,5,5,3,3,4,5,3,4,5,7.2,3,22,179,1063,High School,0,Backend Developer,128692
5,4,3,4,4,3,2,3,0,0,0,5,4,1,5,0,1,2,1,4,3,4,3,4,1,5,3,1,0,1,4,1,5,0,4,0,5,2,5,4,3,5,4,5,3,2,3,5,3,4,4,3,5,5,4,5,5,4,4,3,3,4,4,3.7,6,23,343,1083,Master's,0,Frontend Developer,64613
0,3,3,1,4,5,4,1,3,3,4,2,2,4,0,5,3,1,0,5,4,2,4,3,2,3,2,2,5,2,5,0,5,1,0,1,1,0,4,1,1,3,4,1,2,3,1,5,5,5,4,5,3,5,3,5,3,3,5,4,5,4,5,2.6,4,10,558,679,Associate's,0,Data Scientist,98556
2,4,4,3,5,2,4,4,3,3,5,0,4,5,4,2,1,1,2,1,5,5,1,5,5,3,5,2,2,2,2,3,4,2,4,4,4,5,5,0,2,0,4,5,1,3,1,3,5,3,5,3,3,3,4,5,5,5,3,4,5,5,3,3.0,2,9,504,1109,PhD,1,Machine Learning Engineer,110440
2,2,5,3,4,2,3,3,5,5,2,2,0,5,1,5,1,1,3,4,0,4,3,5,0,3,4,2,3,0,5,4,5,4,5,2,0,2,1,5,5,3,3,4,2,5,4,1,4,3,5,4,5,5,5,5,3,3,4,5,3,3,5,11.0,12,36,705,1637,Associate's,0,Backend Developer,143887
0,4,2,1,5,5,0,2,3,0,0,2,4,4,4,1,0,2,0,0,2,1,1,2,3,3,5,1,0,5,1,3,0,0,5,4,5,4,0,0,2,1,3,2,4,1,4,2,4,5,5,3,3,4,5,4,3,5,4,4,4,5,3,5.1,6,32,446,1176,High School,0,Data Analyst,69540
2,0,3,1,1,4,0,0,2,4,0,1,1,2,0,2,4,2,5,0,5,2,0,3,5,0,4,5,1,2,3,1,2,1,2,4,4,4,5,3,5,5,2,0,5,2,1,5,3,3,5,3,4,4,5,4,3,4,4,3,5,3,3,4.1,2,20,337,670,Master's,1,Backend Developer,123027
3,2,5,5,5,3,5,0,0,3,5,4,2,4,5,3,0,2,3,4,5,1,1,5,4,4,2,5,0,5,5,2,5,1,4,2,5,5,5,3,3,4,2,5,5,5,1,1,5,5,5,3,5,3,3,4,4,5,3,4,5,3,5,2.7,1,15,134,549,Associate's,0,Backend Developer,82407
4,4,1,0,0,5,5,1,1,5,5,2,1,1,2,1,3,2,5,4,3,2,5,5,4,1,3,4,1,1,3,3,1,0,5,2,2,2,4,3,3,3,2,5,5,5,5,2,5,3,3,5,4,4,5,5,3,5,4,3,4,5,5,6.7,4,24,284,1295,Associate's,1,Data Analyst,91691
3,3,5,2,0,4,4,2,4,1,4,2,1,4,4,4,5,0,4,5,1,1,5,1,2,3,1,2,5,1,2,1,0,5,5,1,4,4,2,2,4,4,5,2,5,2,3,5,5,5,5,4,5,5,5,4,5,4,4,4,4,4,3,6.1,1,32,512,532,Bachelor's,0,Full-Stack Developer,133386
5,4,5,4,2,4,1,1,3,3,1,3,4,4,4,1,2,4,1,0,1,3,0,4,1,2,0,1,3,4,3,4,5,5,2,1,4,0,4,2,5,0,3,0,1,1,4,5,3,3,4,4,4,4,5,5,3,3,3,5,3,4,4,2.7,5,19,458,973,Bachelor's,0,Frontend Developer,60905
4,2,2,3,5,1,4,3,5,0,0,0,2,0,3,2,2,3,4,4,3,2,4,4,2,2,0,2,2,4,1,3,5,4,4,3,4,4,3,2,1,3,4,1,3,3,1,1,4,4,4,4,3,4,5,3,5,5,4,4,5,3,5,1.8,3,11,495,1000,High School,0,Data Analyst,82114
3,1,1,4,2,2,4,0,3,3,0,4,3,5,2,0,2,2,2,5,5,0,5,5,2,1,4,1,4,4,1,5,0,3,4,3,2,4,4,4,4,5,1,3,1,0,4,1,4,5,5,4,5,3,3,3,3,4,4,5,4,4,3,10.3,7,35,674,1330,Bachelor's,1,Frontend Developer,129085
1,3,2,1,2,2,4,2,3,0,4,1,2,2,3,0,0,0,5,2,5,3,4,4,0,5,4,2,1,0,3,1,2,2,0,5,0,5,4,4,4,2,2,3,3,2,0,5,4,4,5,4,3,5,4,5,3,5,5,3,4,5,3,9.7,9,43,670,1827,PhD,0,Backend Developer,119631
4,0,5,5,5,2,4,2,2,1,0,0,0,3,2,2,1,3,2,3,2,5,1,0,0,1,1,4,4,5,1,2,5,4,3,3,3,5,4,2,0,2,1,0,1,1,0,0,3,5,3,4,3,3,4,4,5,5,5,3,5,5,4,4.2,4,21,472,585,Bachelor's,1,Machine Learning Engineer,94251
1,1,4,0,1,3,0,5,5,0,2,2,0,4,1,0,2,2,1,5,2,4,0,1,5,3,0,1,3,2,0,3,3,5,2,0,3,1,0,0,3,3,1,5,0,4,1,4,4,3,4,4,3,5,5,4,4,3,3,3,3,4,4,4.1,2,21,441,271,Master's,0,Software Engineer,92679
0,2,0,1,4,5,0,5,4,4,0,2,2,3,1,2,2,4,3,4,3,3,3,2,5,5,4,5,5,5,1,4,3,2,2,4,4,1,4,0,1,2,4,3,5,3,5,5,3,5,5,4,5,4,5,3,3,5,3,4,4,3,3,10.5,12,49,1062,2099,High School,0,Backend Developer,118255
1,3,0,2,5,2,2,4,5,2,0,2,4,4,1,1,0,0,2,5,4,4,4,0,2,5,3,0,1,1,3,2,0,4,3,3,4,4,3,5,3,3,1,5,2,5,1,4,4,4,3,3,3,5,5,4,5,4,5,3,3,3,3,-1.4,0,0,280,274,Master's,0,Full-Stack Developer,64733
5,5,2,5,5,2,1,1,4,5,0,4,0,5,4,4,3,1,0,4,2,3,2,4,2,3,1,4,3,3,1,2,2,4,3,0,5,3,3,1,0,2,2,5,1,3,4,1,5,5,3,3,4,3,5,4,3,5,5,5,4,4,4,8.9,11,39,932,1926,Bachelor's,0,Mobile Developer,97980
0,3,3,1,5,2,0,2,2,3,0,0,4,5,2,3,2,4,3,3,3,2,5,0,2,0,1,1,2,2,3,5,5,3,0,2,4,3,5,5,4,1,5,5,3,0,0,4,5,4,5,4,4,4,5,3,5,5,5,3,5,4,5,8.0,7,35,713,1328,High School,1,Mobile Developer,112790
0,3,1,1,0,2,1,3,1,2,5,2,5,5,4,1,4,5,0,0,2,0,2,4,4,2,1,3,0,0,2,0,4,2,3,4,2,4,5,3,4,1,0,1,2,4,0,1,3,5,4,3,3,5,4,4,4,5,5,3,4,4,5,3.5,4,18,265,534,Master's,0,Machine Learning Engineer,116322
1,1,1,4,5,0,0,3,4,0,1,5,3,2,1,5,2,5,5,2,4,2,0,2,5,5,1,4,3,1,1,1,5,0,2,2,5,0,1,1,0,1,1,5,5,1,4,2,5,5,3,4,3,4,5,5,5,5,5,3,4,3,5,4.2,3,31,417,1097,Master's,0,Full-Stack Developer,67523
1,0,1,5,3,5,2,3,0,3,1,2,1,2,3,0,5,4,4,2,0,1,1,5,4,1,1,3,5,3,2,0,2,0,5,0,5,0,0,4,5,5,1,4,0,4,1,4,3,5,4,5,3,4,5,5,4,4,4,4,3,4,5,-1.0,0,11,428,639,Bachelor's,0,Machine Learning Engineer,76500
5,1,0,3,0,3,1,0,3,0,2,0,1,2,1,2,5,4,2,4,0,1,3,0,0,4,0,1,5,5,5,3,1,3,2,2,0,3,0,1,5,1,2,3,1,1,5,0,3,5,4,3,5,3,4,5,3,4,5,3,4,3,4,4.4,2,19,252,474,Bachelor's,1,Data Analyst,65225
0,1,3,1,3,1,3,0,5,1,0,5,4,5,5,4,1,5,0,2,4,0,2,4,0,2,4,0,1,1,0,4,5,4,5,4,1,5,0,5,3,4,0,2,5,1,3,5,5,4,3,5,4,4,5,5,4,4,5,5,5,3,3,6.9,5,22,695,1328,High School,0,DevOps Engineer,113926
3,0,1,5,5,2,0,2,3,0,2,3,5,2,5,0,5,5,3,5,5,2,1,0,1,0,4,2,3,3,1,1,5,2,4,4,1,5,4,0,2,2,3,5,4,0,4,0,5,5,5,4,5,3,4,5,4,3,5,3,3,4,4,0.6,2,15,292,799,Bachelor's,1,Data Scientist,64090
5,1,2,5,4,2,0,5,0,1,0,0,5,4,2,0,3,2,2,3,1,2,4,1,2,1,0,4,0,5,1,2,2,5,4,1,5,5,2,1,3,1,4,2,3,0,3,1,4,3,4,4,5,5,4,3,4,5,5,5,5,3,3,5.5,7,27,401,1164,PhD,0,Full-Stack Developer,95960
5,4,5,2,5,0,2,3,3,4,0,5,5,0,5,3,2,3,4,5,4,3,4,2,3,3,0,2,1,4,4,1,5,2,5,2,4,1,0,4,4,5,0,2,3,2,2,5,4,5,3,4,4,4,3,5,5,4,3,4,3,3,3,6.0,4,25,666,952,PhD,0,Frontend Developer,107367
4,2,2,3,5,3,3,3,2,5,0,2,5,5,1,3,4,4,2,1,0,5,4,0,3,1,4,1,0,5,4,5,5,3,3,5,4,5,4,1,0,0,2,5,3,3,2,5,3,5,3,3,3,5,3,3,4,5,4,5,3,3,5,7.9,7,31,645,1304,Associate's,0,Mobile Developer,85550
1,0,1,3,1,5,3,2,3,1,0,0,3,1,2,0,1,1,3,0,0,1,0,1,0,0,4,1,4,5,2,1,5,5,0,0,5,5,4,5,0,0,4,0,3,2,3,0,5,3,3,5,5,5,3,5,3,5,3,5,3,5,5,3.8,6,19,412,1324,High School,0,Mobile Developer,85717
0,2,1,1,5,4,3,4,0,4,4,2,4,4,3,1,3,1,5,3,0,1,2,1,3,5,2,1,0,4,4,3,1,4,4,5,1,5,3,2,0,0,2,1,3,0,5,0,3,3,3,4,3,5,4,3,5,5,4,3,4,5,4,2.8,4,10,307,1137,Master's,1,Machine Learning Engineer,85279
4,4,2,4,2,2,4,5,0,2,1,0,0,2,5,2,2,5,4,4,3,4,3,4,0,3,2,0,3,3,5,5,1,3,4,2,5,1,0,4,4,0,4,4,3,1,0,4,5,5,4,5,5,4,4,4,5,4,3,4,5,5,4,0.5,0,3,163,961,High School,0,Data Analyst,87038
2,3,4,5,2,0,5,5,0,4,0,0,2,5,4,3,0,3,1,4,4,0,1,3,2,4,5,5,4,3,5,2,5,0,2,4,0,5,0,5,4,1,2,3,3,2,2,4,5,4,5,4,3,4,5,3,5,4,5,3,5,3,4,5.5,3,25,206,1041,High School,1,Software Engineer,89000
3,0,1,5,0,0,2,0,3,4,5,0,4,3,5,0,2,5,4,4,3,0,0,3,1,4,1,0,4,2,1,1,2,5,0,3,2,0,2,3,2,0,3,1,4,0,2,3,3,4,5,3,4,5,4,4,4,4,4,3,4,4,5,6.4,7,29,670,890,Master's,0,Full-Stack Developer,121897
4,5,5,5,0,4,1,4,5,4,2,4,5,5,3,1,5,0,0,1,3,5,3,4,3,5,2,2,0,3,4,4,4,1,2,0,4,4,0,3,0,5,4,2,1,3,5,3,4,5,4,3,3,4,4,4,5,3,3,4,3,3,4,7.3,10,28,730,1326,Associate's,0,Frontend Developer,115778
0,4,2,2,3,5,0,0,4,5,2,5,2,5,0,0,2,1,4,4,3,1,0,4,1,4,5,2,2,5,0,0,5,3,4,0,5,0,3,2,2,5,4,1,1,4,0,2,3,3,4,3,5,5,3,4,4,3,3,3,4,4,3,6.0,6,34,592,937,Associate's,1,Machine Learning Engineer,79226
5,2,5,3,5,2,0,0,1,5,5,5,0,5,5,0,5,4,2,4,4,1,0,2,5,1,4,1,4,2,1,2,5,5,4,1,3,2,1,3,4,1,4,0,2,5,3,0,5,4,4,3,3,4,3,5,5,4,4,3,5,5,3,3.8,1,21,121,967,High School,0,Data Analyst,84882
4,0,2,4,1,3,1,2,3,4,2,4,2,4,0,5,2,5,5,2,5,2,0,1,4,0,5,0,3,4,0,3,2,5,4,3,1,1,4,3,4,4,1,2,4,3,4,3,5,5,5,4,3,5,5,5,3,3,4,3,3,3,5,2.2,0,18,338,503,High School,1,Full-Stack Developer,66777
0,3,4,4,3,4,4,1,5,2,1,4,4,4,4,2,2,4,1,3,3,4,0,3,4,0,2,4,0,3,3,1,0,2,3,1,3,0,4,0,3,3,3,2,3,2,3,5,3,3,4,3,4,4,4,5,4,3,5,5,4,3,3,4.0,4,20,389,865,Associate's,0,Full-Stack Developer,100881
1,2,4,2,4,4,3,1,3,2,3,5,0,2,2,4,4,0,1,0,0,0,0,0,0,0,1,4,4,2,1,4,2,5,2,4,5,4,2,4,2,4,1,5,5,1,3,3,3,3,4,5,5,4,5,5,3,4,4,4,3,5,5,9.2,9,39,856,955,High School,1,Data Scientist,143317
5,5,1,5,5,5,1,0,3,5,2,2,1,5,3,3,0,1,0,5,1,2,1,2,0,2,2,5,4,1,3,5,2,3,5,5,0,3,3,0,4,2,3,5,5,3,3,3,3,5,3,3,5,5,3,4,3,5,5,4,5,5,3,7.0,7,23,822,1031,Associate's,0,Data Scientist,121473
0,2,4,3,5,1,5,4,5,0,5,1,2,1,1,2,3,4,2,4,1,2,0,4,2,5,0,2,1,3,3,1,0,3,3,3,4,3,1,5,4,1,3,1,0,3,3,5,4,4,3,5,4,5,3,3,4,5,3,5,4,3,4,5.4,0,20,216,777,High School,0,Full-Stack Developer,78880
2,4,1,2,4,4,5,3,0,4,4,1,3,0,5,4,0,3,1,4,5,2,3,2,5,3,2,2,0,0,3,1,3,5,0,0,2,2,1,5,5,1,2,1,4,4,0,3,5,5,4,3,3,5,3,3,4,5,4,4,3,4,3,1.7,2,5,369,547,High School,0,Data Scientist,98440
1,2,2,5,4,4,5,1,1,1,2,2,3,2,5,0,0,2,5,2,3,2,3,4,3,3,5,1,0,5,5,2,2,2,1,4,4,1,5,5,2,1,2,4,5,4,1,1,3,4,3,3,3,5,5,4,5,4,3,5,5,3,4,2.0,1,25,446,1007,Associate's,1,Software Engineer,79491
1,4,2,5,0,1,2,0,0,3,5,5,0,2,5,1,4,1,4,0,3,2,4,5,5,3,1,1,5,2,4,0,2,3,3,3,0,4,3,3,4,1,0,5,3,2,5,4,5,5,5,4,3,4,4,4,3,3,4,3,5,5,3,5.8,4,17,507,422,Bachelor's,0,Data Scientist,106291
5,0,3,0,0,4,1,1,0,2,3,4,2,1,3,1,3,5,0,3,5,2,1,3,4,4,3,1,3,5,4,0,0,2,4,3,5,1,2,5,4,1,2,2,0,1,1,0,3,4,4,3,4,4,3,4,5,5,3,4,5,5,5,5.8,8,31,575,1552,Master's,1,Data Analyst,96869
1,1,1,3,5,5,4,3,1,0,1,3,4,0,3,2,0,4,2,4,5,2,1,5,1,5,4,3,0,3,5,3,3,4,3,5,2,3,5,2,0,3,5,2,2,1,4,2,3,4,4,5,5,3,5,3,4,5,3,3,3,4,4,4.3,6,26,471,1561,Bachelor's,0,Data Analyst,84994
5,5,2,2,4,5,1,4,1,4,0,4,5,2,2,5,1,5,2,1,2,0,5,5,5,2,0,5,0,2,2,5,0,1,2,2,3,2,3,3,1,1,4,4,4,3,2,4,5,5,5,5,3,5,5,4,3,3,3,4,4,4,4,10.7,10,45,904,1214,Master's,0,Mobile Developer,138171
3,4,1,1,4,2,2,5,0,4,0,4,5,0,0,2,2,0,3,4,1,5,4,4,2,5,4,3,5,1,1,2,2,5,2,2,3,3,4,0,4,3,3,5,3,4,3,4,4,4,4,4,4,5,3,4,3,3,4,3,3,4,3,7.6,0,36,232,279,Associate's,0,Full-Stack Developer,84472
5,3,3,2,1,1,1,5,3,0,1,1,4,1,0,5,3,4,3,4,0,4,0,5,2,5,5,0,1,2,2,4,0,0,2,4,5,0,5,4,3,2,0,1,3,4,4,1,3,4,3,4,4,3,5,4,5,5,4,4,3,3,5,2.5,3,18,233,1233,Associate's,0,Machine Learning Engineer,78270
1,2,5,0,4,1,5,3,4,5,3,1,2,1,5,3,2,0,1,0,3,5,3,5,1,2,4,5,2,0,4,0,1,1,2,5,3,3,3,0,3,1,5,3,2,3,2,1,5,5,5,4,4,5,3,4,4,4,5,5,3,3,4,4.0,4,21,324,1299,Master's,1,Backend Developer,69731
4,0,2,3,4,1,2,3,1,1,2,0,4,5,5,0,1,1,0,5,1,0,4,3,2,4,0,3,3,3,2,3,5,5,0,5,2,4,1,3,0,4,5,1,4,4,2,2,5,3,5,4,5,3,5,3,5,4,5,4,4,3,3,3.7,4,27,270,886,Master's,0,Full-Stack Developer,90074
3,1,4,0,1,2,2,1,0,1,0,1,3,5,5,2,5,0,5,5,3,2,1,5,5,4,1,1,2,0,1,3,0,2,2,3,3,4,1,0,1,3,2,5,0,2,0,1,4,3,3,4,5,3,5,5,4,3,5,5,4,4,3,-0.2,2,11,594,916,Associate's,1,Backend Developer,73196
2,2,5,2,0,4,5,5,1,1,1,1,4,5,0,4,0,3,5,0,2,4,2,2,0,0,0,4,1,1,4,4,5,1,2,4,4,5,0,1,0,3,4,3,5,0,0,5,4,4,5,3,3,3,5,5,5,3,3,4,5,5,3,4.8,0,25,348,3,Master's,1,Backend Developer,101245
0,4,5,3,1,2,2,4,1,3,4,2,4,0,5,3,0,1,5,4,0,0,4,2,2,0,3,1,2,2,0,5,5,4,0,4,3,1,2,0,0,0,5,0,2,1,3,5,4,5,5,3,4,3,4,5,3,4,5,3,3,5,4,7.6,6,23,364,1359,Master's,0,Data Analyst,105140
0,5,0,5,1,4,5,1,4,4,4,2,3,1,2,2,5,2,4,2,4,4,2,4,3,0,2,5,0,1,0,0,3,3,0,1,0,4,5,2,4,1,3,3,2,5,2,5,4,5,3,5,5,4,5,5,5,4,3,5,3,3,5,6.6,6,29,729,661,Master's,1,DevOps Engineer,100108
4,0,2,4,4,5,0,3,4,3,4,1,4,2,0,3,0,4,2,1,2,5,2,2,0,2,0,2,2,2,5,0,4,4,3,4,2,5,4,1,3,0,2,3,5,3,2,3,3,5,5,3,5,5,5,5,3,3,3,3,3,5,4,9.1,9,33,753,1501,High School,0,DevOps Engineer,117451
2,3,3,1,0,4,4,4,3,3,4,0,0,2,5,5,1,3,4,1,5,4,1,3,3,3,2,3,1,4,0,5,3,4,5,5,4,1,5,1,5,3,1,0,0,3,3,1,4,3,5,4,4,4,5,3,3,4,3,5,4,3,3,-2.0,0,-1,95,122,Master's,1,Frontend Developer,71516
1,4,4,4,4,3,4,2,0,1,1,4,0,3,4,2,5,3,5,5,0,1,2,1,4,3,1,2,0,1,0,1,5,3,2,3,0,3,3,0,5,0,4,4,4,4,5,0,3,4,3,3,3,5,4,5,5,5,3,4,4,3,4,5.2,4,16,618,1010,Bachelor's,1,Full-Stack Developer,59070
2,3,1,3,4,0,2,5,5,0,4,1,3,0,0,1,2,2,2,3,4,5,2,4,1,0,2,3,5,5,2,1,2,3,3,3,3,5,1,2,2,5,2,1,2,3,5,4,3,4,4,4,5,4,4,4,3,4,5,3,3,4,4,-2.7,0,-5,48,980,Bachelor's,0,Machine Learning Engineer,68172
4,1,0,0,1,5,0,3,2,2,4,2,3,4,3,3,1,1,3,4,3,1,0,1,2,4,0,2,4,0,3,5,1,5,3,2,5,1,5,2,2,0,4,2,0,1,4,4,4,3,5,4,3,5,3,3,3,3,4,4,5,3,3,3.5,6,16,501,640,Master's,1,Data Scientist,102325
2,0,4,1,4,3,0,3,5,0,1,3,1,5,2,4,2,1,2,1,0,2,5,4,4,2,5,0,2,1,2,4,4,3,3,1,0,0,2,5,4,2,0,3,2,3,3,4,4,3,5,3,4,3,4,4,4,4,5,4,4,5,3,10.0,11,34,937,2046,Master's,1,Data Scientist,110927
0,4,2,3,1,2,0,4,5,1,0,3,1,2,0,0,0,5,2,4,0,3,3,4,4,0,5,3,1,4,3,0,1,1,1,3,5,4,4,0,0,2,0,4,5,1,1,4,3,3,4,4,4,5,3,5,3,3,4,5,3,3,5,5.8,5,33,563,670,Associate's,0,Frontend Developer,114289
2,4,1,0,3,5,0,2,1,4,5,5,0,1,3,3,0,0,5,0,1,5,5,1,2,2,5,5,5,2,5,2,0,3,0,3,5,3,0,0,0,3,2,5,0,0,0,3,4,3,3,5,5,3,5,5,3,3,4,3,4,3,5,4.2,3,20,178,471,Associate's,0,Machine Learning Engineer,106992
2,3,4,2,1,1,0,3,2,3,5,1,5,4,5,2,3,2,0,5,5,3,4,4,5,2,3,5,0,1,3,2,2,3,2,3,4,4,2,2,2,5,0,5,2,2,3,0,5,5,3,5,3,5,5,5,5,4,5,5,4,4,3,3.2,2,23,589,383,Bachelor's,1,Frontend Developer,85300
0,4,0,1,0,3,0,0,1,0,4,5,3,0,5,3,4,3,4,3,2,4,2,1,4,5,0,1,5,1,5,4,0,3,1,1,3,5,5,1,1,1,3,2,0,5,3,0,4,5,4,4,4,5,4,3,4,4,5,4,3,3,3,-0.1,0,0,483,150,Bachelor's,1,Security Engineer,57890
2,0,4,4,1,0,0,1,1,4,2,1,4,2,5,0,3,1,1,5,1,4,1,3,2,5,3,4,1,1,3,2,4,0,0,3,2,3,5,2,0,4,0,3,5,0,2,0,3,4,5,4,5,4,5,4,4,5,5,3,5,3,4,9.7,9,46,626,988,PhD,0,Mobile Developer,136737
0,3,1,4,1,3,3,3,2,5,2,2,1,0,0,5,1,2,0,3,5,2,2,4,5,5,1,1,4,3,0,4,4,0,4,0,1,5,3,3,5,4,3,3,1,3,0,3,5,5,3,5,4,5,4,3,3,5,4,5,5,4,5,7.0,7,23,356,1684,High School,1,Machine Learning Engineer,112742
1,2,4,5,3,5,1,2,5,1,4,0,1,3,0,2,5,0,3,5,1,3,1,5,5,5,5,5,5,5,2,5,3,1,3,2,1,4,3,0,1,1,4,4,4,4,2,2,3,5,4,5,4,5,5,5,5,5,3,5,4,3,3,5.8,2,35,126,944,Master's,0,Data Scientist,140089
1,4,0,1,0,5,0,4,1,1,1,2,0,4,5,5,3,1,5,4,4,2,1,4,1,2,4,5,3,3,4,0,3,0,1,4,3,4,0,1,2,2,2,3,2,4,0,5,4,5,3,3,5,3,3,4,4,3,3,4,3,3,5,3.5,6,17,533,1110,PhD,0,DevOps Engineer,94586
3,2,4,1,0,0,1,4,5,3,5,3,4,2,4,2,1,0,5,0,1,3,5,3,3,4,1,3,2,4,4,1,3,1,4,4,2,1,5,3,5,3,2,0,1,4,5,2,3,4,5,5,3,4,5,5,3,3,3,3,5,5,5,7.8,5,35,256,1274,Master's,1,Machine Learning Engineer,103368
2,3,2,1,1,1,3,4,2,3,5,3,1,0,0,1,0,4,2,5,1,2,3,3,3,1,3,4,3,0,3,3,4,3,5,1,0,2,1,1,0,3,4,3,2,1,1,3,4,5,4,4,5,4,5,5,5,3,5,5,4,4,3,3.4,3,19,609,1115,Master's,0,Backend Developer,94081
1,1,0,0,1,0,5,3,2,4,0,3,3,1,2,4,0,5,2,1,3,2,2,0,5,0,5,4,3,5,1,1,5,0,0,5,0,2,1,2,5,2,3,2,4,0,5,0,5,5,5,5,5,4,3,4,3,3,3,5,4,3,3,0.4,0,8,328,686,Bachelor's,0,Mobile Developer,86136
1,3,4,1,3,4,0,0,3,1,3,3,2,0,3,3,2,2,5,3,4,1,2,0,5,1,1,0,2,4,5,3,2,1,5,3,5,1,1,3,1,3,0,4,3,0,1,1,3,3,5,3,4,4,4,4,5,4,4,5,5,3,5,8.3,7,34,383,1456,Bachelor's,0,Mobile Developer,107174
3,4,3,5,2,4,1,3,0,5,0,3,4,2,2,3,5,4,5,5,4,0,0,3,0,4,5,1,3,5,4,2,3,0,3,4,3,3,0,0,5,2,2,0,5,1,5,4,5,3,4,4,3,4,5,5,4,4,5,3,3,5,4,1.7,0,17,191,101,Bachelor's,1,Data Scientist,82252
3,4,2,4,3,1,1,1,3,2,2,3,1,2,1,4,3,1,2,5,4,0,0,3,3,2,2,1,4,5,2,4,4,2,3,4,1,4,1,5,1,5,3,1,5,5,0,4,5,3,5,5,3,3,5,3,4,4,4,5,4,5,5,4.7,4,14,214,574,High School,1,Data Analyst,75070
3,4,3,1,5,0,2,5,4,3,1,0,4,4,3,4,0,1,1,1,3,2,2,0,2,5,4,3,4,3,5,2,2,3,0,0,5,2,0,2,3,3,2,4,0,2,0,1,3,5,4,3,5,4,4,5,4,4,3,4,5,3,5,8.0,6,35,369,1424,Master's,0,Mobile Developer,101780
2,2,1,4,0,0,2,2,2,3,5,4,2,0,2,5,0,3,4,3,4,2,0,3,0,4,3,5,5,3,0,2,2,3,2,2,5,3,3,5,5,3,3,0,1,1,5,2,3,5,3,4,3,4,4,5,4,3,5,5,5,5,3,5.2,3,25,555,1163,Bachelor's,0,Backend Developer,107340
3,5,2,5,5,5,2,3,4,5,3,0,4,1,4,5,4,4,5,0,4,3,4,2,0,3,2,2,1,4,3,0,5,5,3,1,3,3,4,0,5,1,4,2,2,3,4,2,4,3,3,5,3,3,4,5,4,3,5,5,4,3,5,5.1,8,30,536,1340,PhD,0,Backend Developer,99143
0,0,1,4,5,2,0,4,0,4,2,1,0,4,1,1,3,0,2,1,3,2,0,4,1,4,1,5,4,1,2,3,4,4,0,1,0,0,3,0,3,0,5,3,1,2,5,1,5,4,5,5,5,5,4,5,3,3,5,4,4,4,5,5.3,7,28,841,1096,Associate's,0,Software Engineer,105703
4,3,1,4,4,3,0,4,0,2,1,1,0,0,2,4,2,0,5,4,3,3,2,0,2,0,0,5,2,2,4,5,1,5,3,1,5,5,3,1,3,0,2,2,5,0,2,1,5,3,3,5,3,3,3,4,4,3,4,4,3,5,4,9.4,8,29,501,1602,PhD,0,Software Engineer,129791
5,4,5,2,0,4,2,5,3,1,4,3,1,1,5,3,5,0,4,0,0,2,1,2,3,3,2,2,1,0,4,1,0,3,1,1,1,0,4,1,3,3,1,3,2,2,0,1,5,4,3,5,3,4,3,4,5,4,3,3,5,3,3,6.2,4,34,448,450,High School,1,Data Scientist,115803
5,3,1,1,1,2,3,4,3,3,5,0,1,1,1,0,0,3,1,0,1,1,0,1,3,0,0,4,0,5,5,3,1,5,5,4,1,2,4,5,4,0,5,3,5,5,0,4,4,4,5,5,4,4,5,3,4,4,5,4,4,5,5,7.0,4,35,635,1037,Associate's,1,Software Engineer,107464
5,1,5,3,0,5,1,2,1,3,0,2,3,0,2,2,0,2,2,2,0,4,5,3,5,1,1,0,1,5,0,1,0,3,0,2,2,3,3,5,3,5,5,4,2,0,5,5,5,3,5,3,3,4,3,3,5,4,4,3,5,3,3,5.0,3,29,428,349,PhD,0,Frontend Developer,97143
4,2,0,3,1,4,1,2,0,5,3,0,0,1,2,4,1,3,1,2,1,2,4,4,0,4,3,0,0,0,1,0,4,5,4,4,5,3,3,3,3,3,5,2,4,3,5,1,5,5,3,5,5,5,4,5,4,5,5,3,3,3,4,7.8,6,32,346,1122,Bachelor's,0,DevOps Engineer,116169
2,2,0,0,0,0,0,5,5,2,4,1,3,4,4,3,4,1,4,3,0,4,2,2,1,3,4,4,2,5,2,3,5,2,4,3,4,3,2,4,5,0,0,3,1,0,3,0,4,5,3,3,3,5,4,3,3,3,3,4,4,4,3,9.2,7,44,444,1232,Associate's,0,Frontend Developer,107455
3,0,5,1,1,0,4,1,3,0,1,3,0,4,4,1,4,4,0,1,4,5,3,1,1,1,2,3,0,2,4,4,3,4,1,1,3,1,5,0,4,0,5,0,0,2,4,1,4,5,5,5,3,5,4,4,5,4,3,3,5,5,3,5.4,0,25,441,62,PhD,1,Machine Learning Engineer,105970
3,4,5,5,0,2,4,5,3,5,2,0,1,4,1,5,2,3,1,4,5,1,0,1,5,1,5,5,3,1,3,1,2,5,3,1,0,4,2,1,2,5,5,3,2,5,5,4,3,5,5,5,4,5,5,5,3,3,4,3,3,4,3,8.5,7,39,350,846,Associate's,1,Mobile Developer,91129
1,0,1,0,1,5,5,0,1,1,4,0,0,1,4,0,2,3,2,0,0,1,5,0,1,3,0,3,3,2,5,0,2,2,1,3,5,1,0,3,0,2,2,0,3,2,4,2,3,3,3,5,5,4,3,3,4,5,4,5,5,3,5,5.1,4,29,679,1200,Associate's,0,Full-Stack Developer,95229
2,1,3,0,0,3,3,4,2,5,3,0,4,1,1,1,0,2,0,5,1,5,1,3,1,2,3,1,2,5,3,5,4,5,1,1,4,4,0,0,3,3,0,0,4,0,4,4,5,4,5,3,4,4,3,5,5,3,4,5,5,3,4,4.3,4,30,578,647,Master's,1,Frontend Developer,87033
2,3,1,5,1,0,2,0,1,3,4,1,1,4,5,4,2,5,3,3,0,2,0,1,2,0,0,0,2,2,1,4,3,4,4,0,3,2,3,3,2,5,5,2,5,1,0,3,5,3,5,4,3,5,5,3,5,5,5,5,3,4,4,7.6,4,29,506,818,PhD,0,DevOps Engineer,104190
4,3,4,2,2,0,5,5,4,5,2,4,1,5,5,0,5,2,3,1,2,1,1,1,1,0,4,5,5,4,5,2,5,5,2,5,4,5,0,3,3,5,3,0,4,1,0,4,5,3,4,5,5,4,4,3,3,3,3,5,3,5,3,2.2,1,19,377,343,PhD,0,Frontend Developer,89451
1,2,4,4,1,0,2,3,1,5,0,2,1,1,0,0,3,1,4,1,4,0,3,0,4,2,5,0,1,4,2,1,4,5,5,0,3,1,0,0,2,3,1,2,0,0,4,5,5,3,4,4,3,4,4,3,3,4,4,3,5,4,4,-0.8,0,14,45,529,Associate's,0,DevOps Engineer,55686
3,5,3,4,4,4,1,1,3,2,4,4,5,3,5,3,2,5,1,5,2,0,1,3,3,1,0,1,1,5,1,1,5,3,1,4,3,4,3,5,2,5,2,0,0,3,5,1,5,5,5,4,4,4,3,4,5,4,4,3,3,3,3,2.6,3,24,495,1271,Bachelor's,0,Security Engineer,71424
3,5,1,5,2,0,2,0,1,3,2,3,4,1,2,0,5,3,3,2,0,5,2,1,2,1,0,4,5,4,1,3,2,2,1,1,0,3,3,3,3,2,3,4,5,0,3,0,4,4,4,5,5,5,5,3,4,5,3,5,5,4,4,7.2,8,30,436,1065,Associate's,1,Software Engineer,98502
1,2,5,1,4,5,0,2,1,0,1,4,5,1,2,5,5,5,4,1,2,5,5,4,0,0,0,2,2,2,5,1,1,3,5,4,2,0,0,3,0,5,3,4,1,0,2,2,5,4,3,3,4,4,4,4,4,5,4,4,3,5,3,6.3,6,28,637,729,Associate's,1,DevOps Engineer,119903
4,5,2,5,3,4,0,5,0,5,3,0,1,3,4,5,4,4,0,0,3,4,3,3,1,0,3,1,5,2,1,4,2,3,2,0,4,5,2,4,1,3,5,4,5,2,0,3,3,5,3,5,3,3,4,5,3,4,3,4,4,4,5,3.5,6,16,563,1131,PhD,0,Backend Developer,60716
0,1,0,3,2,1,1,2,1,3,0,5,1,2,2,2,2,4,3,0,5,5,5,0,5,2,5,1,3,4,2,1,4,4,5,1,5,2,3,1,3,4,3,3,3,5,1,1,5,3,5,3,3,5,3,3,5,3,5,4,3,3,3,6.8,5,20,562,881,Bachelor's,0,Security Engineer,104183
5,3,5,2,2,0,3,1,4,5,2,5,4,4,4,5,4,4,0,0,2,2,3,2,0,5,5,1,0,1,5,4,1,2,5,4,5,3,5,5,5,2,0,4,5,3,2,0,4,3,4,3,3,5,3,3,3,3,4,4,3,5,3,3.2,3,20,311,1045,Bachelor's,1,Mobile Developer,81944
2,0,2,1,5,3,4,4,5,2,5,1,5,4,3,0,0,3,5,5,0,2,2,3,4,1,5,0,0,1,5,3,2,3,4,1,5,2,2,2,3,1,5,0,3,2,4,4,5,3,4,5,4,5,5,5,3,4,4,3,4,4,3,2.5,0,13,241,592,Associate's,0,Mobile Developer,115208
2,4,1,4,0,4,2,1,3,0,1,0,2,0,2,0,2,1,3,2,3,4,1,1,0,0,0,3,3,3,3,0,5,3,3,3,0,5,1,3,3,0,1,4,4,2,2,1,4,5,4,4,3,4,4,5,3,4,4,4,5,5,3,6.5,4,32,464,1390,Master's,0,Frontend Developer,103989
4,2,0,5,2,2,0,4,4,2,5,4,4,1,3,5,1,4,5,1,5,2,5,4,1,1,4,4,0,2,4,1,1,5,2,0,0,0,2,2,0,3,5,5,4,1,2,5,5,5,4,3,5,4,5,4,3,5,5,5,5,4,3,3.9,1,17,236,681,Associate's,0,Frontend Developer,110908
2,1,4,5,2,4,2,3,3,5,5,4,2,3,1,3,2,0,0,3,5,4,0,5,0,1,4,3,5,0,1,0,5,4,4,3,4,4,2,1,4,1,5,5,4,3,5,0,4,3,4,4,3,4,5,3,4,5,5,3,3,4,4,5.8,10,24,906,1538,High School,0,Data Scientist,92476
2,4,5,3,3,1,4,2,4,0,4,3,4,3,3,5,3,0,2,1,2,0,1,4,4,4,2,4,0,2,2,5,0,2,0,4,5,1,3,0,5,4,2,0,0,2,0,4,3,3,3,4,4,4,3,4,5,4,4,4,3,5,3,8.1,8,40,539,1469,PhD,1,Data Scientist,107178
5,2,1,2,2,5,2,3,4,2,1,3,0,0,3,0,5,5,1,2,0,4,5,3,1,2,1,0,3,3,2,1,5,5,0,4,0,4,3,4,5,0,3,1,0,0,3,2,3,5,5,4,3,3,4,3,4,3,3,4,4,4,5,3.0,0,20,27,625,Bachelor's,0,Mobile Developer,85839
5,5,0,5,5,3,0,2,5,5,3,2,1,1,2,5,3,2,4,2,1,1,3,4,3,5,3,4,2,4,0,1,1,0,3,4,3,5,5,2,1,0,4,3,5,0,3,2,3,5,3,5,3,5,5,3,5,5,4,3,4,3,3,12.0,10,39,792,1686,PhD,1,Security Engineer,138515
0,3,5,2,2,1,3,3,1,5,1,1,2,0,4,4,2,0,1,0,3,1,1,5,2,2,5,4,4,5,5,0,4,1,1,0,0,1,5,3,4,2,3,1,2,0,1,4,4,4,3,4,5,4,4,5,4,4,5,4,5,3,3,3.6,2,18,117,898,Associate's,0,Data Analyst,57064
1,2,0,5,5,1,3,4,2,1,4,2,3,2,2,1,5,2,2,4,4,2,4,1,3,3,5,1,4,0,1,1,1,5,1,5,3,3,2,2,3,5,0,0,0,0,0,1,5,3,4,5,4,3,4,4,4,5,3,4,4,3,4,4.8,0,17,184,892,PhD,1,Full-Stack Developer,77836
5,3,5,0,0,0,0,3,5,0,3,4,3,4,5,0,1,0,5,3,5,3,2,1,0,5,4,2,4,0,3,5,0,4,2,2,0,0,1,1,1,4,4,0,4,2,4,0,4,3,4,4,5,3,5,3,3,3,3,4,3,4,5,10.0,11,36,760,1494,High School,0,Software Engineer,115656
2,3,4,4,2,5,5,4,0,5,2,2,1,5,5,4,4,1,3,2,2,5,5,3,5,4,5,4,4,4,2,0,3,0,1,3,0,5,3,5,1,0,5,5,3,1,0,0,4,3,3,3,5,3,3,5,5,3,3,4,3,5,3,7.6,4,40,566,793,Bachelor's,0,Frontend Developer,112660
3,4,4,3,4,3,1,4,5,5,0,0,3,5,2,2,2,4,3,5,2,5,0,5,3,1,1,1,3,3,4,5,4,3,1,3,0,1,0,0,0,2,3,3,0,2,3,5,4,5,5,3,3,5,4,3,3,3,5,3,5,3,3,2.2,0,22,145,216,High School,0,Frontend Developer,63722
4,3,0,2,5,5,5,5,1,2,0,0,1,2,0,0,5,2,5,5,4,3,0,1,3,1,5,5,4,4,0,0,0,3,0,0,4,4,0,4,0,3,3,3,4,4,5,1,4,4,3,4,3,3,3,3,3,3,3,4,5,4,4,7.3,2,36,541,630,High School,0,Backend Developer,107412
1,3,4,2,0,2,0,1,4,3,3,5,5,2,0,0,5,1,3,0,2,4,2,4,0,5,5,5,3,1,1,4,4,3,1,4,3,0,1,4,1,0,1,0,1,2,1,2,3,3,4,4,5,3,5,5,3,5,4,4,5,4,5,4.1,4,31,402,661,Associate's,0,Full-Stack Developer,83738
1,5,5,5,4,2,3,5,5,2,3,2,5,1,2,2,0,3,0,0,0,3,4,3,1,1,1,5,4,2,4,3,4,0,2,5,4,4,5,0,5,3,5,3,0,2,5,5,5,4,4,3,5,4,5,5,4,5,4,3,3,3,3,9.6,9,31,868,998,Associate's,0,Machine Learning Engineer,122905
5,3,4,4,0,0,4,4,4,4,3,3,2,2,0,3,3,5,2,2,4,3,0,0,4,2,2,2,0,4,1,4,5,5,4,4,2,1,1,2,4,4,3,0,1,1,3,1,5,4,4,4,4,5,3,5,4,3,5,5,4,5,3,4.8,6,31,362,1296,High School,0,DevOps Engineer,87765
4,1,3,0,2,2,4,2,1,5,5,3,4,1,4,0,3,5,1,4,3,5,5,2,3,5,2,3,4,2,5,3,2,0,0,1,4,3,5,0,4,5,4,2,0,0,4,4,5,5,3,5,3,5,5,5,4,5,5,5,3,5,5,3.1,1,23,126,472,Master's,1,DevOps Engineer,89272
3,5,1,3,5,0,2,4,1,3,1,5,0,0,3,4,0,0,1,0,5,4,4,2,1,2,1,2,1,2,4,5,0,4,3,1,0,2,0,0,0,5,1,5,5,4,4,1,4,3,4,5,4,4,3,5,4,5,5,5,5,3,5,2.4,0,17,105,607,Associate's,0,Data Scientist,96728
1,1,3,4,3,4,3,0,1,2,1,5,5,3,4,2,5,2,2,5,5,1,1,2,0,3,4,4,5,0,2,5,0,5,3,2,1,3,1,3,4,3,0,1,4,4,3,3,3,4,3,4,4,3,3,3,3,5,4,5,3,5,5,6.4,4,25,496,436,PhD,0,Data Analyst,67973
3,1,2,4,4,1,3,4,4,3,2,2,4,1,1,5,2,5,3,1,3,2,4,2,4,1,1,3,5,5,5,4,5,5,3,1,4,3,0,3,0,3,5,1,0,0,4,1,4,4,3,4,3,3,4,5,5,5,5,5,5,3,4,2.7,1,19,391,185,High School,0,Machine Learning Engineer,111854
4,0,0,4,1,4,5,1,1,2,3,4,2,1,1,5,4,1,3,0,2,0,3,2,5,5,1,1,2,0,1,4,3,1,1,3,2,2,4,3,4,5,3,4,3,1,5,0,4,3,3,4,4,3,4,4,3,3,4,3,4,3,3,4.0,1,12,181,951,High School,1,Frontend Developer,93334
2,3,4,4,3,3,3,0,3,4,0,0,2,1,0,2,4,2,3,1,1,1,1,2,1,2,5,2,5,5,4,0,4,1,1,2,4,3,1,0,3,3,2,1,0,1,5,1,3,4,5,5,4,3,4,4,4,3,4,3,5,4,5,3.5,4,27,580,1172,Bachelor's,1,Frontend Developer,99020
1,1,2,3,1,5,3,4,1,1,5,1,3,4,0,2,5,0,4,1,1,3,2,3,1,5,5,5,3,2,2,0,3,0,5,4,1,3,5,5,3,2,0,4,2,1,2,3,4,4,4,3,5,3,4,4,4,5,4,5,5,3,5,7.3,7,22,489,1419,Bachelor's,0,Software Engineer,101939
2,1,3,1,4,1,5,5,2,2,2,0,2,2,0,4,4,4,0,4,0,2,2,3,1,5,0,0,5,3,1,1,4,1,3,5,1,2,2,5,5,3,1,1,3,5,4,0,3,3,3,3,5,4,4,3,4,5,3,4,4,3,3,2.0,5,7,262,566,Master's,0,Data Scientist,94330
1,5,2,0,1,3,0,4,4,2,4,4,0,3,4,2,0,2,3,1,2,2,3,1,0,0,2,4,4,0,4,0,0,5,2,1,5,4,4,5,0,5,4,2,1,2,4,2,5,5,3,3,4,5,3,3,4,4,5,3,5,5,4,4.4,5,18,394,955,PhD,0,Full-Stack Developer,85282
1,4,4,4,0,0,0,5,4,1,0,5,0,3,3,4,0,4,3,2,1,2,1,2,3,3,2,0,1,4,4,1,3,5,2,0,3,3,4,1,2,0,2,4,2,1,1,5,5,3,5,5,5,5,4,3,3,3,3,5,3,4,3,2.8,0,20,299,652,High School,1,Data Scientist,100573
4,1,2,4,5,3,0,0,1,5,0,5,3,1,2,4,1,4,5,5,4,0,5,1,1,4,1,5,3,1,3,4,1,4,0,3,5,4,1,2,3,1,0,1,0,0,5,3,3,3,5,3,4,5,5,3,4,5,3,4,5,5,4,8.6,9,35,944,1810,High School,1,DevOps Engineer,134041
1,5,2,0,0,5,4,5,5,2,2,2,2,1,4,2,3,0,4,0,1,1,5,2,3,4,4,2,3,5,5,0,4,3,4,1,5,2,2,4,5,5,1,0,1,3,4,4,4,5,4,5,3,3,5,3,4,4,5,3,5,4,5,6.1,3,32,241,612,High School,1,Software Engineer,106757
5,0,4,3,5,0,3,2,5,1,3,0,0,1,4,5,3,5,1,3,5,2,3,1,0,4,5,1,2,3,4,3,4,3,5,4,2,1,3,3,1,3,0,0,0,1,1,0,5,3,3,5,3,4,3,5,5,3,3,4,5,4,5,1.9,3,12,254,640,PhD,0,Security Engineer,65995
0,1,2,4,5,3,5,1,3,4,5,3,5,2,3,5,5,5,2,3,3,5,5,2,0,3,5,3,1,0,5,3,2,1,3,0,3,2,1,1,4,3,5,2,5,4,5,2,3,4,4,5,4,4,5,5,3,4,5,5,4,5,4,0.4,1,18,380,946,PhD,0,Frontend Developer,91131
2,5,3,1,4,2,4,1,2,1,2,2,4,0,3,0,2,3,3,0,4,4,4,0,1,1,4,3,0,0,5,5,1,0,5,5,1,5,3,3,4,2,0,5,0,0,4,1,5,4,3,4,5,5,3,5,4,4,3,5,4,3,4,3.6,6,11,748,1015,Associate's,0,Full-Stack Developer,75648
0,3,3,3,4,0,5,2,0,1,2,5,2,1,3,4,5,3,4,4,0,5,0,3,4,0,4,5,2,0,2,3,1,2,1,2,1,0,5,4,5,5,0,3,1,5,2,1,4,4,3,5,4,3,3,3,5,3,5,4,5,5,5,7.2,8,37,523,1799,Master's,1,Machine Learning Engineer,112826
0,0,5,0,4,4,4,2,4,3,3,2,5,0,0,2,4,3,0,3,2,4,0,0,1,3,3,5,3,3,5,4,0,5,3,4,0,2,4,5,1,2,3,0,5,2,3,0,5,4,4,4,3,3,4,5,4,4,5,5,5,3,4,9.7,10,37,868,1133,High School,1,Software Engineer,97383
1,3,3,2,0,2,5,3,5,1,5,1,4,2,4,1,4,3,2,1,2,4,1,0,4,4,3,5,3,5,4,5,2,4,4,5,2,1,5,4,5,4,4,3,0,5,1,5,3,4,5,5,3,3,5,5,4,4,5,4,3,5,5,4.4,1,19,539,765,Master's,0,Software Engineer,100204
0,4,1,1,5,0,0,2,1,1,2,5,0,2,2,1,3,0,2,0,4,4,0,1,2,2,3,4,3,0,1,2,3,2,0,1,2,4,5,5,1,0,3,1,5,0,2,4,4,3,4,5,5,5,4,4,4,4,4,4,4,5,3,4.2,9,22,581,1636,High School,0,Mobile Developer,94353
2,0,2,0,5,1,0,3,3,5,4,4,0,1,0,1,3,1,4,5,1,0,0,4,2,2,0,4,4,4,0,5,2,5,0,0,3,5,2,3,0,0,2,4,0,4,1,1,4,4,3,4,3,3,5,4,3,3,5,5,3,5,5,-0.2,0,7,279,149,PhD,0,Backend Developer,69262
1,1,0,4,5,3,0,2,5,0,4,3,0,2,4,2,1,0,5,4,0,3,4,0,5,0,5,0,5,4,3,1,3,1,5,0,3,2,3,0,0,2,5,2,4,5,5,1,3,5,5,3,4,5,5,3,3,3,4,4,4,5,3,6.8,2,39,525,724,High School,0,Machine Learning Engineer,134447
2,4,3,0,4,1,3,3,4,5,4,5,1,1,4,1,4,4,0,2,0,2,4,1,0,2,3,0,0,1,1,0,0,4,5,4,1,1,0,3,5,2,0,1,5,4,0,0,3,4,4,3,3,4,4,4,4,5,5,5,5,3,5,15.4,15,46,1046,1928,PhD,0,Mobile Developer,135394
2,4,2,1,4,1,4,2,0,3,0,2,3,4,1,4,5,3,0,2,0,4,5,0,1,0,4,0,1,5,4,3,1,5,0,5,2,0,4,3,4,5,3,2,2,3,2,5,3,5,3,4,3,5,4,5,5,4,5,3,5,5,4,7.0,7,30,509,1587,PhD,0,Frontend Developer,70813
4,2,4,0,3,4,4,1,4,0,1,3,5,4,1,0,5,3,2,2,2,3,4,4,1,4,0,1,1,4,2,1,1,4,2,1,3,5,5,1,3,3,0,2,4,1,2,4,3,5,3,3,5,4,3,5,4,5,5,5,4,3,5,5.5,6,33,372,1052,Associate's,0,DevOps Engineer,89074
3,3,1,5,3,1,5,2,1,0,0,4,3,1,0,3,2,1,0,0,1,0,3,5,0,4,5,5,4,1,2,0,4,5,0,4,0,4,5,2,3,0,0,5,4,3,1,1,5,4,3,3,3,3,4,3,5,4,4,5,3,3,5,9.6,9,38,910,1197,Master's,0,Machine Learning Engineer,124949
3,5,3,4,1,2,4,5,1,5,4,2,0,5,5,3,5,5,4,0,4,4,1,1,0,2,0,0,4,2,0,5,4,5,2,2,2,4,2,2,3,5,0,0,3,3,1,0,5,3,5,5,3,5,4,5,5,3,3,3,5,4,4,5.5,5,29,439,1203,High School,0,DevOps Engineer,72351
5,1,1,2,3,1,3,4,3,2,4,0,1,0,1,2,2,1,1,5,4,3,2,5,5,4,4,0,2,0,4,3,5,4,1,0,1,3,2,5,0,3,5,0,1,5,1,3,3,4,4,3,5,3,3,4,4,5,3,5,4,3,5,3.1,3,17,209,1272,Associate's,0,Data Scientist,80135
4,0,0,0,1,1,1,0,0,0,4,2,0,2,1,1,2,4,4,0,1,1,4,5,3,2,1,4,5,2,2,0,3,1,2,3,5,3,3,1,3,5,2,5,3,5,4,1,5,4,4,4,4,3,4,4,3,5,4,3,3,3,4,4.9,5,27,296,772,Master's,0,Software Engineer,93111
0,0,3,1,5,5,1,5,3,3,4,2,2,1,3,2,5,1,0,1,3,2,0,2,2,2,0,0,0,3,4,1,3,5,4,4,4,3,0,0,1,4,1,0,1,3,5,0,5,4,4,5,5,5,3,4,4,5,5,5,4,3,3,7.8,7,38,517,1316,Associate's,0,Security Engineer,78969
5,4,3,0,0,5,4,4,4,1,3,2,3,5,5,0,1,1,3,4,0,2,3,2,0,5,2,2,1,2,2,1,2,1,4,1,4,4,2,1,2,3,1,3,1,4,5,3,4,3,5,5,5,4,4,3,4,5,3,4,4,3,4,3.0,3,11,349,629,PhD,0,Machine Learning Engineer,114023
3,2,2,5,3,2,0,5,2,0,2,0,2,2,4,5,3,2,3,3,5,3,3,0,3,5,5,0,3,5,3,4,0,3,3,2,4,5,5,5,3,1,5,0,0,2,0,3,4,4,5,5,5,5,3,4,5,5,4,5,4,4,4,4.7,2,25,354,917,High School,0,Mobile Developer,125550
1,4,0,1,4,0,1,0,1,5,3,0,3,3,2,1,3,4,0,2,2,0,3,4,0,5,2,3,5,1,1,2,5,2,0,0,4,1,5,2,4,0,5,3,1,2,3,3,5,4,3,5,4,5,5,3,4,3,3,3,3,3,5,5.7,3,24,486,344,Associate's,1,Mobile Developer,98684
5,1,2,5,5,4,2,4,3,2,3,3,1,5,0,0,0,1,4,4,3,2,0,4,1,3,3,4,0,4,3,3,5,4,2,5,2,1,1,0,0,5,0,1,4,2,4,1,3,4,3,4,4,4,3,4,5,5,5,3,5,3,3,8.2,6,30,624,1055,Associate's,0,Frontend Developer,100844
3,1,5,2,4,4,3,5,0,3,0,4,3,4,0,4,4,4,1,4,3,1,4,1,1,1,1,1,2,5,0,4,4,4,0,5,4,2,1,0,1,0,3,3,0,0,0,5,3,5,4,3,3,5,4,5,4,3,5,3,4,5,4,3.9,8,15,531,1618,Master's,0,Software Engineer,82266
5,1,5,1,1,2,4,2,5,1,0,1,3,4,2,4,1,2,3,0,2,5,4,3,2,1,3,2,3,5,2,1,1,5,5,5,4,5,5,0,2,4,4,3,2,1,1,5,5,4,5,5,3,5,5,5,3,5,3,4,5,4,4,4.7,6,18,474,791,Master's,0,Machine Learning Engineer,128152
2,0,5,2,0,1,0,5,3,1,0,1,3,4,0,1,2,3,0,4,3,0,3,0,5,3,1,4,5,3,1,3,1,4,1,1,1,2,5,4,3,5,1,2,2,2,0,1,4,3,5,4,5,3,3,3,4,5,5,5,4,3,3,2.0,0,15,196,342,Master's,0,Software Engineer,55552
0,5,4,4,0,5,3,1,3,0,2,5,3,5,3,4,2,1,5,0,1,2,1,1,3,4,2,5,3,2,1,3,4,1,2,4,5,1,2,0,0,2,4,2,5,5,1,3,5,3,5,3,4,5,3,4,3,5,4,5,3,4,4,0.7,0,9,215,740,High School,0,Software Engineer,84614
3,1,5,1,1,1,4,3,2,3,0,5,2,3,0,0,1,4,4,3,4,4,3,3,1,4,1,3,0,0,0,4,1,2,1,3,5,4,3,4,1,5,1,4,4,5,0,3,5,3,5,4,4,4,4,4,4,4,5,3,3,5,4,5.4,5,16,424,1202,High School,0,Frontend Developer,70033
3,0,1,0,1,0,2,5,3,4,5,0,4,5,2,5,2,0,5,2,4,3,2,2,5,4,2,3,5,2,5,1,5,3,1,4,1,5,5,5,2,0,0,1,1,2,5,3,3,4,3,5,3,4,4,4,5,3,3,3,3,3,3,5.0,7,27,552,763,Master's,0,Data Scientist,92574
3,2,0,1,3,2,5,2,5,3,2,1,3,2,1,2,3,1,5,2,4,1,4,0,3,4,0,5,2,5,1,4,4,4,1,4,2,0,0,5,2,2,1,1,3,1,4,0,5,4,3,4,4,5,4,3,3,3,5,5,4,5,5,7.2,3,28,267,1147,Associate's,1,Data Scientist,115878
3,4,0,3,1,5,4,1,2,4,4,4,2,5,4,2,2,4,0,1,4,1,3,5,0,3,4,1,1,2,4,4,3,1,1,1,5,3,2,3,5,4,4,5,0,0,4,2,5,5,3,3,5,4,4,3,5,4,4,4,3,3,3,-1.6,0,11,65,576,PhD,0,Backend Developer,74075
0,1,3,1,1,2,5,4,3,5,2,4,0,0,4,3,3,4,5,5,5,0,3,2,0,0,5,0,4,0,2,2,1,3,4,1,0,5,1,4,3,0,0,5,1,3,2,1,3,3,5,4,3,4,3,5,4,4,4,4,4,3,4,2.4,2,25,322,484,PhD,0,Data Analyst,71784
1,0,0,0,1,0,4,3,5,2,1,1,5,1,2,1,2,5,0,4,4,1,0,1,2,3,2,1,1,4,2,4,3,4,3,5,0,0,3,2,3,3,1,4,2,4,1,4,3,3,3,4,4,5,5,4,3,4,4,5,4,5,4,2.2,1,8,434,217,Master's,0,Security Engineer,52046
0,2,2,2,1,5,1,5,4,1,0,5,3,2,4,1,3,3,5,3,3,3,4,3,5,5,0,5,0,0,0,0,5,2,3,1,0,3,4,0,2,0,4,3,1,3,1,4,5,3,5,5,5,4,4,5,5,5,5,3,3,4,3,-2.4,0,-2,480,234,Bachelor's,0,Frontend Developer,62690
1,1,4,2,2,5,4,5,0,0,0,5,2,5,4,1,1,3,0,0,5,0,0,1,1,3,1,2,4,2,2,0,3,4,3,1,2,1,4,5,3,2,3,3,2,2,5,0,4,4,4,4,5,5,3,3,5,3,5,3,5,4,3,5.3,3,16,186,1083,PhD,1,Full-Stack Developer,107968
4,5,4,5,1,2,2,4,0,4,4,2,4,4,4,3,3,3,5,4,1,4,2,0,5,4,5,1,2,4,2,4,4,1,2,2,1,3,5,3,3,5,0,3,4,3,4,1,3,4,4,4,3,4,5,3,4,5,5,3,3,3,5,0.2,0,11,370,946,PhD,1,Security Engineer,68654
2,3,2,5,2,5,5,0,0,5,3,4,2,4,1,1,0,4,1,1,0,2,2,1,2,1,3,0,1,2,0,3,5,5,3,5,3,2,5,2,0,3,1,4,5,0,5,1,4,5,3,5,5,4,4,3,3,3,4,4,4,5,5,4.6,4,28,447,682,Associate's,0,Security Engineer,83290
1,0,4,5,0,1,1,4,5,3,1,4,2,4,0,3,1,5,1,2,2,1,1,5,3,3,2,2,4,3,5,0,2,1,3,5,1,3,1,3,1,1,2,4,3,4,3,3,5,3,3,5,4,5,4,5,3,5,5,3,5,3,3,6.2,7,22,758,749,Associate's,0,Security Engineer,105738
5,4,5,0,3,5,0,1,3,1,4,1,2,2,4,0,3,3,3,5,4,0,0,1,0,0,5,0,2,0,2,1,0,1,3,5,5,0,3,2,3,5,1,1,4,3,0,5,3,5,3,5,3,5,5,3,3,4,5,4,5,4,4,5.1,4,33,554,656,PhD,0,DevOps Engineer,128045
4,0,4,2,3,0,4,0,1,4,0,3,2,3,3,4,5,3,5,1,3,5,3,0,1,2,5,5,5,5,4,2,3,4,5,5,4,0,5,5,4,0,4,0,1,3,4,5,5,5,5,4,5,5,5,3,3,3,4,5,3,3,4,6.3,8,20,575,1576,Master's,0,Data Scientist,77552
0,2,5,4,1,0,5,1,5,1,1,1,5,2,0,4,3,0,0,1,2,4,1,4,5,5,5,3,0,3,0,4,0,0,0,3,5,4,4,2,4,0,5,5,2,0,0,0,5,3,5,5,4,3,4,3,3,5,4,3,3,3,5,5.5,4,17,230,690,PhD,1,Frontend Developer,108150
0,0,1,1,0,2,2,0,3,2,0,1,1,1,5,3,0,3,4,2,1,5,0,5,5,5,4,5,5,1,1,2,3,4,0,3,5,5,4,3,5,3,4,5,3,0,2,3,4,3,5,3,3,5,3,5,5,3,3,4,3,5,3,5.6,9,22,826,1675,High School,1,Full-Stack Developer,81627
0,4,0,5,5,4,0,5,2,2,2,2,2,3,2,1,2,0,4,0,4,1,4,1,0,5,0,0,3,5,4,2,5,2,3,4,0,1,5,0,3,1,4,2,0,2,4,1,3,5,3,4,5,3,3,5,3,5,3,4,5,3,4,5.8,2,35,580,465,PhD,1,DevOps Engineer,121217
3,5,2,5,0,5,2,1,0,2,4,0,1,4,2,2,4,5,3,2,3,2,2,3,5,3,2,2,3,2,0,0,5,2,0,2,0,0,1,4,3,5,2,5,0,1,1,4,5,4,5,4,3,4,5,4,4,5,4,4,5,3,5,3.2,5,17,468,781,Master's,0,Backend Developer,77997
4,3,1,4,1,0,3,5,4,3,4,1,4,5,2,5,0,2,5,3,4,1,3,3,2,0,2,4,3,0,3,1,1,2,5,3,4,4,0,1,2,0,2,1,2,3,2,5,3,5,3,4,4,5,4,3,5,4,4,4,3,3,5,5.0,8,33,831,1136,Master's,0,Full-Stack Developer,95266
4,0,1,4,5,4,1,0,5,4,3,3,5,2,4,4,4,2,0,5,0,0,3,5,0,5,1,4,4,1,3,3,5,3,2,5,0,2,4,4,5,5,4,3,2,2,3,1,4,4,4,5,5,5,5,5,3,4,4,5,5,3,4,5.2,4,27,375,422,PhD,1,Data Analyst,106637
0,4,2,4,2,2,1,5,3,5,2,3,3,1,3,1,4,5,4,2,2,5,2,4,1,2,1,3,5,5,3,4,5,4,3,0,3,4,5,5,2,3,0,5,2,5,4,5,5,4,4,5,4,3,5,3,3,4,4,3,3,4,3,1.9,0,9,194,295,Associate's,1,Software Engineer,56387
4,5,1,2,0,1,1,2,4,1,3,5,5,5,0,5,1,5,2,3,4,1,2,4,3,3,5,4,2,5,3,2,1,2,1,5,3,1,3,5,0,3,4,5,4,3,1,3,3,5,5,3,4,4,5,5,3,5,3,5,5,4,3,-0.3,1,15,163,788,PhD,1,Security Engineer,50000
5,1,2,3,0,4,5,3,4,0,0,0,0,5,3,3,0,5,0,1,0,0,1,3,4,2,2,5,0,5,1,1,1,5,3,5,1,4,2,5,2,3,5,3,2,5,4,5,4,5,3,4,5,4,3,3,3,3,5,5,5,3,5,6.4,4,37,462,1182,PhD,0,Security Engineer,102447
3,5,0,0,3,0,0,2,0,0,0,2,5,5,3,2,4,1,3,2,1,0,3,3,4,2,1,1,0,5,0,2,4,4,5,3,0,0,5,5,4,4,2,2,2,4,0,2,3,4,5,3,5,5,3,3,4,3,5,5,3,3,3,9.9,7,45,569,1081,PhD,0,Data Scientist,142169
2,3,0,5,0,0,5,0,1,3,3,1,1,1,0,4,1,4,0,5,4,1,2,3,4,4,2,0,0,5,2,3,5,4,2,4,2,3,0,4,1,1,4,1,5,2,5,1,3,3,3,3,4,3,3,3,4,5,3,5,3,5,3,2.0,2,8,310,603,Bachelor's,1,Machine Learning Engineer,79050
4,0,1,2,4,4,2,4,5,4,3,1,1,3,3,2,5,0,4,2,4,1,2,2,1,5,3,4,1,4,4,3,1,3,2,1,5,4,4,5,2,4,3,3,0,3,0,3,4,4,4,5,3,3,5,5,4,5,3,4,5,5,5,8.4,9,38,750,983,PhD,0,Full-Stack Developer,119545
2,5,4,1,0,5,2,5,0,2,0,3,5,0,4,3,3,0,5,2,4,4,5,2,2,4,2,0,2,5,1,2,2,0,4,1,4,4,1,3,5,0,1,3,1,5,5,1,5,5,3,3,4,3,3,3,4,4,4,4,5,4,3,3.2,0,27,442,149,Master's,0,Machine Learning Engineer,102076
5,5,5,3,1,4,4,0,2,4,2,0,5,5,1,3,5,5,1,3,5,1,3,2,4,3,1,4,2,4,4,5,1,4,0,4,1,1,3,2,0,5,4,4,4,1,2,3,3,5,5,3,3,3,5,3,3,5,5,4,4,4,3,3.0,0,24,323,697,High School,1,Machine Learning Engineer,84693
1,2,2,1,0,0,3,4,1,2,5,3,0,0,3,3,5,3,4,5,2,0,3,4,4,3,5,5,4,5,4,1,5,4,1,0,2,5,3,2,4,1,1,3,2,2,2,0,3,5,4,5,4,4,3,3,4,5,3,3,4,5,5,4.3,5,24,567,506,High School,0,Security Engineer,87645
3,2,1,2,1,0,1,5,4,4,2,5,2,2,2,3,5,5,2,0,3,1,3,2,3,0,3,5,3,0,0,3,3,0,4,5,3,4,0,0,1,4,0,5,4,3,1,1,4,5,4,3,4,5,5,4,3,5,3,4,3,3,3,3.2,1,22,96,309,Master's,0,Data Scientist,79199
4,4,2,5,0,4,0,5,0,0,0,1,0,1,0,4,0,1,4,1,5,5,3,3,2,5,4,4,3,0,4,5,3,1,0,2,4,4,3,0,1,1,2,5,4,4,3,3,4,5,4,5,3,4,4,4,5,5,3,4,5,5,4,3.3,0,23,96,840,PhD,0,Mobile Developer,97291
4,2,5,4,3,1,4,0,5,0,1,2,0,5,0,3,4,1,1,2,4,1,3,4,4,1,4,1,2,0,1,0,4,5,0,5,2,3,5,5,5,3,0,4,0,4,4,3,5,3,4,5,4,5,5,4,5,5,4,4,5,3,5,5.4,7,18,555,1073,PhD,0,Security Engineer,101926
5,0,2,3,1,1,0,0,1,4,5,2,3,0,2,3,5,3,0,0,0,2,1,4,3,1,3,5,3,3,3,4,3,3,4,1,2,0,1,0,5,2,3,4,4,4,1,4,4,5,4,4,3,4,5,4,3,4,5,4,4,5,3,8.7,6,33,430,1203,Associate's,0,Security Engineer,112945
5,2,2,3,5,3,0,0,5,2,1,1,0,2,0,2,1,1,3,2,2,2,3,2,0,4,0,5,5,0,4,5,0,3,3,0,1,4,2,4,4,1,1,5,2,1,4,5,3,3,5,4,5,3,4,3,3,3,5,5,3,4,5,6.7,6,24,447,1344,Bachelor's,0,Machine Learning Engineer,118511
0,5,3,2,1,4,3,4,3,5,2,3,5,1,2,4,5,2,0,1,4,2,5,2,1,0,3,3,0,2,2,0,3,2,4,1,3,2,5,5,5,5,0,5,4,5,4,5,5,5,5,4,5,3,4,3,4,4,4,4,5,5,3,11.1,11,51,599,1513,PhD,0,Security Engineer,121076
1,2,0,2,2,3,5,4,0,4,4,4,2,5,2,2,5,5,2,5,2,2,0,0,1,1,4,0,2,0,0,0,5,1,3,5,1,5,5,0,5,1,3,1,1,2,2,1,3,3,4,5,4,3,4,5,5,5,5,3,5,5,4,5.7,9,22,865,1271,High School,0,Full-Stack Developer,103149
2,2,1,5,0,3,0,3,3,0,2,4,0,1,4,1,1,1,3,3,3,3,2,4,0,0,2,3,3,2,2,1,2,0,2,4,4,0,2,1,5,2,1,4,1,5,0,5,4,4,3,4,4,5,3,4,3,3,4,3,4,3,5,5.3,7,20,550,1084,Associate's,0,DevOps Engineer,109546
2,0,5,5,3,3,2,3,1,0,1,2,3,3,1,3,3,3,2,2,4,5,4,0,4,2,4,1,1,1,3,3,5,2,4,0,2,4,2,5,2,4,1,1,3,1,2,3,3,3,3,5,4,3,3,4,5,5,4,4,4,5,4,6.4,5,27,469,1069,PhD,0,Backend Developer,93392
0,1,5,5,1,4,5,1,3,0,2,1,5,3,0,4,1,4,0,1,0,1,1,2,3,3,1,3,5,3,1,1,2,5,0,0,5,2,5,0,2,0,3,1,3,2,1,1,5,3,4,3,5,3,4,3,3,4,5,3,5,4,5,8.7,6,32,331,1288,PhD,0,Backend Developer,105696
5,4,1,5,5,0,3,5,5,4,5,2,1,4,5,5,4,4,4,1,5,2,1,1,4,1,0,4,2,1,0,2,3,0,4,0,2,2,2,5,1,0,4,1,5,3,3,5,5,3,4,5,5,4,4,5,5,3,5,5,4,3,5,7.2,5,21,418,853,PhD,0,Data Analyst,78569
5,0,1,0,1,4,4,1,3,5,0,4,4,0,0,1,5,5,2,1,5,4,1,5,1,2,0,3,5,1,5,5,5,1,1,0,5,3,3,0,0,4,1,0,0,0,3,3,3,4,5,4,4,3,3,5,5,5,5,5,4,4,5,8.9,8,40,691,1290,PhD,0,Software Engineer,99063
1,5,3,1,2,0,1,5,3,3,2,4,2,1,3,5,0,2,4,2,5,4,2,1,5,2,1,5,0,2,2,0,4,3,4,1,2,4,1,2,0,4,0,5,4,3,0,1,3,3,4,5,3,3,4,5,3,4,3,3,4,4,5,-0.1,0,5,179,840,PhD,0,Backend Developer,69010
5,2,4,0,3,1,1,1,5,3,5,4,2,4,4,3,5,2,5,2,4,1,3,5,4,5,5,0,0,3,1,2,4,1,2,2,3,1,2,0,1,3,0,0,3,3,2,0,4,4,4,3,5,5,4,5,4,5,3,4,4,4,4,2.0,1,21,507,1055,Master's,0,Software Engineer,87483
4,1,5,2,0,2,5,0,5,4,3,4,3,3,1,3,0,5,2,2,5,4,3,5,5,5,4,5,3,0,0,3,0,0,0,3,2,4,4,5,4,1,2,4,5,0,1,5,3,3,4,3,3,5,5,3,4,5,5,5,4,4,3,7.7,5,29,309,981,Associate's,0,Machine Learning Engineer,123139
4,0,5,3,0,0,1,3,1,1,4,0,4,3,4,1,4,2,4,2,2,1,1,1,4,5,1,0,2,3,4,1,0,4,2,2,3,3,5,1,1,5,3,4,1,1,5,0,4,3,5,5,5,4,4,4,3,3,4,4,4,5,4,7.7,10,41,835,1067,Bachelor's,0,Software Engineer,103014
2,5,0,4,2,2,1,5,1,1,5,3,2,3,4,2,2,5,5,3,4,5,5,5,5,3,3,2,1,2,4,5,2,1,5,4,3,4,0,2,0,2,0,2,5,0,4,2,5,4,3,4,3,3,3,3,4,5,3,3,4,3,3,6.8,8,23,791,942,Master's,1,Mobile Developer,120017
0,4,4,3,5,3,3,3,4,2,5,4,4,1,4,2,0,5,4,4,0,1,4,3,2,0,4,2,4,0,0,0,2,3,2,4,1,5,5,4,2,3,0,3,3,5,2,5,5,4,5,3,5,4,4,4,4,3,5,3,3,5,4,4.0,2,24,296,316,High School,1,Frontend Developer,103541
0,3,1,4,1,1,0,2,5,0,2,5,4,2,1,3,2,3,4,2,3,5,1,2,2,5,0,5,5,1,5,3,5,1,5,4,2,4,0,5,5,2,3,4,3,1,4,2,3,3,4,4,4,3,4,4,3,3,3,3,4,3,5,0.0,0,8,267,317,Master's,0,Software Engineer,86750
2,3,2,2,3,2,3,2,3,4,3,0,5,0,4,0,0,4,3,5,1,2,3,2,5,3,3,2,1,2,2,3,2,3,5,5,0,3,2,2,2,5,5,2,5,5,5,2,4,5,3,5,4,4,3,5,3,4,5,3,4,3,3,-2.4,0,-6,56,0,PhD,1,Data Analyst,50000
0,0,2,2,5,0,0,3,5,2,5,3,1,4,4,1,3,0,2,3,1,1,4,0,1,2,1,4,0,5,0,2,4,5,4,4,3,2,0,5,4,5,1,0,5,5,2,5,4,3,3,3,5,4,5,3,4,4,4,4,5,5,3,8.2,6,40,474,802,Associate's,1,Backend Developer,102412
1,4,3,4,5,1,4,2,3,3,4,2,0,5,5,4,0,4,0,2,2,1,5,4,0,1,4,1,4,2,2,1,4,0,5,5,2,4,1,0,3,4,4,2,0,5,1,2,5,3,5,3,3,4,4,5,5,5,3,5,4,3,5,3.1,2,21,137,510,High School,0,Data Scientist,106968
4,4,0,1,0,5,5,2,1,3,4,3,3,2,5,1,3,4,5,0,0,5,5,5,1,1,2,0,2,4,2,3,3,4,1,1,1,0,2,1,2,3,0,4,2,3,3,1,4,5,5,5,5,3,4,5,4,4,4,3,5,3,5,7.7,7,26,654,1606,High School,1,Data Analyst,110614
3,4,3,1,0,3,0,2,5,2,0,0,3,1,0,4,2,2,5,1,3,3,2,5,0,3,2,3,3,0,2,2,5,2,5,5,0,0,1,0,3,4,3,0,1,0,0,5,5,5,3,3,4,3,3,5,4,3,5,3,5,5,3,5.2,5,17,304,1481,Associate's,0,Backend Developer,76954
2,5,0,1,0,2,4,3,5,1,4,5,1,3,5,4,2,3,3,1,0,2,4,1,2,2,0,5,4,0,3,3,4,5,1,1,2,0,1,1,0,2,5,3,5,1,5,0,5,4,5,5,5,3,5,5,5,4,3,4,4,5,3,3.0,3,27,223,383,Master's,0,Mobile Developer,93716
3,4,3,4,0,3,4,3,3,0,3,4,0,0,1,3,3,1,1,2,5,5,1,2,5,1,5,5,5,2,4,3,4,2,3,5,3,2,2,2,2,2,2,2,0,2,3,3,5,5,5,3,5,3,4,3,4,3,3,3,5,5,3,1.1,0,4,46,890,PhD,0,Full-Stack Developer,54043
0,3,0,3,4,5,5,3,3,2,4,4,2,4,1,4,0,4,0,1,1,2,0,0,2,3,3,0,5,1,4,3,2,4,5,2,1,0,0,2,2,4,5,2,1,3,0,0,3,5,4,3,5,3,5,5,3,4,3,4,3,5,5,7.1,1,27,411,969,Bachelor's,0,Data Analyst,105971
0,1,5,1,0,5,2,1,1,4,0,5,3,3,1,5,2,2,2,3,1,3,4,2,0,1,4,1,2,2,0,1,0,3,1,4,3,5,0,3,0,1,0,3,5,2,1,2,3,5,4,3,3,3,5,3,5,5,3,3,3,4,5,3.5,3,17,420,1181,Bachelor's,1,Full-Stack Developer,69853
0,0,4,0,3,2,1,0,1,4,0,2,4,4,5,5,5,2,4,2,3,4,2,5,5,4,2,2,0,1,3,4,1,1,1,1,1,0,0,3,1,4,1,2,2,5,1,4,4,3,5,3,4,3,3,3,5,3,3,5,4,3,5,5.7,7,25,756,1391,Master's,0,Software Engineer,82431
1,4,4,2,0,0,3,3,2,5,4,5,1,3,0,4,5,2,2,1,3,4,4,1,1,5,0,3,1,2,1,4,0,5,4,1,3,1,2,4,2,2,5,3,3,0,2,1,5,4,4,4,5,3,5,4,3,5,5,4,5,5,3,9.6,10,47,715,1846,High School,0,Machine Learning Engineer,134277
3,5,1,3,3,4,5,1,3,1,5,0,0,5,2,2,1,1,0,1,5,3,2,1,0,2,0,1,5,2,3,1,4,0,1,3,3,0,5,5,1,4,4,1,5,1,0,5,4,4,3,4,3,3,5,5,3,5,3,4,4,5,5,4.3,0,20,408,50,Associate's,1,Full-Stack Developer,99452
5,4,4,3,3,3,0,1,5,5,5,1,4,0,5,3,2,0,1,1,4,1,3,1,3,4,3,3,3,2,1,5,4,1,0,3,1,1,3,3,0,2,2,1,2,5,0,4,3,3,3,5,4,3,3,5,4,3,3,4,5,4,3,14.2,13,61,976,1608,High School,0,Security Engineer,145871
3,5,3,0,4,4,0,3,5,4,1,3,1,5,5,3,4,2,1,4,3,0,4,5,4,0,2,3,4,0,0,0,0,1,4,0,0,4,4,2,4,0,1,4,2,4,4,4,4,3,5,4,4,5,3,5,4,3,5,4,5,3,4,12.3,13,44,716,1411,Associate's,0,Machine Learning Engineer,156479
2,5,3,4,3,2,5,3,5,0,4,1,0,5,3,3,5,4,3,4,0,5,3,4,5,2,3,3,0,5,0,3,2,3,1,1,4,3,0,1,2,4,5,1,5,3,5,2,3,3,5,3,4,5,3,5,4,3,4,4,3,3,3,6.0,2,25,490,1005,Bachelor's,1,DevOps Engineer,101159
1,5,0,1,3,2,0,3,3,1,2,0,0,3,3,4,2,0,2,5,4,3,3,4,3,1,2,4,4,1,4,0,2,3,0,0,5,3,3,1,1,2,0,3,5,0,0,0,3,5,5,4,3,4,5,4,4,3,5,5,4,4,5,3.7,6,29,440,1367,PhD,0,Frontend Developer,80640
5,3,3,2,4,2,2,3,4,4,0,1,1,1,4,3,4,4,5,3,3,4,2,0,4,5,1,4,0,5,1,4,1,3,0,5,0,4,3,5,1,5,4,5,3,2,2,2,4,5,3,3,4,3,3,4,3,3,3,4,4,3,5,5.2,5,26,668,1084,High School,1,Software Engineer,79197
5,1,1,5,2,2,2,4,3,2,2,3,2,2,0,4,3,4,3,0,2,1,4,1,1,2,2,3,1,5,5,4,5,0,2,4,3,5,2,4,0,5,5,3,4,5,0,0,3,5,5,4,5,5,5,5,3,5,5,3,5,4,3,2.7,0,27,423,630,High School,1,Security Engineer,51337
3,4,5,0,3,4,2,4,0,3,1,3,3,4,2,3,3,3,3,4,3,1,0,4,4,0,5,5,0,3,0,1,0,5,4,1,4,3,0,5,3,5,3,5,2,0,2,3,3,5,5,5,4,3,3,5,4,4,3,4,3,4,4,2.5,1,11,65,1011,Master's,0,Data Scientist,112579
3,5,3,0,0,2,5,0,4,2,0,3,4,2,3,4,5,3,4,2,3,4,4,4,2,3,3,0,0,5,1,0,2,3,4,1,4,3,4,0,1,0,0,0,3,5,4,0,5,3,3,5,5,5,4,4,4,5,4,4,4,5,4,8.6,5,38,689,945,Associate's,1,Full-Stack Developer,119055
0,3,4,2,2,0,0,0,2,4,2,1,5,1,0,1,2,3,3,1,2,4,4,0,0,4,5,5,5,5,4,3,5,3,5,1,4,0,4,1,5,0,1,0,2,3,5,2,4,4,4,4,3,5,3,4,3,5,5,3,5,3,5,3.1,5,28,267,1178,Bachelor's,0,Software Engineer,62365
3,2,2,3,2,2,2,1,3,3,3,3,2,1,3,3,4,1,1,3,1,0,3,4,4,2,1,2,0,2,3,3,2,3,3,2,1,5,3,2,3,5,1,1,5,4,2,2,4,3,5,4,5,4,4,3,3,3,5,3,3,5,4,9.2,5,44,273,724,Master's,1,Security Engineer,64189
5,5,3,2,3,1,0,2,3,3,3,4,5,0,2,2,5,4,4,1,3,2,2,4,2,2,3,4,0,1,4,3,3,2,0,2,2,4,5,2,2,1,5,3,3,0,1,3,5,3,3,4,5,4,4,3,5,4,3,5,4,4,4,0.4,1,15,162,320,Master's,0,Data Analyst,50000
1,1,1,0,3,5,3,5,2,5,4,5,0,5,3,1,5,2,0,3,1,2,5,3,4,5,4,0,5,0,0,5,3,4,0,3,4,3,0,5,3,5,2,4,1,3,5,4,5,3,5,4,3,4,3,3,3,4,4,4,5,5,3,1.8,1,14,162,978,Associate's,1,Full-Stack Developer,75770
0,3,3,4,3,5,1,5,4,4,0,4,5,2,2,3,3,5,3,2,3,3,3,5,4,2,1,4,3,3,5,2,2,0,1,5,3,3,4,4,0,5,5,4,5,5,5,2,4,4,5,3,3,3,3,5,3,5,5,4,5,5,4,5.4,7,25,782,1253,Master's,0,Backend Developer,78685
4,3,4,2,3,2,3,0,3,3,5,3,3,2,3,4,1,5,3,1,4,0,5,0,3,1,2,4,3,0,4,0,3,3,3,0,3,1,1,2,1,2,2,5,4,0,2,1,3,4,5,4,3,5,4,4,5,5,5,5,5,4,3,4.7,4,19,577,1379,High School,0,Mobile Developer,79814
5,5,5,2,5,0,1,2,4,1,5,2,5,0,2,3,5,0,3,3,1,2,0,0,2,3,1,2,4,1,1,0,1,0,1,2,2,5,1,4,0,2,1,5,5,4,3,2,3,3,4,3,4,3,4,4,3,5,5,4,4,5,3,6.0,5,26,420,745,Associate's,0,Frontend Developer,99920
2,0,1,1,2,3,5,2,4,1,0,0,0,2,0,0,3,0,5,1,5,1,2,5,3,4,4,3,5,1,5,4,3,0,1,4,2,4,4,3,5,2,2,5,4,4,3,2,5,5,3,5,3,5,4,3,4,5,4,4,5,4,3,6.6,4,23,364,915,High School,0,Machine Learning Engineer,96045
4,5,3,2,0,3,5,3,4,0,2,1,4,1,4,0,3,2,4,5,0,0,4,2,5,3,4,3,2,3,5,1,3,3,2,2,1,5,1,3,0,0,0,4,5,3,4,1,4,5,4,5,5,4,4,4,5,4,4,3,5,4,3,6.5,8,19,496,904,PhD,0,Frontend Developer,95687
3,5,1,3,0,1,5,1,4,0,0,5,0,5,2,0,2,4,1,1,2,4,5,4,0,0,1,4,2,1,5,2,3,3,3,3,1,3,1,0,4,1,5,1,0,5,2,3,3,5,4,4,5,5,4,3,5,3,3,5,5,5,3,5.0,6,30,412,850,PhD,0,Data Scientist,93824
2,5,2,3,5,2,5,0,3,2,0,5,3,5,0,5,2,0,2,3,2,1,2,5,0,3,2,0,2,4,4,2,5,4,4,2,3,0,0,1,2,2,0,4,3,4,1,3,5,3,3,3,5,3,5,3,5,3,4,5,5,5,3,4.6,6,19,582,1476,High School,0,DevOps Engineer,64044
2,4,5,5,2,4,2,2,1,4,4,3,0,2,0,5,3,2,5,0,4,5,5,4,0,4,5,5,5,3,0,3,1,5,5,4,5,1,5,0,1,0,1,1,5,2,2,5,5,3,3,4,5,4,4,5,4,4,5,3,4,4,4,2.6,1,18,207,993,Master's,0,DevOps Engineer,99919
1,2,0,2,0,4,4,5,4,0,3,4,2,3,1,2,2,2,0,1,0,0,5,2,5,5,0,4,1,0,4,4,4,3,3,3,5,2,5,2,0,4,5,4,0,2,4,5,4,5,5,5,4,5,5,3,5,5,3,5,5,3,4,4.5,6,20,739,1214,Associate's,0,Mobile Developer,81920
3,0,0,5,0,5,0,2,1,2,0,4,0,3,3,0,4,1,2,4,1,2,2,2,1,2,1,0,5,3,5,1,3,2,2,3,2,0,3,4,3,4,3,0,4,0,1,1,4,3,3,4,3,3,4,4,5,4,3,5,3,5,3,5.1,1,27,482,354,PhD,0,Data Scientist,119446
4,0,1,4,0,2,1,2,5,2,3,5,4,3,2,4,3,4,3,4,4,1,0,1,0,5,2,3,1,0,5,0,4,0,2,3,5,1,3,1,4,3,3,3,5,3,5,3,3,3,3,5,4,5,5,5,5,3,5,4,3,3,3,7.4,9,35,757,914,Master's,0,Software Engineer,72143
0,0,1,2,5,1,1,2,1,2,4,2,0,0,4,3,3,4,1,0,3,3,4,2,3,5,5,1,1,3,3,2,0,2,3,5,0,0,2,3,3,3,4,0,2,5,3,4,3,4,5,4,5,3,3,3,4,5,5,5,5,5,4,7.4,4,35,465,699,Associate's,0,Software Engineer,75395
4,2,1,3,5,2,3,0,3,5,2,5,0,3,1,4,5,4,2,5,3,0,3,2,2,0,4,1,5,4,0,0,0,0,4,1,2,0,2,5,0,0,2,0,5,1,2,1,5,5,4,3,4,3,3,5,3,3,3,5,3,3,5,7.7,6,24,596,1597,Bachelor's,0,Security Engineer,78391
3,5,1,2,1,3,1,1,4,2,5,1,0,4,5,4,3,4,0,1,5,5,3,2,2,3,4,0,5,5,2,0,5,5,0,2,1,2,3,5,2,0,4,2,1,0,0,3,4,5,4,3,3,3,5,4,4,3,4,5,5,3,4,8.5,9,27,508,1142,High School,1,Mobile Developer,99981
5,3,3,1,2,5,0,4,2,2,4,2,5,3,3,5,5,1,1,0,5,5,3,5,3,3,5,2,1,2,2,3,2,4,1,0,5,0,2,5,2,1,0,2,3,4,1,2,4,4,5,5,4,4,5,5,3,5,3,5,4,3,3,5.4,6,23,675,1406,Associate's,0,Data Scientist,109398
2,5,0,2,3,3,3,4,1,2,4,2,0,1,4,3,4,5,3,5,1,3,4,1,0,0,4,5,1,3,5,3,4,3,0,1,1,2,4,4,5,0,5,1,3,0,3,3,4,3,5,4,4,4,3,5,5,5,3,3,3,4,4,2.2,0,12,17,871,PhD,1,Data Analyst,65028
1,0,2,1,4,1,3,0,3,2,3,3,3,5,4,3,4,2,1,1,1,4,3,2,4,1,1,3,0,0,5,1,2,4,5,2,2,4,2,2,0,4,0,0,4,1,3,0,3,5,5,5,5,4,4,4,4,5,3,3,3,3,5,7.1,5,23,302,1472,Associate's,0,Mobile Developer,121580
0,3,3,1,4,0,4,4,1,4,3,1,4,0,3,2,1,0,5,0,4,5,5,5,0,1,0,3,1,2,5,2,1,4,0,1,3,2,1,3,3,2,2,1,1,4,2,2,4,3,4,5,5,4,4,3,5,5,3,3,4,3,4,0.3,0,6,20,113,PhD,0,Data Analyst,84245
3,2,2,1,2,5,2,4,3,2,1,5,0,2,5,3,3,2,5,0,4,2,5,4,1,3,4,1,3,3,3,0,5,2,1,3,4,4,5,4,3,0,5,5,2,3,4,5,4,3,5,4,4,5,4,4,5,5,3,5,3,4,3,6.5,7,28,454,1162,Associate's,0,DevOps Engineer,101038
3,5,2,5,5,0,1,2,1,4,4,3,0,2,1,4,5,0,5,3,4,5,0,0,5,2,1,5,3,1,3,1,1,4,4,5,5,5,2,5,4,0,3,2,2,1,0,1,4,3,5,4,3,5,5,3,5,4,3,5,4,5,3,8.9,9,29,605,1647,Bachelor's,0,Data Analyst,96993
5,3,5,1,3,5,3,2,2,1,3,0,4,2,1,5,2,0,5,1,3,4,4,2,2,1,2,2,0,4,5,5,3,5,4,1,0,5,2,0,3,3,0,0,3,3,4,5,5,5,3,5,4,4,5,5,5,5,5,5,5,5,3,6.9,7,21,577,1070,Master's,1,Data Scientist,94334
2,1,1,4,0,4,4,1,1,4,5,4,4,3,1,3,0,0,1,2,2,4,2,5,0,0,4,1,5,2,3,5,3,3,4,1,2,2,4,1,1,0,2,2,2,3,1,0,4,5,3,4,5,3,3,3,4,3,4,3,3,5,5,6.3,4,31,392,978,PhD,0,Data Analyst,93394
1,5,2,2,0,1,4,4,4,0,0,4,1,3,0,4,1,0,2,1,5,2,3,4,3,3,3,2,3,4,1,2,1,1,0,3,1,4,1,0,5,1,5,1,4,5,0,3,4,3,3,5,3,3,4,4,5,4,5,3,4,4,3,7.2,7,37,805,734,PhD,1,Frontend Developer,114568
5,2,1,1,1,5,2,5,3,4,5,5,5,5,1,2,1,1,1,0,2,2,0,4,0,4,1,5,4,0,5,1,1,0,1,0,2,0,5,3,3,3,5,3,2,2,4,5,5,5,4,5,4,4,3,5,5,5,5,3,4,5,3,5.4,2,28,109,587,PhD,1,Machine Learning Engineer,120365
1,4,3,4,4,3,1,4,5,5,0,2,5,1,1,2,2,4,3,0,3,3,3,1,4,5,0,4,4,0,3,5,4,3,5,3,3,1,4,5,1,0,2,0,0,5,2,4,5,3,5,4,3,5,3,5,3,5,4,3,3,5,3,4.9,6,16,329,1219,Master's,1,DevOps Engineer,84433
3,0,5,3,2,0,2,1,2,4,5,1,0,3,3,1,2,4,4,3,5,0,3,3,3,0,0,4,0,2,5,3,5,3,1,2,0,1,2,5,2,1,5,4,2,0,4,3,3,5,3,4,3,5,4,4,4,4,4,4,5,4,4,11.3,10,52,556,1536,Master's,0,Software Engineer,134819
1,2,4,1,5,4,4,2,4,0,5,5,4,2,3,5,1,5,4,2,4,3,3,5,2,3,3,1,2,1,4,3,3,0,4,2,1,5,0,5,1,1,2,5,1,1,1,4,5,4,3,5,3,4,3,4,3,5,5,3,4,3,3,6.7,8,31,722,1604,PhD,1,DevOps Engineer,110770
1,2,0,4,0,5,0,1,3,2,2,4,1,1,5,0,5,1,5,2,1,0,1,1,0,4,2,2,1,5,0,5,3,4,0,4,5,4,4,4,1,0,3,0,4,1,2,3,4,3,4,4,5,3,4,3,3,4,3,5,3,3,3,5.6,6,29,304,922,High School,0,DevOps Engineer,94713
2,3,4,0,0,1,0,5,2,4,2,3,3,4,0,5,2,3,5,4,5,0,0,3,3,4,4,2,3,4,0,4,5,4,0,0,0,4,4,4,5,4,0,0,1,4,3,4,5,4,3,4,5,4,5,4,3,3,3,5,5,4,4,6.6,4,29,538,1141,Bachelor's,0,Backend Developer,91310
4,4,3,1,1,5,2,3,2,2,2,0,2,3,3,5,1,3,2,4,2,2,0,3,2,3,1,0,2,2,3,0,1,0,1,4,2,5,5,0,1,2,2,1,5,4,0,1,4,4,5,4,3,4,5,5,5,5,5,3,3,4,3,7.5,8,26,713,1710,Associate's,1,Data Analyst,95848
5,3,1,5,0,3,2,5,2,3,2,4,2,1,5,3,3,2,4,2,5,1,4,3,0,0,4,0,4,0,2,0,1,2,1,1,1,4,1,5,3,1,0,2,5,0,5,2,5,3,5,5,3,5,5,4,5,5,4,3,5,3,5,9.0,10,31,862,1991,PhD,1,Software Engineer,103452
5,0,1,3,3,3,0,5,3,3,1,3,2,4,0,2,2,5,4,1,0,5,5,2,5,3,4,1,0,1,2,5,5,5,2,5,4,0,1,4,1,4,0,1,0,5,0,3,3,5,5,3,5,5,5,5,5,5,3,5,5,3,3,8.5,6,40,466,976,High School,0,Frontend Developer,97007
1,1,0,0,0,2,3,3,1,4,5,1,1,3,3,1,0,3,0,2,1,1,1,3,1,0,0,2,4,4,4,3,5,5,0,1,0,1,2,3,4,4,5,1,0,0,4,5,3,5,5,4,5,5,4,5,5,4,3,4,4,3,4,5.2,4,29,462,1074,Associate's,1,Data Analyst,72641
1,3,4,3,5,0,2,1,4,5,4,1,5,0,1,2,3,5,4,4,1,0,4,2,2,4,0,2,5,1,4,0,4,1,5,3,4,2,5,4,1,2,1,2,3,1,4,3,5,4,4,5,5,4,5,3,5,4,4,4,4,5,5,7.8,7,23,467,1501,PhD,0,Mobile Developer,106609
3,0,3,3,2,0,3,4,5,2,5,4,0,3,4,3,5,3,1,3,4,2,2,2,1,2,3,0,4,1,0,4,0,3,3,0,3,5,3,3,2,5,1,0,4,0,0,1,3,3,3,3,5,4,3,4,4,5,4,5,3,5,5,0.9,0,16,239,683,Bachelor's,0,Frontend Developer,75710
0,0,0,1,5,2,2,5,1,5,4,5,4,2,3,5,2,2,1,5,4,1,0,4,0,0,3,1,0,4,2,1,2,1,5,5,1,5,2,0,0,4,2,4,4,1,4,5,5,4,4,3,3,5,5,4,5,5,3,4,5,4,4,7.3,9,25,515,1560,Bachelor's,0,Machine Learning Engineer,126595
2,1,5,2,5,1,4,4,0,4,5,4,4,2,0,1,3,4,4,0,0,2,3,1,5,3,1,1,5,3,5,4,2,0,1,5,4,0,5,0,0,1,4,5,4,4,4,2,5,4,5,3,5,5,5,5,4,4,5,3,5,4,5,1.1,1,5,455,809,Associate's,1,Backend Developer,68647
2,1,4,3,2,0,1,1,4,2,2,3,0,4,4,3,2,0,0,3,0,0,3,5,2,5,1,4,3,1,3,4,2,5,2,3,4,3,2,5,4,1,5,5,3,3,3,0,5,5,5,4,5,3,4,5,5,4,5,3,3,4,5,6.5,6,26,642,957,Associate's,0,Full-Stack Developer,128473
5,0,1,5,1,5,0,2,3,5,0,1,1,3,1,2,1,3,2,1,1,2,1,2,0,1,1,2,0,4,3,4,0,0,5,0,4,3,3,2,0,2,2,3,0,5,1,1,3,4,4,4,3,4,3,3,3,4,5,4,3,5,3,0.8,0,16,45,499,PhD,1,DevOps Engineer,86810
0,1,1,1,3,4,5,5,1,2,2,3,1,5,1,0,2,1,5,1,2,3,2,0,2,1,0,4,3,4,1,5,5,1,1,4,1,4,1,2,3,4,4,4,0,4,2,0,4,5,4,4,3,4,3,3,4,3,5,5,3,3,5,-0.7,0,5,158,888,Bachelor's,0,Data Analyst,57310
2,3,4,2,4,0,5,1,1,3,4,2,2,3,4,2,1,4,3,1,3,0,3,5,2,1,4,4,4,0,5,4,3,4,2,4,4,2,3,3,0,0,4,2,4,1,4,4,5,5,3,4,4,4,4,3,5,3,3,5,3,5,4,8.5,12,39,1058,1523,Master's,0,Data Analyst,106057
4,1,1,0,5,1,3,0,5,3,5,2,5,5,5,5,5,0,4,0,5,4,4,0,0,2,3,1,4,5,3,3,0,2,1,3,4,1,4,5,2,3,5,5,5,3,5,1,4,3,5,3,5,4,5,5,4,4,3,5,5,5,3,4.5,6,28,370,1218,PhD,1,Data Scientist,123302
3,1,5,0,4,2,5,2,1,1,0,1,4,5,3,1,1,4,3,3,2,5,4,0,5,4,1,5,4,1,3,1,2,0,4,3,5,5,2,5,2,3,5,5,4,3,5,1,4,5,3,3,3,4,5,5,4,5,3,4,4,3,5,4.5,7,28,618,797,High School,0,Mobile Developer,87585
4,1,5,3,4,2,5,0,0,5,1,1,5,4,3,2,4,0,5,2,1,1,0,3,4,4,1,4,5,4,2,3,2,3,1,4,0,4,4,0,5,1,5,2,5,2,3,3,3,5,5,5,5,4,5,5,3,4,4,3,5,5,4,8.9,8,34,577,1453,Bachelor's,0,Full-Stack Developer,100124
2,0,1,4,0,0,4,1,5,1,5,1,2,3,4,3,1,4,5,0,5,5,3,4,1,1,2,3,1,1,2,3,5,5,2,3,0,1,3,5,1,1,4,1,5,1,2,4,4,4,4,5,3,3,3,5,3,5,5,4,5,3,4,6.8,6,23,488,1212,PhD,1,Data Analyst,67100
2,5,0,0,5,3,3,2,5,4,3,0,4,2,1,4,4,1,0,2,3,4,5,0,3,3,2,3,5,2,5,1,1,5,2,3,4,1,3,2,4,3,0,1,0,1,1,2,5,3,4,4,3,4,4,3,3,5,3,3,3,4,5,6.8,11,20,829,1297,High School,0,Data Scientist,123696
5,0,2,4,4,3,3,3,3,4,3,1,2,1,3,1,4,1,0,4,0,0,3,4,0,5,4,4,0,4,3,4,0,4,5,4,5,0,0,4,5,4,0,1,0,4,3,0,4,5,3,5,3,3,5,5,4,5,3,4,4,4,4,1.8,2,8,378,240,High School,0,Software Engineer,82815
3,3,0,2,4,2,3,0,4,3,0,4,0,3,4,3,4,0,2,0,0,3,0,4,5,4,3,3,4,1,3,0,1,0,4,3,2,2,0,5,2,1,3,4,4,2,2,5,3,3,4,4,5,4,3,4,3,4,3,3,5,4,3,2.8,5,11,266,1483,PhD,0,Frontend Developer,89121
1,3,3,0,2,5,0,5,4,2,2,0,5,4,2,0,3,5,3,5,0,1,4,3,5,5,5,1,2,5,3,5,1,3,2,4,5,2,5,3,3,3,0,1,4,2,1,4,4,4,4,4,5,4,3,3,4,3,3,3,4,5,5,8.9,6,36,790,709,Bachelor's,0,Software Engineer,102792
1,5,3,4,3,4,0,1,0,4,3,1,1,0,4,3,2,3,3,0,0,4,5,1,1,1,3,4,4,1,2,5,3,5,5,0,1,4,1,4,2,4,0,1,0,4,3,4,5,4,5,5,3,3,5,4,5,5,5,5,4,4,3,4.4,6,28,518,1490,PhD,0,Software Engineer,91604
0,1,4,3,1,5,0,1,4,0,0,5,1,0,1,1,0,5,0,3,4,5,5,4,3,4,3,2,4,1,2,1,3,1,5,5,1,1,5,1,3,0,3,5,5,5,5,5,3,4,4,4,5,5,4,3,3,4,3,5,5,3,3,3.3,0,19,291,836,Master's,0,Mobile Developer,62882
4,4,2,4,3,1,1,1,3,2,3,1,3,2,4,0,0,0,2,0,5,4,4,0,1,2,5,0,2,3,3,3,4,5,4,5,3,1,5,0,3,4,0,0,2,5,4,3,4,4,3,3,3,5,5,3,5,4,4,4,4,3,5,6.5,4,37,678,876,High School,0,Mobile Developer,114314
1,2,4,1,0,0,1,1,2,4,1,5,5,4,2,1,5,4,1,1,1,4,3,2,5,4,4,1,0,1,2,4,5,3,1,5,3,1,4,2,5,3,3,2,4,3,1,4,4,3,3,4,3,4,4,5,3,5,3,5,5,5,5,7.3,3,33,497,647,Master's,0,Frontend Developer,85586
3,1,2,0,4,1,5,1,2,0,3,0,4,3,1,1,1,3,5,2,1,4,4,0,5,2,4,2,4,4,5,5,0,0,3,1,4,0,2,0,0,3,2,5,3,1,2,5,5,3,3,5,4,4,3,4,4,5,3,4,3,4,5,5.8,4,20,412,1271,Associate's,0,Machine Learning Engineer,91398
4,5,0,0,5,4,3,5,1,2,5,3,5,0,5,1,3,2,5,2,2,2,4,2,3,2,2,2,3,2,3,1,0,3,0,4,1,2,0,1,2,2,1,2,3,2,2,3,3,4,3,5,3,3,3,4,3,5,5,5,3,3,4,9.6,9,36,745,1276,Bachelor's,0,Mobile Developer,130322
0,0,2,4,1,2,0,0,1,1,3,2,4,4,3,4,4,2,4,3,2,2,2,3,1,2,1,2,1,0,5,2,2,2,0,4,1,2,2,4,2,5,3,5,2,2,4,1,5,3,5,5,3,3,5,4,5,5,3,5,3,5,4,0.2,0,17,413,345,High School,0,Software Engineer,50768
0,1,2,5,4,2,2,5,1,3,0,1,2,1,4,0,0,1,0,0,0,5,5,0,5,4,0,5,1,5,2,4,5,2,3,3,3,2,1,0,5,0,1,0,4,5,4,4,3,4,3,3,3,5,5,5,5,3,4,5,5,3,4,13.6,16,56,985,2055,PhD,1,DevOps Engineer,124313
2,5,0,4,4,2,5,3,2,3,2,3,0,3,1,2,2,5,0,1,0,5,1,1,2,3,4,0,0,5,2,3,3,4,3,3,1,1,1,0,1,4,0,4,5,5,4,1,5,5,5,3,3,5,3,4,5,5,4,5,5,4,5,1.1,3,9,348,461,PhD,1,Full-Stack Developer,76449
4,0,4,3,2,3,0,4,4,1,2,1,1,4,1,4,3,1,1,2,0,1,1,0,0,3,1,1,0,3,5,5,5,1,1,0,5,3,5,4,5,2,3,0,0,1,0,5,3,4,4,5,4,3,4,5,5,4,4,4,4,3,4,0.4,0,7,458,784,Master's,0,Data Analyst,62803
2,5,2,0,3,5,2,0,0,5,2,5,3,2,2,5,1,1,0,3,3,0,3,5,5,5,5,2,0,0,4,1,4,1,2,5,4,4,1,4,5,2,3,4,0,5,2,5,5,5,3,4,5,3,3,4,3,4,5,5,3,3,3,0.2,0,10,121,348,PhD,0,Frontend Developer,78392
2,2,3,2,2,3,2,0,4,2,1,0,3,5,3,4,1,5,3,1,4,4,4,0,2,2,4,2,4,4,3,4,3,0,3,1,1,0,0,1,3,4,4,5,1,0,3,4,3,4,5,4,4,5,3,5,3,4,4,4,4,3,3,1.4,2,8,372,751,Bachelor's,0,Backend Developer,81225
1,2,3,4,3,2,2,5,4,3,5,2,2,0,4,0,3,0,4,4,3,4,3,1,5,4,3,4,0,3,2,2,3,2,0,4,4,3,5,2,2,2,0,0,2,3,1,0,3,5,4,5,5,5,5,3,4,3,4,5,5,4,4,6.9,4,29,339,970,Associate's,0,Full-Stack Developer,94076
1,0,3,4,5,2,4,4,1,3,0,0,3,2,5,1,3,3,1,5,3,4,3,4,0,0,0,4,1,0,4,5,2,1,2,5,1,4,0,1,3,1,5,2,0,1,4,4,5,4,4,5,4,5,4,4,5,5,3,3,4,4,4,6.8,8,29,744,1240,Master's,1,DevOps Engineer,101537
1,3,4,1,2,2,1,0,0,3,3,0,0,0,2,1,0,0,4,2,4,1,4,5,0,4,3,1,0,0,1,3,1,3,4,3,2,0,4,4,4,4,1,3,3,4,5,1,5,3,4,5,3,4,5,5,4,4,3,4,3,4,5,7.3,7,34,641,1162,Master's,0,DevOps Engineer,113076
4,4,0,3,3,1,2,0,3,3,2,3,3,2,1,2,1,5,2,4,4,5,3,0,0,2,1,4,5,4,5,1,4,3,4,2,3,3,3,4,4,4,1,0,0,0,1,3,4,4,4,4,4,3,3,4,3,4,5,5,5,4,3,6.8,7,30,538,1161,Bachelor's,1,Machine Learning Engineer,102698
3,0,1,4,5,4,0,3,2,3,3,2,2,5,1,3,0,2,3,3,1,2,3,5,1,5,2,1,0,5,2,4,5,5,3,2,5,0,1,0,1,4,2,2,5,3,2,5,5,5,5,5,3,5,4,5,5,4,4,3,3,4,4,5.2,0,28,356,416,Associate's,0,Machine Learning Engineer,123827
4,2,2,1,1,4,4,0,1,2,4,5,1,2,1,0,0,2,1,5,1,5,0,1,0,1,4,0,3,1,2,4,1,0,4,0,3,3,2,3,3,1,2,3,1,2,0,2,5,3,3,3,4,3,3,4,3,4,4,4,4,3,3,1.6,0,12,162,508,Master's,0,Full-Stack Developer,72852
2,0,3,5,4,1,3,1,5,4,2,4,2,1,0,4,0,5,4,1,1,0,2,3,5,1,5,4,4,1,0,0,4,2,5,4,3,3,5,4,2,1,1,0,1,1,0,2,3,5,5,4,4,4,5,3,3,5,4,5,3,4,5,7.1,7,34,467,1361,Associate's,1,Data Analyst,82153
3,2,4,2,3,0,0,2,5,2,5,3,3,1,3,4,3,1,0,5,5,5,4,3,5,5,3,1,5,3,2,5,2,2,4,5,3,0,2,0,1,4,5,5,3,4,2,1,4,4,3,3,4,5,4,3,4,3,3,5,5,3,5,4.6,3,31,526,1058,Master's,0,DevOps Engineer,103883
1,5,3,1,2,3,4,2,0,5,2,2,3,1,1,4,4,2,1,5,0,0,0,4,5,5,4,1,4,1,4,0,5,1,5,2,2,5,0,2,1,5,3,3,3,3,0,0,3,4,5,3,4,5,5,4,3,4,5,3,3,3,3,-2.4,1,11,135,341,High School,0,Full-Stack Developer,92585
3,2,1,0,3,0,3,0,0,2,2,0,5,0,4,5,1,5,3,2,3,3,1,0,1,1,3,3,1,1,0,3,0,5,5,3,5,0,1,3,3,1,2,2,4,3,1,0,4,5,5,3,3,5,4,4,5,4,5,3,3,5,4,11.7,10,50,689,1936,PhD,0,Frontend Developer,103162
4,5,5,4,1,1,2,4,4,0,0,1,5,4,1,3,3,4,2,3,3,1,4,1,0,2,3,3,5,1,3,4,4,2,1,1,0,3,1,3,2,0,3,2,3,1,2,2,5,5,4,4,5,5,5,4,4,5,4,3,3,3,4,6.1,6,33,565,1551,Master's,0,Machine Learning Engineer,127007
1,3,1,3,2,1,3,0,3,2,0,4,4,0,2,2,1,1,2,4,3,5,0,5,2,1,1,2,2,4,5,0,2,2,0,5,2,4,5,4,4,4,4,0,4,2,1,5,5,5,5,3,3,5,3,4,4,4,3,5,3,4,5,5.9,4,26,378,767,Associate's,0,Machine Learning Engineer,117761
0,5,3,1,4,0,3,5,2,2,1,1,4,5,3,4,1,5,4,5,5,1,0,1,3,0,4,0,3,3,2,1,5,0,5,0,5,2,2,2,1,0,5,0,2,4,3,4,3,3,5,3,4,4,5,5,3,4,4,4,5,4,5,4.5,3,20,325,429,Master's,0,Backend Developer,117561
5,4,0,4,5,1,2,0,2,4,0,1,4,2,0,4,5,0,3,1,4,4,4,3,4,0,1,2,5,1,3,4,2,2,5,4,2,2,0,3,0,1,5,2,2,5,5,2,4,5,4,3,3,4,3,3,5,4,5,5,3,4,4,11.4,12,47,1078,1816,Bachelor's,0,Mobile Developer,137565
2,5,4,1,3,5,4,2,0,3,3,5,3,5,3,5,2,2,1,0,4,4,3,4,4,3,0,2,2,4,0,3,3,5,1,5,0,0,1,3,3,1,0,3,3,2,2,0,5,4,3,4,5,4,3,4,5,3,4,3,3,3,5,6.5,6,22,522,1310,Associate's,1,Data Analyst,118321
0,1,2,2,5,3,3,2,5,0,4,5,5,1,3,1,2,3,3,1,0,3,4,2,0,5,1,2,4,3,0,3,4,4,3,0,1,2,5,2,1,1,0,5,5,2,5,4,3,4,5,5,3,3,5,3,4,4,3,4,4,5,5,7.1,7,26,606,1178,Bachelor's,0,Data Analyst,88097
4,0,0,3,0,4,0,2,0,3,2,5,0,3,4,5,3,1,4,3,5,0,1,1,2,4,4,5,0,5,0,1,2,1,3,4,2,3,3,3,0,5,1,3,0,2,3,0,4,3,4,5,3,5,5,5,4,4,3,5,4,4,5,7.4,9,36,794,1146,Bachelor's,0,Software Engineer,119770
2,5,3,5,5,3,4,4,0,3,0,5,4,4,1,2,1,3,2,2,5,0,1,1,5,1,4,5,1,4,0,0,4,4,3,2,2,4,3,0,1,4,2,4,2,4,3,5,3,5,5,5,3,3,3,4,4,5,5,4,3,5,3,3.2,1,24,373,1094,Bachelor's,1,Frontend Developer,60901
1,0,3,4,4,5,2,0,4,3,2,5,3,2,5,3,3,2,2,1,2,3,0,5,4,2,4,2,5,3,5,3,3,1,0,2,2,1,0,1,2,3,1,1,2,3,0,5,5,3,3,5,3,4,3,5,4,3,3,4,5,3,3,5.8,8,33,414,1174,Associate's,0,Security Engineer,100387
3,1,2,3,3,3,1,2,3,1,5,1,4,2,2,5,2,0,0,4,4,5,1,0,0,0,2,5,1,4,4,2,0,1,3,4,4,4,4,2,1,1,2,4,1,3,3,4,3,4,3,5,3,4,5,3,4,3,3,4,4,4,3,4.4,3,20,547,962,Associate's,0,Software Engineer,72657
1,1,2,4,3,1,3,4,5,1,4,4,5,0,1,1,4,0,0,4,0,2,3,4,3,3,5,0,2,4,4,5,2,2,3,5,2,5,5,4,2,5,2,4,3,5,5,1,4,5,4,3,5,5,4,3,3,5,3,5,3,5,3,8.9,8,43,888,875,PhD,0,Software Engineer,116188
2,5,4,4,2,2,2,2,5,2,2,3,1,0,5,5,1,3,4,3,4,1,1,3,1,0,3,2,2,4,5,0,0,0,4,1,0,1,4,3,3,3,5,3,3,3,3,2,5,4,4,3,3,3,4,4,3,5,4,3,3,4,4,5.6,0,32,120,147,High School,0,Security Engineer,75826
5,1,5,5,5,0,2,4,5,4,1,3,3,4,2,1,1,1,0,3,2,4,1,2,3,0,3,4,5,3,0,2,4,5,5,4,5,5,2,1,5,4,5,5,5,0,2,5,4,5,4,5,5,5,4,5,4,3,4,4,4,4,3,6.6,6,19,630,988,Associate's,1,Machine Learning Engineer,94180
3,3,5,2,0,2,0,4,1,4,4,2,4,0,5,1,4,1,1,3,5,1,3,2,1,3,2,2,5,2,3,0,0,0,1,0,3,1,4,0,5,1,4,5,2,5,4,2,5,3,4,3,5,3,4,5,4,4,5,4,4,4,3,6.5,5,32,356,1059,Master's,0,Data Analyst,95595
5,0,1,4,3,3,0,0,5,1,2,3,5,1,1,0,4,1,1,3,3,0,3,1,2,2,0,0,5,2,1,5,1,5,3,5,5,3,0,5,5,1,5,2,5,3,5,0,3,3,5,4,3,3,4,4,3,3,3,5,5,5,3,3.7,4,29,249,1000,Master's,1,Machine Learning Engineer,114469
3,3,1,2,0,5,0,3,1,0,1,3,2,3,4,2,4,0,1,3,2,2,1,4,1,0,4,0,0,3,1,3,2,4,1,0,2,0,3,4,1,5,4,3,3,3,2,2,3,3,3,5,3,4,5,3,3,3,5,3,3,3,3,4.8,6,28,307,1174,PhD,0,Mobile Developer,79991
4,5,5,2,4,0,4,2,3,3,2,2,3,5,0,0,2,3,1,4,5,3,0,2,2,1,3,1,0,5,2,4,5,1,2,2,4,2,4,1,2,2,0,5,3,4,2,1,5,5,5,5,3,5,5,5,3,4,4,3,5,3,4,7.8,4,33,337,1123,PhD,0,Data Analyst,111801
4,2,4,1,1,3,1,1,3,1,0,4,3,1,4,1,3,2,5,5,5,4,5,0,2,5,5,0,0,5,0,4,0,1,3,5,4,4,5,2,1,3,3,1,5,5,0,2,4,4,4,4,3,4,3,5,5,5,4,5,3,3,4,9.3,10,29,836,1099,PhD,0,Full-Stack Developer,111486
1,2,1,3,1,0,0,5,1,3,1,0,2,5,2,2,1,2,1,1,4,4,1,3,2,1,4,2,5,3,1,1,3,5,0,1,4,2,3,1,4,1,1,2,4,5,1,0,4,3,3,3,4,4,3,5,3,3,4,4,4,5,4,5.9,4,20,497,1204,PhD,1,Full-Stack Developer,81367
5,3,1,1,2,5,1,4,2,4,0,0,4,1,4,5,0,1,3,0,2,4,0,3,5,0,1,3,3,1,3,3,0,2,3,0,3,2,2,0,3,5,0,4,1,3,5,1,3,5,4,5,5,3,3,5,5,4,3,3,3,3,4,11.7,11,45,948,2063,Associate's,1,Software Engineer,106747
1,5,5,5,2,5,4,2,5,5,2,2,1,3,3,0,5,4,2,4,1,3,4,0,5,2,3,2,4,3,3,4,3,2,1,4,2,0,2,4,2,1,3,1,2,2,1,0,4,3,4,5,3,3,4,5,4,4,5,4,5,4,5,-0.3,0,17,91,648,Bachelor's,1,Software Engineer,74820
2,1,4,5,0,4,0,4,1,2,2,4,0,5,1,2,3,1,4,1,5,3,0,4,0,3,5,0,2,3,4,2,2,3,2,5,2,4,2,1,1,0,2,4,3,2,3,5,3,5,4,5,4,4,3,4,3,3,5,5,3,3,4,10.0,12,32,651,2063,Bachelor's,0,Security Engineer,93807
5,2,2,5,1,1,4,2,0,4,1,5,1,2,0,2,4,4,4,2,3,4,5,0,3,0,2,3,1,0,5,0,5,5,2,2,2,2,0,2,2,1,4,5,4,4,2,2,5,3,5,3,5,3,4,5,4,4,5,4,5,4,4,3.5,2,21,508,994,High School,0,Security Engineer,63261
2,1,2,0,2,2,0,0,1,5,1,5,0,5,5,0,1,2,4,4,4,4,1,2,1,4,4,5,2,2,1,1,3,1,3,2,0,2,0,0,2,4,4,0,5,1,3,1,4,3,4,3,4,5,4,5,3,5,3,4,5,3,5,10.6,11,32,635,1479,High School,0,Frontend Developer,114242
1,1,4,0,2,3,0,0,0,3,5,4,1,5,4,1,4,3,3,0,3,3,5,2,4,0,0,2,2,2,0,4,5,5,2,0,0,3,2,2,3,4,1,2,5,5,0,3,3,4,3,4,3,3,3,3,5,4,3,4,4,3,4,5.4,4,16,233,1072,High School,0,Data Scientist,102160
2,3,0,1,0,1,0,4,1,4,5,0,3,0,2,1,3,4,0,5,3,3,3,5,3,2,0,1,0,2,3,2,4,1,3,5,5,3,3,1,2,5,4,3,5,4,3,0,5,4,4,3,5,4,3,3,5,3,5,3,3,4,4,8.9,8,45,568,1359,Master's,1,Data Analyst,91536
1,0,0,4,5,0,5,4,1,0,0,1,4,2,5,0,5,1,1,0,5,5,3,1,3,3,5,3,2,5,2,2,3,0,4,2,2,1,1,3,2,5,0,5,0,0,0,4,3,3,3,4,3,3,4,5,3,4,5,4,4,3,4,9.0,10,45,542,1392,Master's,0,Full-Stack Developer,105631
3,0,2,5,5,0,2,5,3,3,4,3,0,4,4,5,4,5,2,1,5,2,4,2,4,4,1,4,1,5,4,5,4,5,1,5,1,5,1,3,5,2,5,1,2,4,3,1,5,5,3,4,3,4,4,5,4,5,5,5,5,5,5,10.2,9,45,770,1303,Associate's,0,Data Analyst,115956
2,0,3,4,1,2,0,1,2,4,2,0,4,1,5,3,0,0,3,4,2,3,2,5,4,1,5,2,0,2,1,5,4,2,1,1,3,0,1,1,3,2,4,4,5,1,1,5,5,4,3,4,4,4,4,4,4,4,4,3,3,4,4,7.0,4,29,497,477,Master's,0,Data Scientist,116568
3,1,4,3,1,0,0,2,5,0,0,5,0,5,2,0,3,5,0,3,2,5,2,1,5,1,1,1,2,4,2,1,0,0,2,5,4,2,1,1,3,3,1,2,2,3,4,2,5,5,3,3,3,4,5,3,3,4,5,4,5,5,5,3.2,1,14,380,358,Bachelor's,0,Software Engineer,68858
2,3,2,4,5,1,0,5,5,0,3,5,5,4,4,3,4,0,3,1,1,1,0,4,4,0,2,3,4,1,2,5,5,3,4,4,5,5,1,5,1,2,3,0,1,2,1,3,5,4,5,3,4,5,5,5,3,3,4,5,4,5,5,5.1,4,34,504,1320,Bachelor's,0,Data Analyst,78285
1,4,1,3,3,4,5,3,1,1,5,5,4,4,0,5,0,2,2,2,5,4,0,0,1,3,1,5,3,0,5,0,0,4,1,2,2,2,1,0,1,2,4,5,0,4,2,2,5,5,5,5,4,5,3,4,5,4,3,4,4,5,5,3.3,3,17,456,764,Master's,0,Machine Learning Engineer,95676
2,3,1,3,1,4,3,4,0,2,1,4,2,5,2,5,2,0,2,4,1,1,0,3,1,0,3,5,4,1,3,3,5,1,0,0,5,5,4,3,3,1,0,3,0,4,2,2,3,5,5,3,5,3,3,4,4,3,3,3,4,5,4,5.7,4,34,351,857,Associate's,0,Frontend Developer,122008
5,2,0,5,5,5,2,1,0,5,3,4,2,4,3,4,2,5,5,2,3,3,3,4,0,5,3,0,5,4,0,1,0,4,5,3,2,0,4,4,1,5,2,0,1,5,1,5,4,5,4,3,3,4,5,4,3,3,3,3,4,4,4,4.6,4,28,672,864,Associate's,0,Data Scientist,105704
4,0,0,0,2,4,3,2,4,3,4,5,1,5,5,1,5,0,0,2,3,5,3,0,4,1,2,1,0,4,1,4,3,2,0,1,3,4,4,1,2,2,0,0,4,3,2,2,5,5,4,4,3,5,4,5,3,4,3,4,4,4,5,2.2,1,10,180,825,Associate's,0,Security Engineer,58812
5,3,3,1,5,0,1,2,2,5,5,0,4,1,1,4,5,0,4,1,1,0,3,5,1,4,3,0,4,2,4,4,2,3,3,3,5,0,4,3,3,3,4,5,0,5,1,2,5,4,3,4,4,3,4,4,4,4,3,4,5,5,5,6.6,7,28,360,742,High School,0,Security Engineer,82350
1,2,3,5,2,3,2,3,1,5,4,1,1,2,3,4,5,4,0,0,1,3,0,2,3,4,5,0,2,1,5,1,5,2,5,2,4,3,4,3,3,4,4,0,3,2,0,4,5,3,4,5,5,5,3,4,5,3,4,4,3,4,4,1.2,0,12,415,119,Master's,1,Machine Learning Engineer,115013
4,5,1,2,0,2,5,2,4,4,2,2,2,0,2,1,2,1,5,4,4,5,4,5,2,0,0,3,4,5,4,5,4,4,4,4,4,0,5,0,2,4,0,4,4,5,0,2,5,5,3,5,4,4,4,3,5,5,4,3,3,5,4,3.3,0,14,361,750,High School,1,Data Scientist,93691
5,3,5,4,1,3,0,5,1,5,0,1,2,2,0,4,1,1,0,4,0,4,1,0,2,3,2,0,3,5,0,0,2,1,5,3,1,5,1,3,0,1,4,5,2,3,5,5,4,4,4,4,5,3,5,3,5,4,5,3,4,3,4,8.6,7,30,750,938,Bachelor's,0,Data Analyst,90820
0,2,3,5,3,4,5,4,4,4,0,2,4,0,2,0,4,3,4,1,2,1,4,4,5,3,5,2,5,2,2,2,4,5,5,0,5,4,4,0,3,5,4,4,3,0,4,4,3,4,3,4,4,3,5,4,4,3,3,4,3,3,3,5.9,5,24,315,581,Associate's,1,Data Analyst,76392
1,5,4,3,0,1,4,2,0,4,1,2,0,1,3,1,0,2,1,2,0,4,3,2,0,5,5,3,4,2,2,2,5,0,3,5,4,4,3,5,4,4,1,2,4,1,1,5,3,5,5,5,4,3,3,5,3,3,4,3,4,5,4,4.7,0,30,325,450,PhD,1,Mobile Developer,93288
4,3,5,4,5,0,3,1,3,0,3,2,3,1,3,0,3,5,5,2,1,2,4,5,2,0,3,4,5,0,3,0,4,4,1,1,5,4,4,4,1,5,4,0,4,5,5,4,4,5,4,5,5,5,4,3,4,4,4,3,4,5,4,8.3,10,29,960,1902,PhD,0,Full-Stack Developer,152233
2,4,0,3,5,1,2,0,0,0,5,2,5,1,4,5,4,1,3,4,3,2,4,0,2,0,4,5,2,5,3,0,3,1,2,4,3,0,4,5,2,3,3,4,0,2,5,2,3,5,5,4,3,3,5,5,3,4,3,4,3,3,3,4.0,4,14,202,1152,Associate's,0,Backend Developer,100570
0,4,5,0,4,5,5,1,5,0,3,1,5,5,4,1,5,4,3,0,5,5,0,0,0,4,0,1,0,2,4,1,3,1,1,3,4,1,4,4,4,4,3,5,4,2,0,0,3,3,5,3,3,4,5,3,4,5,3,5,5,3,5,3.8,6,17,353,1228,Master's,0,Data Scientist,75645
5,0,1,5,3,1,5,1,2,4,3,0,4,5,0,2,4,4,2,5,0,5,0,1,4,4,1,3,5,4,4,1,5,0,3,4,5,2,1,1,2,1,5,3,3,1,1,0,4,3,3,4,3,5,3,4,5,3,5,4,4,3,3,3.8,9,27,753,1336,PhD,0,Frontend Developer,80321
0,4,0,0,5,5,2,4,0,4,2,5,5,2,4,1,0,1,0,5,2,4,4,2,0,3,2,5,2,3,2,3,0,5,0,4,4,2,4,2,5,4,4,5,1,3,1,4,5,5,5,3,4,4,5,3,5,5,5,3,5,3,4,-0.3,0,0,407,671,PhD,0,Data Analyst,59905
2,4,4,0,0,2,2,3,2,3,4,2,3,0,2,3,1,2,2,3,2,4,3,2,1,4,1,1,4,4,1,0,1,0,5,0,0,1,2,4,2,3,5,2,5,0,5,2,4,3,3,4,3,3,4,5,3,3,3,4,3,3,4,7.7,5,24,503,1147,Bachelor's,0,Data Analyst,77124
2,0,2,2,2,0,0,0,5,4,5,4,3,1,4,4,3,1,4,0,0,3,0,3,4,2,2,4,0,5,0,0,4,5,3,3,0,4,2,2,0,2,4,2,1,0,4,0,5,5,5,4,4,4,5,3,5,5,5,5,4,4,5,4.2,3,25,387,777,Master's,0,Machine Learning Engineer,119788
2,0,2,2,2,4,4,4,4,1,5,0,0,2,2,5,5,5,1,3,5,5,4,3,2,0,3,0,5,0,5,0,3,3,1,0,4,2,0,1,0,5,5,1,5,0,5,3,3,5,4,5,4,4,4,3,5,3,4,4,5,4,5,1.6,2,20,381,440,Bachelor's,0,Full-Stack Developer,90532
3,3,4,0,1,0,2,2,2,2,4,1,1,4,4,5,1,3,3,5,2,2,5,0,3,4,1,2,2,1,3,1,4,2,2,2,3,4,5,2,5,2,1,1,4,4,5,1,3,5,3,5,5,3,5,5,3,5,4,4,5,4,5,5.2,4,23,245,548,High School,0,Data Scientist,96584
0,0,0,0,2,0,1,2,5,2,2,1,2,5,3,3,3,0,3,3,0,2,4,5,0,1,0,5,0,1,0,2,3,5,1,4,3,4,3,0,1,4,4,3,1,0,3,3,4,4,4,5,5,4,5,5,4,3,5,5,5,5,5,8.2,7,40,478,1006,Associate's,1,Security Engineer,81232
1,5,5,1,4,4,0,3,3,1,3,2,5,1,1,0,3,5,5,5,4,5,1,4,1,1,3,4,4,1,2,5,5,1,1,3,2,3,4,4,5,0,5,3,3,2,4,3,4,3,3,5,5,3,3,5,4,5,4,3,3,3,3,6.2,3,20,417,633,Master's,1,Machine Learning Engineer,92026
5,1,2,2,4,0,1,4,2,2,3,1,3,2,0,5,5,3,0,2,1,2,2,4,0,1,3,0,4,5,3,3,1,4,5,4,2,4,1,4,2,3,5,2,2,1,5,2,3,4,4,4,5,3,5,3,4,5,4,3,5,5,3,10.0,11,31,916,1835,High School,1,Security Engineer,113180
5,2,1,3,5,4,3,2,2,2,0,2,1,0,2,2,4,2,0,0,5,5,3,4,2,4,2,0,1,4,1,1,3,4,5,1,1,5,4,3,3,3,0,1,3,5,1,3,3,4,4,5,4,3,3,3,3,5,3,4,4,3,5,5.4,7,17,463,1231,High School,1,Full-Stack Developer,95406
5,0,2,5,3,1,0,4,3,5,0,5,2,1,3,5,1,5,5,5,1,3,0,1,0,4,2,1,5,1,2,1,2,5,2,0,2,4,4,5,3,2,1,1,1,1,1,3,5,5,5,4,5,5,3,5,5,3,4,3,5,4,3,2.3,0,8,318,597,Bachelor's,1,Frontend Developer,78455
1,4,4,1,5,0,4,3,3,3,3,3,4,1,4,1,4,3,3,0,2,1,1,0,0,3,2,1,2,4,0,5,2,4,4,5,1,1,5,3,5,3,3,0,2,5,3,4,3,3,4,4,5,3,3,3,3,5,4,4,3,3,5,7.6,8,40,507,875,Master's,1,Full-Stack Developer,107289
2,3,2,0,4,1,1,5,5,0,3,0,3,5,0,4,0,2,1,0,1,0,3,5,0,4,2,2,5,3,1,5,0,2,2,0,4,3,0,1,5,4,0,1,1,0,0,1,3,4,4,3,3,5,4,4,5,5,5,4,3,4,4,5.4,2,29,577,253,Associate's,1,DevOps Engineer,86019
1,0,3,5,4,5,5,0,5,3,1,1,2,0,3,5,2,5,4,1,3,0,3,4,1,1,3,5,4,3,2,1,2,3,1,1,1,1,2,1,0,2,4,4,1,0,5,1,3,4,3,4,5,3,3,5,4,4,5,4,3,3,5,5.4,6,17,733,851,Master's,0,Data Analyst,81441
1,5,2,1,1,4,1,1,1,5,4,0,5,3,5,0,2,0,4,4,0,4,4,1,1,5,0,5,5,0,1,0,5,4,0,1,2,4,4,3,0,0,5,2,4,2,0,5,5,3,5,5,3,3,5,3,3,4,5,3,4,5,5,10.9,8,47,874,1143,Master's,1,Full-Stack Developer,115284
2,1,2,0,2,4,3,0,4,1,0,2,4,3,1,1,2,5,4,5,1,3,1,0,0,4,4,2,0,3,4,3,3,5,2,0,3,3,2,2,5,0,1,4,3,2,1,5,3,4,3,4,3,3,4,4,4,3,4,4,4,4,5,7.7,7,24,603,1163,PhD,0,Frontend Developer,109344
4,0,1,4,4,3,2,4,4,0,0,0,4,4,4,0,0,5,4,3,0,1,0,4,2,2,2,5,5,2,4,4,4,2,3,4,5,0,3,1,5,4,5,2,2,1,1,0,5,5,5,4,4,3,4,3,3,5,5,4,3,3,5,0.0,0,18,3,813,Bachelor's,0,Backend Developer,51905
2,1,3,1,3,1,1,1,0,0,2,0,4,4,1,3,2,4,2,4,2,2,2,0,5,2,2,5,5,4,0,5,4,2,3,2,4,3,1,2,3,3,5,3,5,2,3,5,5,5,5,3,5,3,5,5,4,5,5,3,3,3,4,2.5,2,20,534,341,Associate's,0,Machine Learning Engineer,103050
1,3,2,0,2,1,0,4,1,1,3,2,0,2,0,1,2,4,3,1,3,3,5,4,1,0,3,3,5,0,0,3,5,3,0,0,1,3,1,5,1,4,1,2,3,4,4,5,5,5,5,3,4,5,3,3,4,3,4,5,4,5,4,8.5,9,38,490,1039,Bachelor's,1,Backend Developer,119520
4,1,3,1,2,2,5,2,4,4,5,4,1,5,2,1,4,2,4,4,1,5,2,2,3,1,5,2,3,4,1,0,2,4,1,0,0,0,1,0,5,1,4,5,1,5,0,5,4,3,5,4,4,3,3,5,3,5,5,3,4,3,5,4.5,4,30,426,635,PhD,0,Machine Learning Engineer,92585
0,0,4,4,0,0,3,3,3,3,0,0,3,0,0,2,5,0,2,2,4,1,2,3,2,5,5,4,3,1,5,1,0,4,5,4,3,0,1,3,3,2,3,0,1,1,5,5,4,4,3,3,5,3,4,3,5,4,5,4,5,4,4,3.5,0,11,396,818,Associate's,0,Full-Stack Developer,87931
0,2,4,2,2,2,2,1,1,5,1,2,0,3,4,0,2,2,5,0,2,0,0,0,4,1,3,5,3,1,2,3,5,0,4,5,4,0,2,3,2,2,0,3,1,3,1,5,4,3,5,5,4,5,5,3,5,3,3,4,3,3,4,-0.3,0,6,458,891,PhD,0,Backend Developer,65589
3,4,1,2,1,0,1,4,3,0,1,5,4,4,5,0,2,1,3,4,0,0,0,0,4,2,0,0,1,5,4,1,2,5,1,4,0,3,1,3,3,0,5,2,3,0,5,5,4,5,3,3,5,5,5,3,4,3,5,5,3,3,5,3.0,3,15,392,1193,Associate's,0,Machine Learning Engineer,96481
1,2,4,5,5,3,4,2,4,3,5,0,2,0,1,2,5,5,1,2,1,2,2,0,4,4,1,0,4,0,1,1,1,3,2,1,0,3,4,2,3,1,0,2,1,4,2,1,5,5,3,3,4,4,4,5,3,5,3,5,5,4,3,3.7,1,29,311,530,High School,1,Data Analyst,97759
5,1,1,2,0,2,3,2,1,5,3,5,2,4,5,2,3,1,4,0,4,1,0,1,3,2,3,1,3,0,0,3,4,5,4,2,5,1,5,3,3,2,2,4,0,4,3,1,4,4,4,5,5,3,4,4,5,5,4,4,4,5,3,4.5,5,17,722,939,High School,1,Software Engineer,91348
5,3,5,4,0,1,1,1,0,4,0,3,0,1,2,2,4,1,5,5,3,4,2,2,4,2,3,2,5,3,2,1,3,3,2,3,3,5,4,5,5,1,0,5,5,5,3,4,3,4,4,5,5,3,3,5,4,4,5,5,3,4,5,5.4,6,24,667,1236,Bachelor's,0,Data Scientist,114683
0,3,1,1,1,3,5,1,3,4,5,3,5,5,3,5,1,2,1,5,2,0,0,3,3,4,2,3,1,5,5,1,0,2,5,3,2,4,5,5,1,2,1,1,1,1,4,3,3,3,3,5,3,5,5,5,3,3,3,3,3,4,5,4.0,1,16,349,216,Bachelor's,0,Machine Learning Engineer,89317
0,0,3,2,5,5,0,0,2,5,5,0,5,1,0,1,2,3,5,5,1,1,0,1,5,1,3,5,3,5,3,2,5,5,4,1,0,4,4,4,2,1,0,2,4,4,0,3,5,3,3,5,5,3,3,5,3,3,3,3,4,5,3,2.9,0,25,5,884,High School,1,Mobile Developer,106162
3,0,3,2,0,1,3,0,4,4,2,5,5,4,3,0,5,5,4,1,5,5,4,3,3,3,5,4,3,5,3,2,4,2,3,2,3,4,2,3,4,0,1,2,5,4,1,0,3,4,5,5,3,5,4,3,3,4,5,5,4,4,5,4.3,5,30,506,1171,PhD,0,Mobile Developer,113146
0,4,1,5,5,1,4,0,3,1,4,0,2,0,3,4,0,2,2,3,2,5,4,5,3,2,2,1,4,5,3,1,3,1,3,1,0,4,1,0,5,4,2,0,0,5,5,5,3,4,4,5,3,5,3,4,4,3,3,5,4,3,5,1.8,1,23,305,330,PhD,0,DevOps Engineer,87256
4,3,0,3,4,5,1,3,5,2,3,2,5,2,3,3,0,1,2,3,4,1,2,4,2,2,0,5,2,4,3,5,0,5,0,5,2,0,4,3,4,0,5,2,2,2,2,5,5,3,4,4,5,3,5,4,3,5,4,3,3,5,4,3.5,4,24,397,1271,Bachelor's,0,Software Engineer,51611
4,2,3,2,4,4,0,5,4,4,4,1,0,0,2,1,5,5,1,1,2,3,0,2,5,4,5,5,0,2,2,5,3,5,5,5,4,1,4,2,3,1,1,2,2,4,5,1,5,3,4,4,3,5,3,5,4,3,5,5,3,4,5,7.8,8,34,589,1467,PhD,0,Frontend Developer,94554
5,3,4,1,2,2,3,3,1,0,0,1,0,1,1,0,2,4,3,1,1,3,2,3,5,0,0,5,3,0,4,0,3,4,1,1,2,5,3,2,2,3,0,3,5,0,1,5,3,5,4,4,4,4,3,5,5,3,4,4,3,5,4,8.0,11,37,695,1428,Bachelor's,1,Software Engineer,103989
3,5,5,4,1,3,1,0,4,0,2,2,5,4,2,5,4,3,3,0,2,2,1,0,4,4,2,4,2,4,4,0,5,0,1,1,3,1,0,5,5,4,5,3,4,4,2,1,5,3,5,4,3,4,3,5,3,5,5,5,4,3,3,1.6,0,14,407,935,Bachelor's,0,Frontend Developer,57667
5,3,0,5,3,3,0,3,4,4,0,1,0,0,1,0,5,0,2,2,2,4,4,1,2,3,4,1,0,4,0,4,4,4,0,1,0,3,3,3,1,3,3,4,3,1,1,0,5,3,4,3,4,4,5,5,4,3,3,4,5,4,5,4.3,5,26,288,984,Bachelor's,0,DevOps Engineer,97291
1,4,1,5,1,3,4,1,2,1,5,4,5,0,1,1,1,4,3,3,2,4,5,4,4,4,1,5,0,5,5,2,0,4,3,4,0,3,3,0,3,5,4,1,1,5,2,4,5,4,3,3,3,3,5,3,3,5,5,4,3,5,4,6.8,8,35,734,1189,PhD,0,Full-Stack Developer,82296
5,1,1,3,0,5,1,1,4,5,3,4,5,4,1,4,5,4,5,5,1,3,1,5,0,5,4,1,2,5,4,4,4,4,1,2,1,4,2,4,0,4,3,1,2,4,3,4,3,5,5,4,4,4,3,4,5,3,5,5,4,4,5,-4.8,0,-12,185,990,High School,0,Data Analyst,50000
3,5,3,0,1,3,4,4,1,2,5,4,5,3,0,1,3,4,4,4,1,1,4,3,2,4,1,0,5,4,5,0,4,1,4,5,2,4,2,3,2,2,5,0,2,1,0,0,5,3,4,3,3,5,5,3,3,3,3,4,3,3,4,4.2,2,12,276,1060,Bachelor's,1,Frontend Developer,84745
3,3,0,2,3,1,3,0,2,5,1,3,2,5,3,1,3,5,2,5,4,3,4,3,3,3,2,3,1,5,1,4,2,2,2,2,0,1,3,5,4,0,5,4,3,2,5,0,4,3,4,3,5,3,4,5,3,5,5,4,3,5,5,7.1,7,24,816,1483,Master's,0,Machine Learning Engineer,117560
0,5,2,5,3,4,0,3,3,0,0,5,0,4,0,3,3,3,2,5,4,2,3,0,5,1,2,0,2,3,3,3,1,1,0,3,3,1,0,4,4,0,1,2,1,4,5,1,3,5,3,5,4,4,5,3,3,3,3,4,4,5,5,3.8,2,25,218,1030,PhD,0,Security Engineer,97251
5,0,3,5,2,5,3,2,4,5,4,3,2,3,2,0,0,4,5,3,5,3,0,2,5,3,5,0,4,4,0,3,1,3,1,1,3,1,2,2,2,5,2,5,4,5,1,1,4,3,4,5,3,5,4,5,5,3,3,4,4,3,4,5.5,5,26,327,1486,Bachelor's,0,Data Scientist,89225
1,0,2,2,4,1,1,3,4,1,2,2,4,2,5,3,3,2,0,1,1,4,0,1,0,3,3,4,0,2,5,2,0,4,2,3,2,1,1,4,3,4,5,3,1,2,0,0,3,5,4,5,3,4,3,5,5,4,3,4,5,5,4,4.3,7,28,544,1313,PhD,0,Frontend Developer,90888
3,2,1,1,2,5,2,0,1,5,4,3,0,2,4,4,2,1,0,1,0,4,3,0,0,1,4,5,4,1,4,2,5,4,0,2,3,1,1,4,2,5,5,2,4,4,3,3,4,3,5,5,3,3,5,4,5,4,4,3,4,5,5,0.9,0,5,405,212,Bachelor's,1,Security Engineer,57859
3,4,3,2,4,1,5,2,5,4,0,2,3,0,1,3,1,3,3,3,5,3,2,4,4,5,5,0,3,5,0,5,3,5,2,2,4,5,3,2,5,3,0,4,3,5,2,0,3,3,4,5,5,5,3,4,3,5,4,4,5,4,3,7.8,9,25,685,1139,Master's,0,Backend Developer,86108
4,4,1,0,5,0,5,4,4,1,3,4,3,5,3,3,0,2,0,4,4,0,2,0,0,0,4,4,0,3,1,1,3,5,4,4,5,2,1,0,4,0,0,4,5,4,5,5,3,5,3,5,3,4,4,4,4,4,3,4,3,3,5,2.3,2,15,463,1003,PhD,1,Mobile Developer,78166
5,0,5,2,1,2,2,5,2,2,3,4,0,0,2,5,1,1,2,5,4,4,2,5,4,2,1,1,5,1,5,2,1,3,2,5,4,2,4,4,2,1,4,0,1,1,4,2,4,5,3,4,5,5,4,4,4,4,3,3,5,3,4,1.2,1,15,496,507,PhD,0,Mobile Developer,74231
3,2,4,4,3,4,1,4,3,1,0,2,2,0,1,1,3,2,3,3,5,3,0,4,4,3,5,2,4,5,1,1,4,1,2,2,4,0,2,2,0,1,4,5,4,2,4,5,4,4,4,4,4,3,3,4,5,5,3,3,4,4,5,6.6,6,22,449,1222,Associate's,0,Data Analyst,82502
5,1,3,1,2,4,4,4,4,1,4,2,1,5,2,1,2,2,5,4,4,2,0,1,0,5,1,2,0,4,3,3,5,2,0,1,4,5,3,0,2,0,4,2,3,4,3,4,3,5,3,4,4,5,5,3,5,3,5,3,3,4,3,1.0,2,7,130,307,Associate's,0,Backend Developer,71993
2,1,2,3,3,0,3,3,5,1,0,5,1,1,0,0,5,2,4,0,0,5,1,0,1,0,0,2,2,2,0,3,3,0,0,0,2,1,1,4,0,3,3,5,5,0,4,0,3,3,4,4,5,4,5,4,3,3,5,4,3,5,4,1.2,4,17,469,686,PhD,0,Software Engineer,50000
4,1,4,1,1,2,5,2,1,5,5,2,2,3,3,0,0,2,1,0,0,5,0,2,1,0,2,2,5,1,2,1,1,4,5,5,5,4,2,0,0,4,5,5,5,4,4,1,5,5,5,4,3,5,4,3,4,5,4,5,3,5,4,4.1,4,31,541,910,Bachelor's,1,DevOps Engineer,78365
3,0,5,2,5,3,2,5,2,3,4,2,3,4,4,1,5,4,5,0,5,3,1,1,0,1,5,5,5,1,5,3,4,4,0,2,5,4,2,4,5,3,4,4,4,5,1,3,5,3,3,4,3,3,5,3,3,5,3,3,5,4,4,1.1,2,17,216,360,Bachelor's,1,Data Scientist,85057
0,2,5,5,5,1,0,0,4,0,0,0,5,2,1,3,1,3,2,1,2,2,1,1,2,0,3,5,4,5,2,4,1,2,0,1,3,5,5,2,2,5,0,2,1,1,0,2,3,4,4,4,3,3,5,5,3,3,5,4,3,3,4,0.8,0,10,346,783,Master's,0,Software Engineer,73504
5,4,5,5,4,4,3,0,1,4,0,1,4,1,4,1,3,5,3,4,2,0,5,5,4,0,2,2,0,3,0,0,5,0,0,1,5,4,0,4,4,1,0,2,4,5,1,0,5,5,4,4,3,5,4,5,4,4,4,4,4,4,3,6.3,5,30,306,869,Bachelor's,0,Full-Stack Developer,109113
4,0,4,2,2,0,0,5,0,4,2,5,3,1,5,5,1,2,2,3,4,5,1,4,5,3,1,0,0,1,5,3,4,2,5,3,1,0,5,4,1,4,3,3,3,4,4,1,4,5,3,4,4,4,5,4,5,4,4,4,3,4,5,4.9,2,22,343,721,Associate's,0,Security Engineer,95411
5,4,5,4,3,5,4,3,5,1,3,0,0,2,3,5,3,0,5,2,0,0,3,2,2,2,1,2,0,0,0,2,1,4,5,2,3,2,4,3,3,1,2,4,5,3,0,5,3,3,3,5,5,4,4,4,4,5,3,3,4,4,5,3.4,0,27,361,933,Master's,0,Mobile Developer,120357
0,3,3,3,3,4,3,1,5,3,0,2,1,2,3,2,5,3,5,4,1,4,5,2,1,5,2,5,1,2,1,1,3,2,3,2,3,3,2,0,1,4,3,3,0,0,3,2,3,3,3,3,3,4,5,3,3,4,3,3,3,3,3,2.6,1,25,220,258,PhD,1,Backend Developer,92386
3,2,1,5,1,4,2,2,0,0,5,1,0,2,5,3,0,3,3,3,5,0,0,5,5,5,5,4,1,3,1,4,4,1,5,1,2,2,3,5,5,3,0,1,1,1,2,1,3,5,5,3,4,3,5,5,3,5,3,4,5,5,4,6.9,5,36,715,503,Associate's,0,DevOps Engineer,92638
4,2,5,5,5,0,4,5,0,1,5,2,2,0,1,5,1,4,3,5,4,1,0,0,2,4,3,0,2,2,1,0,1,5,1,4,4,5,4,3,4,0,2,0,5,5,2,0,5,4,5,3,3,5,3,3,4,4,3,3,4,4,5,4.1,2,22,109,607,PhD,1,Frontend Developer,84473
0,3,3,2,2,2,1,1,5,5,3,5,4,5,2,2,4,1,2,1,3,4,3,2,2,4,3,2,3,1,0,4,3,0,3,0,5,2,5,1,3,1,3,2,3,0,4,5,3,4,3,3,4,4,3,5,4,3,3,5,5,3,5,8.7,12,32,887,2151,PhD,1,DevOps Engineer,112553
0,0,5,1,3,2,4,0,4,5,3,2,2,2,2,0,0,2,1,4,1,2,5,4,5,3,3,0,5,5,3,5,2,5,3,3,2,3,4,1,1,3,0,0,3,0,2,1,4,4,3,5,4,3,3,5,3,5,5,5,5,5,5,5.8,4,17,593,954,Master's,1,Security Engineer,84275
4,3,1,5,3,3,4,4,2,5,3,0,0,1,0,4,4,5,5,1,2,0,0,0,4,1,5,4,1,2,4,5,3,0,5,2,5,4,3,4,3,5,1,0,2,1,2,1,4,3,4,3,4,5,4,3,4,4,3,3,4,5,5,4.4,5,20,302,1352,Master's,0,Mobile Developer,68282
4,2,4,2,1,5,3,5,3,4,2,2,0,5,1,4,1,2,1,1,0,1,3,5,1,0,0,4,2,3,3,3,5,0,5,2,4,3,1,3,4,5,3,3,0,0,0,3,4,4,4,3,3,4,3,4,3,4,4,4,4,3,4,3.0,2,10,155,340,PhD,1,Security Engineer,97986
3,3,0,4,5,5,2,5,4,3,0,0,0,0,4,3,5,0,2,0,1,5,2,2,5,1,1,5,0,4,3,0,2,2,2,0,5,4,4,4,4,3,4,0,2,1,0,2,4,3,5,5,4,4,3,5,4,4,4,3,4,3,3,4.9,6,15,675,650,PhD,0,Mobile Developer,97715
4,4,1,4,2,5,5,0,4,3,4,0,4,5,4,4,4,5,0,5,3,1,0,1,1,3,3,3,2,5,5,0,3,4,4,0,1,2,2,4,4,3,4,1,0,1,2,5,5,5,3,4,4,5,4,4,4,3,4,5,4,3,5,3.1,1,26,453,654,Master's,0,DevOps Engineer,96998
1,5,1,2,0,1,2,3,5,2,0,3,0,1,1,2,5,2,5,2,0,1,2,1,1,0,1,0,4,5,3,0,1,1,4,2,5,0,5,3,3,0,2,4,3,4,4,4,3,3,5,4,4,3,4,5,5,3,3,4,5,3,5,5.6,4,23,536,701,High School,0,Backend Developer,107673
1,5,2,0,2,5,4,5,5,2,5,5,5,3,1,1,5,1,4,1,5,4,1,5,3,2,3,0,1,2,0,1,5,2,1,3,2,1,0,1,0,0,0,1,5,4,1,0,3,5,5,3,4,3,3,3,4,3,5,5,4,5,4,2.0,3,21,265,401,High School,1,Backend Developer,75217
4,5,0,5,5,4,3,1,0,0,4,2,4,2,4,2,3,1,4,0,3,5,4,4,4,5,3,2,4,1,0,3,5,1,3,5,2,3,2,5,5,1,1,2,1,3,1,0,4,4,5,5,4,3,4,4,5,5,3,5,4,4,4,3.4,5,10,350,921,Associate's,0,DevOps Engineer,102951
2,1,0,3,4,3,0,3,5,0,3,3,1,0,1,1,1,4,3,0,4,5,3,5,5,2,5,2,4,1,1,4,4,4,4,1,2,5,1,0,3,5,2,4,0,3,4,1,5,3,4,5,4,3,3,4,4,5,4,3,4,3,5,9.5,8,37,854,1579,PhD,0,Mobile Developer,84133
5,1,2,0,0,2,4,5,1,4,2,4,3,4,5,4,2,2,3,3,5,5,3,5,3,5,3,2,0,5,3,5,5,3,1,1,2,3,2,5,5,0,1,1,4,5,1,2,5,3,5,5,4,5,3,4,3,3,5,5,3,5,5,6.4,6,21,695,1453,PhD,0,Full-Stack Developer,82181
5,5,4,4,1,2,0,1,4,1,5,2,4,0,5,0,0,3,2,3,2,2,5,5,0,3,4,5,0,3,1,4,5,1,3,0,0,4,1,4,3,2,0,2,3,0,5,4,5,3,5,3,4,5,5,3,4,5,5,4,3,4,4,0.4,3,15,631,526,High School,1,DevOps Engineer,57405
4,4,2,5,1,1,3,2,2,5,4,2,1,4,1,5,3,3,0,5,3,5,1,2,3,4,4,3,5,0,4,5,0,1,0,4,2,2,1,3,1,1,4,0,4,1,4,1,5,3,4,3,3,3,4,5,3,5,5,5,4,3,4,4.4,3,21,551,481,Associate's,0,Software Engineer,64239
2,4,0,0,5,4,2,0,3,1,4,5,5,5,2,0,2,2,5,2,0,3,1,5,0,5,4,3,1,2,3,4,5,2,3,2,0,1,0,4,0,0,2,0,4,2,2,3,4,3,4,5,5,5,3,3,3,5,5,4,5,5,4,4.6,6,15,689,778,Bachelor's,1,Backend Developer,109624
4,4,2,5,2,4,2,4,3,0,4,3,1,1,4,0,3,5,3,5,4,5,1,3,5,5,0,1,5,1,1,1,4,3,1,0,5,4,3,0,3,0,1,1,2,2,1,3,4,5,4,4,4,3,4,3,5,5,3,3,3,3,3,1.9,3,12,215,1210,Master's,0,Data Scientist,84254
4,2,0,0,0,2,1,1,4,5,4,1,0,4,0,0,2,4,4,0,0,5,1,3,3,5,1,3,0,2,0,3,1,4,3,2,2,4,4,2,5,1,4,4,0,5,0,0,3,5,4,5,5,5,5,5,5,3,4,5,4,4,5,8.0,8,41,518,1429,High School,0,Data Analyst,68295
5,0,4,0,5,5,5,3,4,0,4,4,4,4,2,4,3,4,0,3,0,4,5,0,0,2,0,2,3,3,1,5,0,0,5,2,2,0,5,3,0,3,5,3,3,1,2,3,5,4,3,4,4,5,4,4,3,3,3,5,3,3,4,5.1,3,24,454,1179,Associate's,0,Data Scientist,122871
2,3,2,5,0,2,5,2,4,1,3,4,0,5,0,5,1,3,4,0,2,2,3,4,5,0,0,1,0,0,1,2,5,4,3,1,4,3,1,1,1,2,3,1,3,4,5,2,3,4,4,4,3,3,4,4,5,4,3,3,4,3,4,5.0,9,22,789,1176,Associate's,0,DevOps Engineer,95123
3,1,1,4,1,3,0,2,4,0,5,2,0,1,1,1,1,4,5,4,2,2,3,2,3,2,2,0,0,1,2,0,5,3,2,1,0,1,1,0,4,0,3,2,3,0,1,0,4,5,5,3,5,3,4,4,4,3,5,4,5,3,5,5.7,5,32,328,1316,High School,0,Software Engineer,84158
3,4,2,5,4,0,0,3,1,0,0,2,3,1,4,0,0,3,3,5,3,0,0,3,3,2,1,2,0,5,2,5,5,2,2,3,5,3,5,1,3,1,1,3,4,0,3,3,3,3,3,5,4,4,3,3,5,4,3,5,5,3,5,5.3,5,23,724,1054,PhD,1,Machine Learning Engineer,93128
1,4,5,1,0,1,0,2,2,2,2,5,3,0,4,2,5,5,3,0,2,0,0,2,4,1,5,2,2,0,3,2,3,2,4,5,2,1,0,3,2,0,5,5,3,5,1,4,4,4,3,5,4,4,5,3,4,5,3,4,5,4,4,6.2,5,18,731,1146,High School,0,Data Scientist,110994
4,5,2,4,3,5,1,5,5,2,2,2,3,4,5,0,1,1,1,3,2,3,5,5,5,3,5,4,2,3,5,3,1,0,0,2,5,2,3,4,1,3,3,4,1,1,1,5,3,5,5,4,5,5,5,3,5,3,4,3,4,4,3,4.5,5,21,450,1025,Bachelor's,0,Data Analyst,86085
1,4,1,4,4,5,2,0,5,5,3,0,5,2,4,3,4,5,4,0,5,1,3,0,2,4,3,5,1,0,3,2,3,1,0,5,1,2,1,5,2,2,1,1,0,3,0,5,4,5,3,4,5,4,5,3,3,5,3,4,3,5,3,4.7,4,32,694,1076,Master's,0,Data Analyst,115952
2,1,3,0,1,3,0,5,1,0,0,0,2,1,2,5,1,3,0,4,3,4,0,1,5,2,3,2,4,5,1,2,2,3,4,1,1,2,1,2,4,2,2,3,2,5,0,3,3,3,3,3,5,3,4,4,4,5,3,5,4,4,3,0.4,0,20,40,326,High School,0,Software Engineer,74895
0,0,3,1,3,2,4,2,2,5,5,4,1,3,2,2,0,5,0,1,4,4,0,3,4,0,3,3,5,4,1,5,5,1,5,2,1,5,2,1,4,4,0,4,2,4,1,4,3,4,3,4,4,4,5,4,4,5,5,5,5,3,4,3.4,0,29,103,189,High School,0,Data Analyst,79617
5,3,5,5,3,4,2,3,3,0,4,1,5,5,3,0,4,4,5,4,1,4,0,2,4,0,3,2,5,2,2,4,1,2,1,5,4,3,0,2,2,3,2,1,3,0,0,3,3,5,4,5,3,3,3,5,4,5,3,3,5,5,5,0.7,1,7,421,1085,Associate's,0,Full-Stack Developer,73402
0,0,4,3,4,3,0,5,2,5,3,4,1,3,1,2,0,5,2,3,3,1,3,5,4,2,3,2,1,4,4,4,0,4,4,3,4,3,5,1,0,2,1,5,1,2,4,4,5,4,5,4,4,5,3,5,4,4,3,3,5,3,4,6.3,7,27,736,1041,Bachelor's,0,Data Analyst,84865
0,0,2,3,4,3,4,3,5,0,1,2,1,3,2,5,4,1,3,2,5,2,0,5,1,4,3,4,5,4,0,3,4,4,3,2,4,0,0,2,5,0,0,5,1,1,5,0,5,4,4,3,5,3,4,5,5,4,3,3,5,3,5,2.6,3,17,636,599,Bachelor's,0,Frontend Developer,65390
1,0,2,1,4,1,5,2,3,2,4,0,4,1,1,2,3,4,4,5,4,5,1,0,4,3,2,4,2,4,0,3,3,2,3,1,2,5,5,0,1,4,0,5,4,2,3,0,5,3,3,5,5,3,5,5,5,5,5,3,4,3,4,5.5,7,23,637,1085,Associate's,0,Backend Developer,100118
0,2,0,3,2,5,0,1,1,2,0,5,3,4,1,2,4,3,4,0,5,1,4,0,4,0,4,0,1,0,4,3,2,4,1,0,5,2,3,2,0,5,1,4,0,5,5,4,4,4,4,3,4,3,5,5,5,4,3,3,4,5,4,7.0,2,21,520,748,Associate's,0,Software Engineer,89621
2,3,2,1,0,4,0,0,5,3,5,2,1,1,5,5,0,2,1,0,0,2,5,3,4,3,4,2,4,0,5,4,1,4,2,3,5,1,0,1,0,3,1,1,5,4,5,2,5,4,5,4,3,3,3,4,4,5,4,3,3,3,4,2.6,1,7,319,839,Bachelor's,1,Backend Developer,80212
5,2,1,4,3,4,2,4,3,1,1,4,3,3,0,4,5,4,0,0,5,0,3,3,5,0,0,0,2,3,2,2,0,4,4,2,1,4,0,4,5,3,5,0,0,2,1,0,5,3,4,5,4,5,3,5,4,5,3,4,4,5,5,5.8,6,25,663,999,Associate's,1,Software Engineer,71772
0,4,0,0,3,2,5,2,5,2,4,0,2,0,5,5,0,1,2,3,1,0,4,0,5,2,4,2,2,5,0,2,5,3,4,3,0,0,1,2,1,1,0,0,4,3,4,0,3,5,4,5,3,4,3,3,5,3,4,4,4,5,4,7.5,8,28,501,959,Bachelor's,1,Mobile Developer,116843
1,5,2,0,4,4,1,4,5,1,0,0,2,5,3,3,0,2,2,3,4,5,5,2,5,4,4,5,3,5,2,5,1,2,0,4,4,1,2,4,2,5,4,2,5,5,2,1,5,5,5,4,5,3,5,5,4,3,3,5,4,5,3,9.8,9,48,635,1258,Master's,1,Software Engineer,114362
4,1,3,1,5,2,3,0,0,0,5,3,4,3,3,3,4,4,3,4,5,0,5,0,5,1,1,0,5,5,4,4,3,5,5,2,4,0,0,1,1,5,3,5,4,4,2,0,5,4,5,5,5,4,5,4,3,3,5,3,3,5,3,3.8,0,26,343,111,Bachelor's,0,Full-Stack Developer,104220
4,4,3,2,5,3,4,4,2,2,5,3,4,2,3,3,0,5,0,2,5,0,4,5,1,2,1,0,4,0,5,1,4,0,3,5,5,1,2,4,5,5,0,2,2,1,1,5,3,3,4,4,4,4,3,4,4,5,5,5,3,5,4,-0.2,0,2,268,794,PhD,0,Software Engineer,77834
4,5,0,0,3,2,5,2,0,3,2,5,4,0,5,5,5,1,5,0,3,4,1,5,1,1,0,2,4,3,5,4,3,5,2,1,0,2,0,3,0,3,3,1,2,5,3,2,3,3,4,5,4,5,5,5,3,4,4,3,5,3,4,3.2,8,20,675,1076,High School,0,Backend Developer,73895
1,0,4,1,0,3,0,1,1,2,4,5,1,4,3,3,2,3,2,4,3,4,4,3,0,3,5,5,2,4,3,2,0,0,0,5,1,3,3,2,5,4,4,5,5,0,0,2,3,5,4,4,3,4,5,5,5,5,5,4,4,4,4,-0.4,0,3,124,320,Master's,0,Data Analyst,59726
2,4,5,3,4,4,2,0,0,2,5,4,4,5,5,2,2,3,0,0,3,3,0,0,2,5,0,2,3,1,0,2,0,1,0,1,3,2,3,0,1,4,3,0,1,4,4,5,3,3,3,3,4,3,4,3,4,3,4,4,4,5,3,-3.1,0,-5,266,330,Bachelor's,0,Security Engineer,50000
4,0,3,1,4,4,2,3,5,2,1,2,4,3,2,2,4,2,4,4,1,0,4,1,0,3,1,2,4,1,5,3,4,4,0,5,1,5,1,3,4,3,5,4,0,0,1,4,3,5,3,4,4,3,4,5,5,4,4,3,5,3,3,5.7,3,27,625,999,PhD,0,Frontend Developer,100424
1,1,0,3,0,3,0,3,3,1,0,3,2,0,1,3,2,0,3,4,3,3,3,4,1,4,0,4,0,1,4,0,1,2,2,2,3,0,1,3,3,4,2,4,5,0,3,5,4,3,5,5,3,5,5,4,4,3,4,4,3,4,5,5.8,6,22,380,1212,Bachelor's,0,DevOps Engineer,120541
0,3,5,3,1,5,0,2,3,2,5,0,4,2,4,5,1,3,3,0,1,4,2,0,3,3,4,2,1,2,0,5,1,2,3,4,4,4,5,5,5,0,4,0,2,5,5,2,4,5,5,4,4,5,5,4,5,5,3,5,3,3,3,4.9,4,16,349,1292,Associate's,1,Machine Learning Engineer,102866
5,2,0,1,5,5,4,4,0,1,4,3,5,1,4,5,3,5,2,2,3,0,1,3,3,1,2,2,4,1,2,1,1,3,1,1,0,4,4,3,5,1,3,0,4,5,2,3,3,3,5,3,3,4,3,5,5,3,5,5,4,4,5,-2.0,0,7,430,798,Master's,1,Full-Stack Developer,66935
4,5,3,5,5,2,2,2,5,5,2,2,1,0,5,4,1,3,4,1,4,2,5,1,4,0,3,5,2,2,2,0,1,4,0,2,5,5,2,2,2,1,4,1,4,2,5,2,3,5,4,4,3,4,4,5,3,3,3,3,5,4,5,8.5,7,40,634,1331,PhD,0,Frontend Developer,151000
5,1,1,1,1,3,0,5,5,0,1,5,5,1,2,3,2,1,1,2,3,3,5,5,0,2,1,5,4,1,4,5,5,3,4,2,4,5,5,2,1,1,5,1,3,2,4,4,5,4,5,4,4,5,3,3,4,5,5,3,4,4,5,6.5,7,27,576,966,Master's,0,Software Engineer,92739
0,2,4,5,3,4,4,0,0,5,0,1,2,2,1,5,2,0,5,5,2,4,0,4,2,4,5,4,4,1,0,4,2,3,4,2,2,5,3,4,5,0,1,3,0,0,0,0,4,4,4,5,4,4,4,4,4,4,5,3,5,3,3,6.4,6,22,452,890,Associate's,0,Full-Stack Developer,115716
3,2,2,0,5,5,2,0,3,5,0,2,2,0,0,3,1,0,0,0,3,0,2,4,2,2,1,3,5,0,2,2,2,2,1,4,3,0,3,4,2,4,3,1,4,3,5,1,3,5,5,4,5,5,3,3,3,4,5,5,4,4,3,7.0,9,25,569,1269,Associate's,0,Security Engineer,83834
1,5,5,0,1,0,4,1,0,4,2,3,5,1,0,5,5,4,4,3,5,3,0,3,0,3,1,5,3,1,4,3,2,5,4,4,4,0,0,5,1,1,1,0,3,4,3,3,4,5,4,5,4,5,5,4,5,3,4,3,4,4,4,5.5,6,33,465,727,Associate's,0,Machine Learning Engineer,103761
2,1,2,4,1,0,5,5,3,3,4,4,5,1,0,4,2,2,4,1,1,4,3,5,4,1,3,0,0,1,2,0,3,4,1,0,3,4,1,2,5,4,2,3,1,4,1,4,3,5,3,4,3,5,5,3,4,5,4,4,5,5,5,2.4,4,9,384,482,Bachelor's,0,DevOps Engineer,71324
0,2,3,4,5,0,2,4,5,4,3,5,3,1,3,4,5,3,0,5,0,2,3,5,2,3,4,5,2,2,4,2,2,1,1,3,4,3,2,1,1,4,0,2,0,0,3,4,3,3,5,5,4,4,3,3,4,4,4,3,5,3,4,1.3,2,7,445,828,Bachelor's,1,Data Analyst,74772
4,4,3,3,0,3,3,1,3,0,1,4,4,2,0,5,3,5,0,3,0,1,4,0,3,1,3,0,2,1,1,5,1,2,3,3,1,0,3,4,0,5,5,4,1,4,0,5,5,5,4,5,5,4,3,3,5,5,4,3,3,5,5,5.6,6,27,377,1326,Master's,0,Software Engineer,100250
4,0,0,1,0,5,1,2,0,2,3,1,0,5,3,2,5,3,0,1,0,4,4,0,5,2,0,2,5,1,1,3,5,4,5,4,3,4,5,3,3,4,5,1,0,4,4,1,4,5,5,4,5,4,5,3,3,5,3,3,4,5,5,5.2,4,15,685,1320,PhD,0,Full-Stack Developer,95445
4,1,3,4,5,4,0,2,4,5,0,3,3,2,5,2,3,1,1,5,0,4,2,0,2,5,2,5,1,2,5,5,2,1,3,5,2,2,0,5,4,2,2,2,5,2,5,4,3,3,4,4,3,4,5,3,3,3,4,4,3,4,4,6.0,7,28,758,1200,Master's,0,DevOps Engineer,103878
4,0,4,5,1,1,4,3,0,4,5,5,3,2,4,3,5,1,1,5,3,1,5,0,3,1,1,2,4,1,4,4,0,2,2,1,0,4,4,0,1,4,0,3,0,1,1,5,3,3,3,4,3,3,5,4,3,5,3,4,5,5,3,4.1,2,14,254,790,Associate's,0,Mobile Developer,79789
1,2,5,0,5,5,1,1,4,0,0,0,1,0,5,4,1,3,2,2,0,0,1,3,3,2,1,1,5,4,0,1,3,3,0,3,3,3,1,0,0,3,3,0,0,3,2,4,3,5,4,4,4,4,5,3,4,5,4,4,4,4,5,5.0,6,21,396,1212,Associate's,1,Software Engineer,86534
5,3,3,3,1,5,1,5,0,4,2,4,2,2,3,5,5,3,1,1,2,2,1,4,1,0,2,3,3,3,1,5,4,5,4,0,2,5,5,3,0,0,3,0,1,2,0,4,5,5,4,5,3,3,5,5,4,3,5,4,4,5,3,8.6,13,37,928,2057,Bachelor's,0,DevOps Engineer,148366
2,5,4,2,2,5,0,5,0,4,5,2,1,3,0,5,0,3,4,0,3,3,4,2,0,4,3,2,2,4,2,5,2,1,5,0,0,0,0,4,1,2,0,0,4,3,1,2,3,4,5,5,5,5,5,4,3,3,5,5,5,3,5,8.9,9,41,679,919,PhD,0,Security Engineer,103660
2,1,1,4,4,1,0,4,1,5,0,1,0,5,0,0,4,0,3,3,5,2,3,5,0,2,4,4,4,1,5,2,1,3,3,1,2,4,0,5,3,1,5,4,0,1,1,0,4,4,3,5,5,5,3,4,4,3,5,3,3,5,4,5.6,5,30,563,866,Associate's,1,Backend Developer,97628
3,4,4,4,0,4,0,0,0,2,1,0,2,3,0,2,4,5,2,0,4,5,1,5,2,1,0,3,1,1,0,4,1,3,2,3,5,3,1,5,0,2,3,1,3,1,3,3,5,3,5,3,5,5,3,4,4,3,4,4,4,5,4,3.3,3,18,316,516,Associate's,1,Security Engineer,89329
3,0,3,0,2,0,3,0,0,5,4,3,1,3,2,0,3,4,5,5,3,0,2,1,2,0,3,0,2,3,1,3,0,3,2,5,5,2,3,0,1,3,0,4,5,4,3,1,3,3,3,5,3,4,5,5,3,3,4,3,4,3,4,3.0,2,16,134,1127,Master's,0,Mobile Developer,53835
4,5,5,5,5,4,2,4,5,0,3,1,5,0,0,5,4,4,5,0,3,3,0,0,5,1,3,3,3,3,0,2,2,5,2,4,3,5,0,4,0,1,4,5,1,5,0,4,5,5,3,3,3,3,3,5,3,5,5,5,4,4,4,1.4,0,14,121,790,Associate's,1,Security Engineer,56748
2,4,5,4,1,4,4,5,4,0,3,3,1,3,5,0,1,0,3,5,2,5,1,4,5,0,0,5,3,2,0,5,4,3,4,0,4,1,0,2,4,3,2,4,3,1,2,2,4,4,3,3,5,3,4,3,3,4,4,3,4,5,3,6.4,6,20,568,1033,High School,1,Data Scientist,100345
0,2,1,1,4,5,0,5,0,4,2,3,2,4,0,0,2,1,3,2,4,1,4,4,3,4,3,2,1,2,0,2,0,2,3,5,1,0,4,3,5,1,4,3,0,0,3,4,3,5,5,3,5,5,3,4,3,3,4,5,5,3,5,6.2,6,30,752,1471,Bachelor's,0,Mobile Developer,93720
0,1,5,1,4,4,5,5,0,4,1,0,5,5,5,3,2,0,1,5,1,5,1,0,4,1,4,5,1,1,5,4,3,1,3,1,2,3,2,4,2,5,0,5,4,3,1,5,5,5,5,3,5,5,5,5,3,5,5,4,3,3,4,5.5,5,25,728,1024,Bachelor's,1,Data Scientist,140792
4,2,4,1,1,4,4,4,0,1,5,2,3,3,4,3,5,2,3,3,3,4,1,1,0,4,4,3,2,0,5,0,4,2,4,3,3,3,4,0,1,0,2,3,0,0,1,5,4,5,3,4,3,4,4,3,4,3,5,4,3,3,3,4.2,6,31,436,969,Associate's,1,Mobile Developer,86243
1,4,0,1,1,1,0,1,2,0,3,3,3,0,3,4,4,0,2,0,4,4,3,5,4,3,4,1,4,4,5,4,2,1,0,0,2,2,0,4,1,5,0,3,2,3,0,0,4,4,3,5,3,5,3,4,4,3,5,5,4,5,4,7.0,10,22,612,1713,PhD,1,Machine Learning Engineer,105703
3,5,1,0,5,4,1,5,5,4,3,3,3,0,5,4,3,5,0,5,1,5,0,0,2,0,4,5,1,2,5,1,4,1,2,5,4,3,4,4,0,5,3,4,2,4,1,5,3,5,4,4,3,4,5,5,3,5,5,4,3,3,3,3.2,4,14,663,520,Bachelor's,1,Data Analyst,68960
0,1,2,1,2,2,5,3,0,1,4,0,0,1,3,3,5,4,5,2,3,1,3,4,4,4,0,4,1,2,1,5,2,1,2,0,1,5,1,1,4,3,3,0,3,2,0,3,3,5,3,5,3,3,5,5,3,5,5,3,4,5,4,2.4,2,13,517,746,High School,0,Data Scientist,106627
1,1,1,1,2,0,1,0,0,1,3,3,2,5,4,5,2,5,5,0,3,1,0,1,4,3,0,3,4,0,5,4,3,4,1,1,0,5,1,5,5,4,2,3,1,2,4,4,5,5,3,3,5,3,4,5,4,4,4,4,3,3,4,6.5,6,31,788,836,Bachelor's,0,Security Engineer,105858
3,0,4,1,3,4,5,5,1,3,0,4,5,1,2,4,3,5,0,3,1,2,1,2,0,5,1,3,1,2,3,5,4,5,3,2,0,3,2,3,0,4,0,2,5,3,4,3,3,5,3,5,3,4,3,5,4,3,3,5,4,5,4,1.8,0,14,56,709,Bachelor's,0,Backend Developer,68915
2,3,2,3,1,0,0,2,3,2,1,2,4,0,0,1,2,2,1,5,2,3,3,2,0,5,1,0,5,5,1,2,2,4,5,1,1,5,4,0,1,2,0,2,0,3,3,4,5,5,5,5,5,5,5,4,5,3,4,5,3,5,5,4.5,8,32,590,1249,Associate's,1,Mobile Developer,107061
1,5,1,2,2,2,3,3,0,5,1,1,0,1,2,3,5,3,2,2,0,0,1,2,1,5,2,5,1,1,5,5,3,0,4,1,1,1,4,5,2,1,5,4,3,5,5,3,5,5,3,3,5,4,5,3,3,5,5,4,3,5,3,5.1,5,27,724,1370,Master's,0,Software Engineer,85726
3,5,0,1,3,3,4,2,0,2,2,3,4,3,5,4,2,5,1,4,3,0,5,5,0,1,0,5,2,3,5,2,3,2,4,2,4,5,4,2,4,4,4,0,0,5,5,0,4,3,3,4,4,5,3,5,4,4,3,4,5,5,5,-2.2,0,0,345,57,Master's,0,Data Analyst,50000
0,5,3,1,5,2,1,4,0,1,0,5,4,3,5,3,0,4,5,1,1,2,1,4,5,5,5,1,4,0,3,0,3,2,2,4,3,4,0,2,5,2,3,4,2,1,4,4,4,3,5,5,3,3,4,3,4,3,5,5,3,4,5,6.4,4,20,302,886,Associate's,0,Frontend Developer,99888
3,0,2,4,5,2,1,4,4,3,1,0,2,1,5,4,0,5,4,5,5,0,0,4,4,3,5,0,4,4,3,2,5,5,5,4,3,0,1,0,0,5,5,2,3,1,0,1,4,4,5,5,4,4,5,4,5,5,5,3,5,4,3,5.2,6,16,510,1059,Bachelor's,0,Frontend Developer,83276
5,0,2,2,1,0,0,1,4,1,3,5,2,3,1,1,3,1,5,4,4,2,4,2,2,3,1,0,0,1,4,4,2,5,1,0,2,0,1,0,2,4,1,4,5,3,5,4,5,5,5,5,5,5,4,3,5,4,4,4,5,5,5,2.6,3,14,322,1274,Bachelor's,0,Full-Stack Developer,77261
5,5,1,1,5,2,5,3,1,2,5,2,3,5,0,0,4,5,1,0,3,4,4,1,2,4,2,1,1,1,0,3,3,2,1,2,5,3,4,2,3,0,4,4,5,0,4,4,3,5,4,4,5,4,5,5,5,5,3,3,4,5,5,6.8,6,37,695,1381,Master's,0,Full-Stack Developer,94776
5,3,2,3,3,0,2,1,0,0,4,0,1,4,2,4,3,5,4,5,4,4,5,0,3,2,3,5,2,3,0,1,1,5,2,4,4,2,1,1,2,1,1,2,3,0,0,2,4,4,5,3,5,3,3,5,4,5,4,4,3,3,5,5.0,5,18,589,641,PhD,1,Mobile Developer,104613
2,4,4,1,3,1,0,1,5,2,0,5,0,3,5,5,2,1,4,1,5,2,0,1,3,4,5,5,4,1,1,5,5,4,5,3,3,1,3,3,4,2,3,4,2,3,2,3,4,4,3,4,4,5,4,3,5,3,5,5,3,4,4,2.8,1,14,188,700,Associate's,0,Backend Developer,86340
1,4,5,5,3,3,1,3,1,4,2,4,4,2,4,3,4,5,3,0,3,5,3,4,5,5,3,2,2,5,2,0,5,5,5,1,3,5,3,1,2,1,1,3,5,2,1,5,4,5,4,3,4,4,3,4,3,3,5,4,4,4,3,1.1,0,4,142,469,PhD,0,Machine Learning Engineer,50000
3,1,4,0,1,0,1,0,1,3,5,2,3,3,2,0,1,4,4,0,0,2,1,3,2,2,4,4,4,4,2,1,3,3,2,4,0,4,1,0,0,2,0,0,4,1,1,4,4,5,3,3,3,4,4,4,5,3,4,4,5,5,5,4.9,4,23,600,1077,PhD,1,Frontend Developer,95854
1,4,5,2,1,2,3,3,1,5,2,5,4,0,2,2,0,3,2,2,5,0,4,1,5,1,3,2,5,0,0,1,5,4,4,4,0,4,3,0,1,4,0,3,2,2,0,5,4,5,3,3,3,3,3,5,5,3,4,5,5,5,4,4.2,2,25,367,1163,PhD,0,Data Scientist,113046
2,2,0,0,4,5,2,4,4,5,3,2,1,4,4,4,1,1,1,3,2,3,5,3,5,4,3,0,4,2,1,4,2,3,4,2,3,2,0,0,2,5,5,1,5,1,0,0,3,5,4,5,5,5,3,5,3,5,4,5,5,4,4,6.0,6,23,708,949,Bachelor's,0,Machine Learning Engineer,93679
2,5,5,4,4,4,2,1,1,3,0,3,2,1,3,4,2,0,2,1,1,2,0,3,1,4,4,5,2,1,4,5,1,0,4,0,3,5,0,2,2,1,5,3,0,0,3,3,3,4,3,3,3,3,5,4,3,3,4,3,4,3,5,5.1,4,18,272,685,Bachelor's,0,Mobile Developer,110777
0,1,2,0,1,5,3,5,4,3,5,1,0,3,4,0,3,5,0,2,0,5,3,2,0,4,0,4,1,4,5,1,5,1,0,1,1,2,2,0,3,1,4,0,4,2,0,4,3,4,4,5,4,3,5,3,4,3,4,4,3,5,4,5.3,3,22,539,1250,Master's,0,Frontend Developer,73228
5,5,0,3,3,3,0,2,2,1,5,2,5,0,0,4,0,2,5,0,2,4,2,3,5,0,1,0,0,4,4,2,1,5,5,3,2,4,4,4,0,5,2,0,2,2,4,3,5,3,4,4,3,4,4,5,3,4,5,3,4,5,5,3.2,7,17,415,803,PhD,0,Software Engineer,74153
0,0,1,0,0,2,2,4,5,0,1,5,4,1,4,2,4,1,3,4,3,2,1,2,4,1,5,0,1,4,2,3,2,2,1,1,4,2,4,4,3,2,0,5,1,3,4,3,5,5,3,5,5,3,3,3,4,3,3,3,4,3,3,2.3,1,10,521,921,Master's,1,DevOps Engineer,78805
5,2,3,3,4,0,4,2,2,4,5,3,3,5,1,3,3,2,1,3,2,5,3,4,1,1,2,3,1,1,0,1,2,0,4,0,3,3,5,3,0,1,0,5,5,1,0,4,3,3,5,5,3,3,5,5,3,3,4,5,4,4,5,4.8,8,19,492,1485,PhD,0,Data Scientist,108984
4,3,0,3,5,0,4,5,5,0,5,3,0,3,0,5,4,0,4,3,3,1,5,4,5,1,5,4,4,2,0,4,4,5,3,4,0,5,2,3,1,4,5,5,2,4,5,3,3,4,4,4,4,5,3,5,5,4,4,3,5,3,4,4.4,6,25,720,1393,High School,0,DevOps Engineer,96045
0,0,1,2,0,3,0,4,1,3,3,3,0,4,0,4,2,4,1,5,0,1,2,4,1,2,0,0,1,0,2,3,0,4,1,1,0,1,5,4,0,4,1,5,1,3,2,0,4,5,3,3,3,5,5,4,3,4,5,4,5,3,4,2.6,3,25,494,885,Associate's,0,Frontend Developer,71498
5,2,0,0,2,0,3,2,5,1,1,2,1,3,5,3,5,1,5,4,1,0,3,3,1,1,4,3,3,1,0,2,4,1,5,1,1,5,2,3,3,3,3,5,1,3,1,1,4,4,5,4,5,3,3,5,3,3,5,5,3,4,3,4.4,6,21,774,923,Associate's,0,Backend Developer,83053
0,4,5,3,5,5,5,2,1,0,3,0,1,0,5,5,2,2,3,2,2,2,5,1,4,2,3,1,2,4,3,4,3,5,4,4,1,0,3,4,4,0,3,2,0,0,5,5,5,3,4,4,5,3,4,5,4,5,5,3,3,5,4,3.6,6,23,397,717,Associate's,1,Frontend Developer,82226
3,1,0,1,2,5,1,5,0,5,3,3,5,4,1,0,0,4,4,5,0,4,5,4,2,4,2,0,2,2,1,5,4,0,1,0,4,1,2,0,4,3,0,3,0,3,0,3,4,4,3,5,4,3,5,3,3,3,4,5,5,5,5,10.6,10,44,646,1089,Associate's,0,Software Engineer,137030
3,4,1,4,4,3,0,3,5,4,3,4,0,5,1,5,3,2,3,0,3,5,2,4,4,1,5,1,0,2,1,4,2,0,4,1,1,3,5,3,1,3,2,1,4,3,4,4,5,4,4,4,5,3,3,4,5,4,5,4,3,5,4,5.4,4,23,254,590,High School,0,Backend Developer,121448
0,0,3,2,5,1,5,5,2,1,1,3,0,5,3,2,2,3,0,1,5,2,1,3,3,1,3,0,5,4,1,1,2,3,4,1,4,4,1,5,4,4,4,1,0,3,4,2,4,5,4,4,4,5,3,3,4,3,3,5,5,4,4,4.5,2,20,200,649,PhD,1,DevOps Engineer,65915
0,1,5,0,2,1,5,2,3,2,0,5,1,3,2,5,3,3,5,2,1,5,2,0,0,1,4,5,5,0,0,3,2,2,4,2,3,4,0,3,5,5,3,0,0,2,0,4,5,5,5,5,3,5,4,3,4,4,3,5,5,5,4,6.7,6,38,347,1349,PhD,1,Full-Stack Developer,106131
2,0,0,1,3,0,5,3,1,3,2,3,1,5,3,5,3,2,4,5,1,4,2,1,5,4,3,3,0,5,3,3,5,3,1,5,5,3,5,2,0,3,3,3,5,4,1,5,3,5,5,3,4,5,5,5,3,5,3,5,3,3,3,2.5,2,21,164,765,PhD,0,Data Analyst,70507
0,1,3,1,1,4,1,2,1,2,2,2,5,2,4,5,0,3,0,0,5,1,4,0,1,5,1,4,2,3,3,4,4,0,0,0,2,5,3,2,3,2,0,1,2,5,2,3,4,3,5,5,4,3,4,3,4,3,3,3,4,5,4,7.1,6,22,654,1185,Associate's,0,Full-Stack Developer,111747
2,4,5,5,1,5,0,0,3,0,2,1,1,1,2,5,2,5,5,0,3,4,2,2,5,4,2,3,4,4,5,3,5,0,2,5,2,4,3,0,2,3,4,5,2,1,5,0,3,5,4,5,4,5,3,4,5,4,3,3,4,4,4,0.9,0,8,328,400,Associate's,0,Backend Developer,71217
3,1,1,5,2,3,0,0,2,2,4,5,5,0,1,2,0,0,2,4,3,3,2,3,1,2,3,4,2,1,3,4,5,4,0,2,3,3,2,1,2,4,5,4,0,3,4,2,4,3,4,3,4,4,4,5,5,3,3,4,4,3,5,8.0,6,35,509,673,High School,0,Security Engineer,68528
2,2,5,1,3,4,0,0,1,2,1,2,1,2,5,2,1,4,2,1,2,3,3,5,4,0,5,5,3,4,5,5,1,3,2,1,2,4,0,2,4,0,5,2,5,1,4,0,5,4,3,4,5,4,5,5,5,4,3,5,3,3,5,5.4,8,26,889,811,PhD,1,Mobile Developer,114075
5,1,2,5,4,1,2,0,0,2,2,2,5,3,5,4,5,3,5,1,4,4,2,3,0,0,4,1,4,4,3,4,5,0,0,3,3,4,5,3,4,4,5,2,3,5,4,0,3,4,5,3,3,4,4,5,3,5,5,3,3,4,5,4.7,1,29,100,748,Master's,0,Full-Stack Developer,114097
2,5,2,5,4,0,3,0,0,5,2,4,3,1,2,2,3,2,2,2,3,5,0,1,4,2,3,1,2,2,3,0,3,5,0,0,3,1,1,5,1,2,2,2,5,5,3,4,3,4,3,3,3,5,3,3,3,3,3,4,5,4,3,5.5,4,22,556,630,Bachelor's,0,Full-Stack Developer,104947
1,0,4,3,5,4,3,1,1,0,4,4,2,4,3,2,4,1,2,3,5,2,4,3,0,4,4,0,4,5,3,3,5,5,3,4,0,0,1,2,4,2,1,4,4,2,1,0,4,5,5,5,4,3,3,4,4,3,4,5,5,3,5,10.8,12,39,816,1438,PhD,0,DevOps Engineer,114353
4,2,1,0,2,4,0,0,5,4,2,4,1,2,5,3,5,3,5,1,4,0,1,2,1,2,5,2,1,1,2,1,5,2,1,0,3,0,0,0,5,0,1,5,2,1,3,0,4,4,4,4,5,5,5,3,4,5,4,5,4,4,5,5.1,4,29,535,593,PhD,0,Mobile Developer,113206
5,3,1,2,4,1,5,2,3,1,3,0,2,1,0,3,0,1,0,2,5,1,5,5,4,3,2,3,4,0,5,0,1,0,3,2,0,5,0,4,0,0,1,2,5,3,2,4,5,3,3,4,5,3,4,3,3,3,3,5,5,3,5,6.9,10,32,619,1506,High School,1,Data Analyst,105173
1,3,3,2,5,5,2,2,5,3,5,3,1,1,3,3,1,0,3,1,4,4,4,0,0,1,3,3,5,0,2,5,3,5,4,2,2,1,2,2,3,4,0,5,1,3,2,2,4,4,5,3,5,5,4,4,4,3,4,3,3,3,4,6.1,5,28,486,1220,High School,0,Software Engineer,87989
3,1,2,4,3,0,0,5,3,5,1,1,1,0,1,4,5,2,4,3,3,4,2,0,1,0,3,0,0,4,3,5,5,3,0,2,3,5,1,1,4,2,0,2,5,4,3,0,3,3,4,5,4,3,5,3,5,4,4,5,3,3,3,2.0,1,16,230,699,Bachelor's,0,DevOps Engineer,79558
5,2,4,2,1,1,5,2,0,0,0,0,2,2,1,3,1,4,0,2,1,3,0,5,4,5,0,0,4,1,4,2,3,5,2,3,4,5,1,3,5,0,0,4,4,0,4,2,5,3,3,3,4,5,3,4,5,5,4,5,5,3,5,9.4,9,41,642,1269,High School,0,Mobile Developer,124031
0,5,4,5,1,2,5,0,1,1,4,0,3,2,4,0,0,5,3,0,5,3,1,0,2,4,5,5,0,0,4,4,3,0,4,0,5,1,3,3,4,1,2,1,3,5,2,2,5,4,5,4,5,4,5,3,5,5,5,5,3,4,3,4.6,6,24,704,1152,Associate's,0,Mobile Developer,97530
0,5,5,1,2,1,4,0,4,2,1,5,3,5,5,1,5,1,4,0,1,1,5,3,4,4,0,5,3,2,2,5,5,4,4,1,2,0,5,5,3,0,1,4,1,5,4,2,3,3,3,5,3,4,5,4,4,4,3,3,5,3,4,4.8,5,22,595,628,Bachelor's,1,Full-Stack Developer,93970
5,2,3,3,4,4,3,2,1,5,4,4,5,0,2,5,5,0,0,3,5,5,5,4,3,1,2,3,1,3,0,4,0,3,2,5,1,0,0,3,1,4,5,1,1,3,1,3,5,5,3,5,4,3,3,5,3,5,3,3,4,3,5,6.6,7,37,481,991,PhD,0,Frontend Developer,74644
5,4,4,1,3,3,4,2,3,5,5,5,0,2,0,3,3,0,4,4,4,1,0,5,0,5,1,5,5,3,4,5,5,1,1,1,3,2,2,2,1,5,0,4,5,0,0,4,3,5,3,5,4,4,3,4,5,4,3,3,3,5,4,2.3,6,24,610,777,PhD,1,Data Scientist,121880
0,4,1,0,4,2,3,0,4,0,2,1,1,1,4,0,1,4,5,5,1,0,3,4,0,4,5,2,0,5,3,2,2,1,3,5,1,4,5,2,1,1,4,1,2,3,3,3,4,3,5,4,5,4,3,5,4,5,4,4,4,3,5,4.5,9,26,780,1872,Bachelor's,0,Software Engineer,80085
5,4,2,1,0,0,3,4,2,2,0,3,4,4,0,5,0,0,2,0,1,5,5,3,4,1,2,1,2,3,5,2,1,1,0,0,2,2,1,2,5,4,4,2,5,2,4,5,3,3,5,5,3,5,5,5,5,3,4,3,5,4,5,1.0,0,18,46,837,Bachelor's,0,Security Engineer,62673
1,0,2,1,4,0,0,2,4,5,1,0,5,2,3,5,5,3,0,3,3,2,3,4,4,2,3,2,3,1,1,0,5,3,2,1,3,0,2,3,3,5,1,5,1,2,5,3,3,5,5,3,5,5,3,5,5,3,5,5,3,3,3,7.4,8,23,689,1406,High School,0,Frontend Developer,95976
5,5,3,1,2,1,1,5,0,1,0,2,5,2,2,1,1,4,3,0,1,0,4,1,0,0,3,3,4,5,1,4,1,0,4,0,2,4,3,2,0,2,3,2,3,1,4,0,3,3,5,5,5,5,3,3,4,5,5,4,3,3,4,5.7,6,27,719,1100,Bachelor's,0,Full-Stack Developer,105920
5,3,3,1,3,2,4,4,5,3,0,2,3,0,4,3,1,0,5,5,4,1,3,2,3,1,3,0,0,5,3,1,5,3,1,0,5,1,1,2,4,0,1,0,4,0,2,1,3,3,5,3,4,5,5,5,3,5,3,5,4,5,3,3.3,3,25,569,827,Associate's,0,Full-Stack Developer,69081
3,3,3,1,2,2,0,0,4,1,3,3,4,5,5,1,2,0,1,4,5,5,1,2,0,4,3,4,3,1,4,2,0,0,2,2,5,0,4,0,4,0,1,5,4,1,3,1,5,3,3,4,3,4,3,5,4,4,4,4,3,3,4,3.4,5,28,506,514,High School,0,Full-Stack Developer,74030
3,3,1,4,3,2,0,2,4,1,0,0,5,2,5,4,1,1,5,4,3,4,0,4,5,2,4,0,5,1,3,4,1,4,0,1,1,1,2,3,4,2,0,5,1,4,4,4,4,5,5,5,5,3,3,3,5,5,4,4,5,3,5,5.4,7,17,521,1621,Associate's,1,Backend Developer,102359
3,0,3,1,4,1,2,2,4,2,0,5,4,1,5,4,5,5,5,3,2,1,1,5,5,3,5,3,0,5,3,1,4,2,1,0,0,1,1,3,1,2,1,5,5,4,5,0,3,5,3,3,3,4,5,3,4,3,5,5,4,4,4,6.5,5,27,703,545,Master's,1,Data Analyst,91958
0,5,3,2,4,4,3,2,3,0,4,5,4,1,4,1,3,1,4,4,4,2,5,1,3,0,3,5,5,5,2,3,3,0,4,5,0,5,2,0,0,3,5,3,0,1,2,4,5,4,3,3,4,3,4,5,3,5,4,3,5,5,4,2.6,4,25,491,838,Bachelor's,1,DevOps Engineer,88222
4,3,5,1,1,2,2,0,5,5,3,5,0,1,2,1,5,5,4,0,3,5,3,2,5,0,3,4,2,2,1,3,0,1,5,2,1,1,5,1,4,5,3,2,2,0,4,2,5,5,5,5,3,5,3,5,3,4,5,3,3,4,4,5.5,6,21,582,1488,PhD,0,Data Analyst,89362
1,0,3,0,2,3,4,4,1,4,2,5,1,5,4,3,0,1,4,4,1,0,0,1,2,0,1,3,3,5,5,2,4,1,2,1,4,4,3,0,2,3,4,5,5,1,0,0,4,4,3,3,3,5,4,3,5,4,3,3,5,5,5,5.2,1,22,493,441,High School,0,Data Analyst,81191
0,4,2,1,5,2,3,0,4,1,5,4,4,2,0,1,5,4,3,5,5,1,4,5,2,1,5,3,5,4,1,3,2,1,4,2,5,5,1,4,2,5,0,2,4,0,0,5,5,3,5,3,4,4,5,5,3,3,4,3,5,3,3,5.4,6,21,416,923,PhD,0,Machine Learning Engineer,107867
5,2,0,4,5,1,1,0,4,1,4,0,3,2,2,5,4,1,0,5,4,4,2,1,5,3,5,1,2,1,5,0,0,3,1,1,5,2,5,2,3,1,2,0,4,5,2,2,4,3,4,3,5,3,5,5,5,5,4,5,5,4,4,13.3,16,45,831,2396,Associate's,1,Full-Stack Developer,132119
